{"loss": [0.498232364654541, 0.43347668647766113, 0.3230119049549103, 0.23175248503684998, 0.18463823199272156, 0.16171003878116608, 0.14837557077407837, 0.1413944661617279, 0.1355743557214737, 0.13125228881835938, 0.13023585081100464, 0.12779176235198975, 0.12792056798934937, 0.12488287687301636, 0.12469358742237091, 0.12423926591873169, 0.12414102256298065, 0.12340229749679565, 0.12429597228765488, 0.12237618863582611, 0.1228739470243454, 0.12235380709171295, 0.12199211865663528, 0.12084037810564041, 0.12430544942617416, 0.12104326486587524, 0.12069493532180786, 0.11952856928110123, 0.12067807465791702, 0.12066050618886948, 0.11966810375452042, 0.11965267360210419, 0.11972908675670624, 0.12111838907003403, 0.11859115213155746, 0.11964412778615952, 0.11894331127405167, 0.11889597028493881, 0.1181391030550003, 0.11921241879463196, 0.11989899724721909, 0.11791674792766571, 0.11873830854892731, 0.11743665486574173, 0.1202983558177948, 0.11978375166654587, 0.12002281844615936, 0.12009212374687195, 0.11827302724123001, 0.11669750511646271, 0.11754608154296875, 0.11831009387969971, 0.11638923734426498, 0.11776088178157806, 0.11720062047243118, 0.11891674250364304, 0.1166868507862091, 0.11805903911590576, 0.11698142439126968, 0.11742112040519714, 0.11917021125555038, 0.11674929410219193, 0.11635708808898926, 0.11775700747966766, 0.11809602379798889, 0.11810410022735596, 0.11683177202939987, 0.11651645600795746, 0.1168874204158783, 0.11531354486942291, 0.11669021099805832, 0.11734851449728012, 0.11662005633115768, 0.11591068655252457, 0.1188194751739502, 0.11633642762899399, 0.11606655269861221, 0.11663718521595001, 0.1178874671459198, 0.1155940592288971, 0.11545281112194061, 0.11598259955644608, 0.1158360093832016, 0.11703301221132278, 0.11636648327112198, 0.11610716581344604, 0.11874818056821823, 0.1157929003238678, 0.11495205760002136, 0.11520332843065262, 0.11566350609064102, 0.11514149606227875, 0.11616228520870209, 0.11477009952068329, 0.11435719579458237, 0.11522930860519409, 0.11554102599620819, 0.1150931864976883, 0.11445629596710205, 0.11435288190841675], "accuracy": [0.7994565367698669, 0.7998912930488586, 0.8517391085624695, 0.9232608675956726, 0.9463043212890625, 0.9492391347885132, 0.9538043737411499, 0.9551087021827698, 0.958152174949646, 0.9578260779380798, 0.9573913216590881, 0.9588043689727783, 0.9589130282402039, 0.9607608914375305, 0.960869550704956, 0.958695650100708, 0.9601086974143982, 0.958695650100708, 0.9591304063796997, 0.9609782695770264, 0.9614130258560181, 0.9595652222633362, 0.9594565033912659, 0.9617391228675842, 0.9583695530891418, 0.9610869288444519, 0.9618478417396545, 0.9616304636001587, 0.9615217447280884, 0.9622825980186462, 0.9619565010070801, 0.9610869288444519, 0.9620652198791504, 0.9607608914375305, 0.9620652198791504, 0.9613043665885925, 0.9626086950302124, 0.9615217447280884, 0.9621739387512207, 0.9624999761581421, 0.9617391228675842, 0.9619565010070801, 0.9623913168907166, 0.9623913168907166, 0.9623913168907166, 0.9624999761581421, 0.9606521725654602, 0.9618478417396545, 0.9627174139022827, 0.9631521701812744, 0.9619565010070801, 0.9627174139022827, 0.9630434513092041, 0.9630434513092041, 0.9619565010070801, 0.9626086950302124, 0.9630434513092041, 0.9623913168907166, 0.9613043665885925, 0.9621739387512207, 0.9614130258560181, 0.9631521701812744, 0.9635869860649109, 0.9627174139022827, 0.9618478417396545, 0.9627174139022827, 0.9614130258560181, 0.9622825980186462, 0.9623913168907166, 0.9634782671928406, 0.9622825980186462, 0.9624999761581421, 0.9622825980186462, 0.9635869860649109, 0.9614130258560181, 0.9617391228675842, 0.9622825980186462, 0.9631521701812744, 0.9622825980186462, 0.9628260731697083, 0.9622825980186462, 0.9629347920417786, 0.9629347920417786, 0.9631521701812744, 0.9615217447280884, 0.9622825980186462, 0.9616304636001587, 0.9630434513092041, 0.9632608890533447, 0.9629347920417786, 0.9630434513092041, 0.9629347920417786, 0.9615217447280884, 0.9622825980186462, 0.9621739387512207, 0.9640217423439026, 0.9630434513092041, 0.9621739387512207, 0.9629347920417786, 0.9639130234718323], "val_loss": [0.4717741310596466, 0.388694167137146, 0.27425751090049744, 0.21718505024909973, 0.17761331796646118, 0.16196361184120178, 0.1583614945411682, 0.14627781510353088, 0.14765936136245728, 0.1385468989610672, 0.13694389164447784, 0.140260711312294, 0.13717620074748993, 0.13496872782707214, 0.13326594233512878, 0.13373787701129913, 0.13633985817432404, 0.13991767168045044, 0.13253569602966309, 0.13185057044029236, 0.1322455257177353, 0.13381695747375488, 0.1316109299659729, 0.1481499820947647, 0.14841897785663605, 0.13099153339862823, 0.13186702132225037, 0.13213172554969788, 0.14896263182163239, 0.13068580627441406, 0.13750861585140228, 0.13200823962688446, 0.1336391568183899, 0.14933529496192932, 0.1340889185667038, 0.13067160546779633, 0.13061849772930145, 0.13419800996780396, 0.1318856030702591, 0.13029181957244873, 0.1370280534029007, 0.1344851851463318, 0.1354994922876358, 0.13243308663368225, 0.1390368491411209, 0.13259392976760864, 0.13009443879127502, 0.13144256174564362, 0.13157613575458527, 0.13068841397762299, 0.13030260801315308, 0.13304659724235535, 0.1328916996717453, 0.13627128303050995, 0.1308499127626419, 0.1380840390920639, 0.1321697235107422, 0.13405762612819672, 0.13808685541152954, 0.1321244239807129, 0.1440199464559555, 0.1332988739013672, 0.13251256942749023, 0.12994281947612762, 0.13148316740989685, 0.14405523240566254, 0.13247975707054138, 0.14020583033561707, 0.1315750926733017, 0.12942075729370117, 0.13107773661613464, 0.12983930110931396, 0.15557384490966797, 0.14123234152793884, 0.13840118050575256, 0.13278493285179138, 0.13014103472232819, 0.13040751218795776, 0.13446243107318878, 0.14806316792964935, 0.1298227310180664, 0.13015972077846527, 0.134576678276062, 0.13077273964881897, 0.1522049605846405, 0.1350947916507721, 0.12971243262290955, 0.12907499074935913, 0.1312262862920761, 0.13149651885032654, 0.127992644906044, 0.12801341712474823, 0.1284218281507492, 0.13279001414775848, 0.13992717862129211, 0.12886248528957367, 0.12766796350479126, 0.13134127855300903, 0.1300780475139618, 0.13781757652759552],