{"loss": [0.4887877404689789, 0.40816813707351685, 0.29597562551498413, 0.21949617564678192, 0.17797070741653442, 0.15899933874607086, 0.14531254768371582, 0.13923202455043793, 0.13506630063056946, 0.13291369378566742, 0.12856313586235046, 0.12884850800037384, 0.12776093184947968, 0.12615744769573212, 0.12417714297771454, 0.12508530914783478, 0.12478955090045929, 0.1250867247581482, 0.12444549798965454, 0.1233384907245636, 0.1235133558511734, 0.12170165032148361, 0.12311961501836777, 0.12123268097639084, 0.12041760236024857, 0.12327465415000916, 0.12075407803058624, 0.1219005137681961, 0.12182100862264633, 0.11920782923698425, 0.12215316295623779, 0.12166369706392288, 0.11987733095884323, 0.12170009315013885, 0.1202557384967804, 0.12060737609863281, 0.11881767213344574, 0.1196758896112442, 0.11861657351255417, 0.11802098900079727, 0.1221991628408432, 0.12054232507944107, 0.12077751010656357, 0.11839420348405838, 0.11828873306512833, 0.11873658746480942, 0.11830614507198334, 0.11778265982866287, 0.11964307725429535, 0.11914339661598206, 0.1193443238735199, 0.11776451021432877, 0.11912725120782852, 0.11964764446020126, 0.11894386261701584, 0.11861936002969742, 0.11808005720376968, 0.11888600140810013, 0.1173461526632309, 0.11802499741315842, 0.11674752831459045, 0.11738801747560501, 0.11818660795688629, 0.11912298947572708, 0.11814727634191513, 0.11782681941986084, 0.11664263159036636, 0.11775669455528259, 0.11834108084440231, 0.11568325012922287, 0.11618383228778839, 0.118241086602211, 0.11838400363922119, 0.11724994331598282, 0.1173768937587738, 0.11626946181058884, 0.11660566180944443, 0.11720899492502213, 0.11727341264486313, 0.11744523793458939, 0.11729402095079422, 0.11628344655036926, 0.11933158338069916, 0.1151525229215622, 0.11610312759876251, 0.11474357545375824, 0.11610063910484314, 0.11947663873434067, 0.11727505922317505, 0.11550690978765488, 0.11550270766019821, 0.11634952574968338, 0.11528096348047256, 0.11459195613861084, 0.11510397493839264, 0.1145428866147995, 0.11596766114234924, 0.11503825336694717, 0.11526020616292953, 0.11426010727882385], "accuracy": [0.7997826337814331, 0.802717387676239, 0.8785869479179382, 0.929347813129425, 0.945652186870575, 0.9518478512763977, 0.9556521773338318, 0.9554347991943359, 0.9578260779380798, 0.9564130306243896, 0.9589130282402039, 0.9579347968101501, 0.959782600402832, 0.9601086974143982, 0.9610869288444519, 0.960326075553894, 0.9610869288444519, 0.9594565033912659, 0.9591304063796997, 0.9610869288444519, 0.960869550704956, 0.9619565010070801, 0.960326075553894, 0.9596739411354065, 0.9618478417396545, 0.9601086974143982, 0.9610869288444519, 0.9622825980186462, 0.9609782695770264, 0.9610869288444519, 0.9605434536933899, 0.9601086974143982, 0.9610869288444519, 0.9615217447280884, 0.9609782695770264, 0.9627174139022827, 0.9619565010070801, 0.9627174139022827, 0.9620652198791504, 0.9624999761581421, 0.9604347944259644, 0.9611956477165222, 0.9616304636001587, 0.9617391228675842, 0.9619565010070801, 0.9621739387512207, 0.9616304636001587, 0.9628260731697083, 0.9607608914375305, 0.9618478417396545, 0.9619565010070801, 0.9619565010070801, 0.9631521701812744, 0.9611956477165222, 0.9617391228675842, 0.9614130258560181, 0.9614130258560181, 0.9621739387512207, 0.9634782671928406, 0.9627174139022827, 0.9630434513092041, 0.9626086950302124, 0.9613043665885925, 0.9601086974143982, 0.9617391228675842, 0.9629347920417786, 0.9627174139022827, 0.9629347920417786, 0.9624999761581421, 0.9624999761581421, 0.9631521701812744, 0.9610869288444519, 0.9622825980186462, 0.9609782695770264, 0.9622825980186462, 0.9627174139022827, 0.9628260731697083, 0.9622825980186462, 0.9630434513092041, 0.9616304636001587, 0.9615217447280884, 0.9629347920417786, 0.9604347944259644, 0.9639130234718323, 0.9621739387512207, 0.9630434513092041, 0.9630434513092041, 0.9615217447280884, 0.9614130258560181, 0.9621739387512207, 0.9621739387512207, 0.9624999761581421, 0.9631521701812744, 0.9628260731697083, 0.9635869860649109, 0.9634782671928406, 0.9627174139022827, 0.9633695483207703, 0.9632608890533447, 0.9618478417396545], "val_loss": [0.46329906582832336, 0.35692843794822693, 0.2568604648113251, 0.20045813918113708, 0.1770862489938736, 0.15792013704776764, 0.1561737060546875, 0.146370530128479, 0.14210960268974304, 0.14372436702251434, 0.13649608194828033, 0.1363484263420105, 0.13598085939884186, 0.13344086706638336, 0.13351161777973175, 0.13319095969200134, 0.1342112421989441, 0.1317511349916458, 0.1354907751083374, 0.13370999693870544, 0.1327006071805954, 0.13547876477241516, 0.1393994688987732, 0.13165247440338135, 0.1316942721605301, 0.13138799369335175, 0.13609570264816284, 0.13216960430145264, 0.13924898207187653, 0.14170989394187927, 0.1327037811279297, 0.13246114552021027, 0.13289199769496918, 0.13672111928462982, 0.13121189177036285, 0.13807162642478943, 0.14348042011260986, 0.1334603875875473, 0.1319957822561264, 0.13697586953639984, 0.1392005831003189, 0.1328776776790619, 0.1336040049791336, 0.13330510258674622, 0.13652347028255463, 0.13096633553504944, 0.1312793642282486, 0.13746368885040283, 0.1314348727464676, 0.13164664804935455, 0.13128918409347534, 0.13367050886154175, 0.13042767345905304, 0.1435624361038208, 0.1308859884738922, 0.13051123917102814, 0.1319139450788498, 0.1332671195268631, 0.13278046250343323, 0.1330355703830719, 0.13291263580322266, 0.1309613585472107, 0.13447444140911102, 0.13461343944072723, 0.1326500028371811, 0.13386723399162292, 0.1329757422208786, 0.1310224086046219, 0.13315370678901672, 0.13083554804325104, 0.14365679025650024, 0.13252079486846924, 0.12987934052944183, 0.13141539692878723, 0.1305137425661087, 0.12995688617229462, 0.13306692242622375, 0.13640917837619781, 0.1371205896139145, 0.14107657968997955, 0.12952996790409088, 0.1329658329486847, 0.14058050513267517, 0.13417886197566986, 0.13011810183525085, 0.13127818703651428, 0.12972161173820496, 0.13085487484931946, 0.1299833357334137, 0.13016377389431, 0.1302069127559662, 0.13031646609306335, 0.1299380362033844, 0.13179266452789307, 0.13210859894752502, 0.12974372506141663, 0.13664431869983673, 0.13019387423992157, 0.1307467818260193, 0.12919831275939941],