{"loss": [0.4916064441204071, 0.42618700861930847, 0.3141355812549591, 0.22721868753433228, 0.18172745406627655, 0.15932531654834747, 0.14648272097110748, 0.13910850882530212, 0.13568158447742462, 0.13259923458099365, 0.13010750710964203, 0.1292470544576645, 0.12745842337608337, 0.12510956823825836, 0.1264885663986206, 0.12461575865745544, 0.12252388149499893, 0.12471127510070801, 0.12443102151155472, 0.12329023331403732, 0.12423697859048843, 0.12132642418146133, 0.12121184170246124, 0.1212930977344513, 0.12254403531551361, 0.12025077641010284, 0.12034938484430313, 0.12010373175144196, 0.11995895951986313, 0.1210184395313263, 0.11943963170051575, 0.12176014482975006, 0.12046025693416595, 0.11863220483064651, 0.12015902251005173, 0.1176757961511612, 0.11859283596277237, 0.11908786743879318, 0.11911522597074509, 0.11900169402360916, 0.11984791606664658, 0.11893568187952042, 0.11720505356788635, 0.1211380809545517, 0.11932993680238724, 0.11862080544233322, 0.11918920278549194, 0.11847007274627686, 0.11996077746152878, 0.11804438382387161, 0.11862051486968994, 0.11889791488647461, 0.11842627823352814, 0.11714151501655579, 0.11684060841798782, 0.11779830604791641, 0.11790362745523453, 0.11795131862163544, 0.12035791575908661, 0.11637233197689056, 0.1188662201166153, 0.11849399656057358, 0.11969207972288132, 0.11710838228464127, 0.11609838157892227, 0.11705575883388519, 0.11900044232606888, 0.11635657399892807, 0.11873844265937805, 0.11824516952037811, 0.11770789325237274, 0.1170869916677475, 0.11838050186634064, 0.11714114248752594, 0.11815043538808823, 0.11571594327688217, 0.11684660613536835, 0.11612176150083542, 0.11714136600494385, 0.11605925112962723, 0.11527136713266373, 0.11731286346912384, 0.11596155911684036, 0.11583735048770905, 0.11555185168981552, 0.11838407814502716, 0.11535588651895523, 0.1161031574010849, 0.1160040944814682, 0.11511620879173279, 0.11557932943105698, 0.11981374025344849, 0.11407727748155594, 0.11503691226243973, 0.11459921300411224, 0.11529447138309479, 0.11561635136604309, 0.11725781112909317, 0.11463097482919693, 0.11369950324296951], "accuracy": [0.7997826337814331, 0.8013043403625488, 0.8629347681999207, 0.9263043403625488, 0.9440217614173889, 0.9516304135322571, 0.9561956524848938, 0.95652174949646, 0.95652174949646, 0.9593478441238403, 0.95923912525177, 0.9585869312286377, 0.9582608938217163, 0.9599999785423279, 0.959782600402832, 0.9601086974143982, 0.9601086974143982, 0.9601086974143982, 0.9591304063796997, 0.9596739411354065, 0.960326075553894, 0.9628260731697083, 0.9616304636001587, 0.9604347944259644, 0.9590217471122742, 0.9622825980186462, 0.9610869288444519, 0.960326075553894, 0.9606521725654602, 0.960869550704956, 0.9615217447280884, 0.9613043665885925, 0.9607608914375305, 0.9622825980186462, 0.9614130258560181, 0.9611956477165222, 0.9614130258560181, 0.9622825980186462, 0.9621739387512207, 0.9615217447280884, 0.9621739387512207, 0.9611956477165222, 0.9636956453323364, 0.9611956477165222, 0.9626086950302124, 0.9611956477165222, 0.9611956477165222, 0.9624999761581421, 0.9602174162864685, 0.9624999761581421, 0.9623913168907166, 0.9620652198791504, 0.9605434536933899, 0.9621739387512207, 0.9614130258560181, 0.9627174139022827, 0.9628260731697083, 0.9615217447280884, 0.960326075553894, 0.9619565010070801, 0.959782600402832, 0.9619565010070801, 0.9616304636001587, 0.9630434513092041, 0.9635869860649109, 0.9620652198791504, 0.9620652198791504, 0.9629347920417786, 0.9616304636001587, 0.9619565010070801, 0.9621739387512207, 0.9624999761581421, 0.9621739387512207, 0.9619565010070801, 0.9617391228675842, 0.9628260731697083, 0.9632608890533447, 0.9630434513092041, 0.9622825980186462, 0.9619565010070801, 0.9627174139022827, 0.9619565010070801, 0.9624999761581421, 0.9629347920417786, 0.9635869860649109, 0.960869550704956, 0.9630434513092041, 0.9629347920417786, 0.9620652198791504, 0.9629347920417786, 0.9636956453323364, 0.9602174162864685, 0.9620652198791504, 0.9622825980186462, 0.9635869860649109, 0.9619565010070801, 0.9619565010070801, 0.9616304636001587, 0.9638043642044067, 0.9638043642044067], "val_loss": [0.473296195268631, 0.37251538038253784, 0.26519861817359924, 0.2043633610010147, 0.18034499883651733, 0.1616440862417221, 0.1494400054216385, 0.1513521522283554, 0.14157730340957642, 0.1379058063030243, 0.13653875887393951, 0.13560041785240173, 0.13795094192028046, 0.1469254493713379, 0.13821358978748322, 0.13682912290096283, 0.13690097630023956, 0.13207225501537323, 0.13167987763881683, 0.1317046731710434, 0.137592613697052, 0.13148602843284607, 0.13668568432331085, 0.13240936398506165, 0.13154591619968414, 0.1313408464193344, 0.13465061783790588, 0.13258154690265656, 0.13286323845386505, 0.13211123645305634, 0.13090075552463531, 0.13357175886631012, 0.13266529142856598, 0.13141606748104095, 0.13436199724674225, 0.1338939368724823, 0.1309080570936203, 0.13200348615646362, 0.13449473679065704, 0.13271436095237732, 0.13115294277668, 0.131281316280365, 0.1328357458114624, 0.12996283173561096, 0.13126659393310547, 0.1385108083486557, 0.13079464435577393, 0.13833290338516235, 0.12995296716690063, 0.1428382247686386, 0.13845033943653107, 0.139512300491333, 0.12987181544303894, 0.13280682265758514, 0.13463665544986725, 0.13193245232105255, 0.1306724101305008, 0.1333344429731369, 0.13530929386615753, 0.1322414129972458, 0.1311347335577011, 0.1383562833070755, 0.13568751513957977, 0.13173606991767883, 0.1299774944782257, 0.13160037994384766, 0.1291385143995285, 0.13433323800563812, 0.13133427500724792, 0.13854727149009705, 0.1365010142326355, 0.13169889152050018, 0.14283356070518494, 0.1396082043647766, 0.1316763162612915, 0.1315147429704666, 0.12955622375011444, 0.13052229583263397, 0.13278192281723022, 0.12892217934131622, 0.1304480880498886, 0.1330525279045105, 0.12960974872112274, 0.13802750408649445, 0.13002800941467285, 0.13103795051574707, 0.13124200701713562, 0.12962180376052856, 0.13091157376766205, 0.12851957976818085, 0.1307259052991867, 0.1280672550201416, 0.1503656506538391, 0.13364312052726746, 0.13939444720745087, 0.13537567853927612, 0.13153985142707825, 0.12972354888916016, 0.1319534331560135, 0.12965160608291626],