{"loss": [0.49363160133361816, 0.44434767961502075, 0.36773622035980225, 0.2848864793777466, 0.22690774500370026, 0.19107092916965485, 0.17094701528549194, 0.1570862978696823, 0.14727850258350372, 0.14257822930812836, 0.13763099908828735, 0.13481910526752472, 0.1326230764389038, 0.13020893931388855, 0.12866713106632233, 0.12724678218364716, 0.12573553621768951, 0.12522383034229279, 0.12545429170131683, 0.12420397996902466, 0.12250714004039764, 0.12405550479888916, 0.12324017286300659, 0.12230386584997177, 0.12133826315402985, 0.12082254141569138, 0.11996327340602875, 0.12264212220907211, 0.1196792721748352, 0.1201230138540268, 0.12121687084436417, 0.1202525645494461, 0.11892899125814438, 0.12073508650064468, 0.11903128027915955, 0.11905206739902496, 0.11796142905950546, 0.11919659376144409, 0.11925406008958817, 0.11871234327554703, 0.11819624155759811, 0.11782781034708023, 0.11876656115055084, 0.11897078901529312, 0.1188015341758728, 0.12098333984613419, 0.11906711757183075, 0.1168464869260788, 0.1165885180234909, 0.11744574457406998, 0.11799710243940353, 0.11835242062807083, 0.11770743876695633, 0.11738943308591843, 0.11840657144784927, 0.11667557060718536, 0.11633044481277466, 0.11666035652160645, 0.11562259495258331, 0.11641861498355865, 0.11677712947130203, 0.11586297303438187, 0.1169053167104721, 0.11592389643192291, 0.11607793718576431, 0.11607345938682556, 0.11681275814771652, 0.1169872134923935, 0.11687027662992477, 0.11760079115629196, 0.11607914417982101, 0.11552636325359344, 0.11562736332416534, 0.11586819589138031, 0.11707226186990738, 0.11607266962528229, 0.11466991901397705, 0.11589320003986359, 0.11612750589847565, 0.11511611193418503, 0.11536991596221924, 0.11510227620601654, 0.11523500829935074, 0.1158100813627243, 0.11502007395029068, 0.11512481421232224, 0.1139160692691803, 0.11514364182949066, 0.11419587582349777, 0.11500866711139679, 0.11436817795038223, 0.11449524015188217, 0.11388207226991653, 0.11472141742706299, 0.11453241854906082, 0.1135266125202179, 0.11347191780805588, 0.11554446071386337, 0.11555222421884537, 0.11388776451349258], "accuracy": [0.7997826337814331, 0.7997826337814331, 0.8192391395568848, 0.8896738886833191, 0.925000011920929, 0.9405434727668762, 0.946739137172699, 0.9519565105438232, 0.9534782767295837, 0.9549999833106995, 0.9555434584617615, 0.9557608962059021, 0.9569565057754517, 0.957608699798584, 0.9588043689727783, 0.9589130282402039, 0.9599999785423279, 0.95923912525177, 0.9602174162864685, 0.9598913192749023, 0.959782600402832, 0.9596739411354065, 0.9596739411354065, 0.9599999785423279, 0.9606521725654602, 0.9607608914375305, 0.9619565010070801, 0.960869550704956, 0.960869550704956, 0.9623913168907166, 0.9606521725654602, 0.959782600402832, 0.9610869288444519, 0.9607608914375305, 0.9621739387512207, 0.9618478417396545, 0.9611956477165222, 0.9602174162864685, 0.9611956477165222, 0.9627174139022827, 0.9613043665885925, 0.9617391228675842, 0.9616304636001587, 0.9616304636001587, 0.9623913168907166, 0.9610869288444519, 0.9620652198791504, 0.9623913168907166, 0.9624999761581421, 0.9626086950302124, 0.9621739387512207, 0.9611956477165222, 0.9606521725654602, 0.9628260731697083, 0.9627174139022827, 0.9610869288444519, 0.9621739387512207, 0.9616304636001587, 0.9628260731697083, 0.9614130258560181, 0.9620652198791504, 0.9620652198791504, 0.9618478417396545, 0.9631521701812744, 0.9621739387512207, 0.9623913168907166, 0.9621739387512207, 0.9610869288444519, 0.9622825980186462, 0.960869550704956, 0.9626086950302124, 0.9624999761581421, 0.9626086950302124, 0.9623913168907166, 0.9617391228675842, 0.9631521701812744, 0.9641304612159729, 0.9626086950302124, 0.9619565010070801, 0.9618478417396545, 0.9620652198791504, 0.9620652198791504, 0.9629347920417786, 0.9627174139022827, 0.9628260731697083, 0.9626086950302124, 0.9621739387512207, 0.9628260731697083, 0.9624999761581421, 0.9632608890533447, 0.9630434513092041, 0.9623913168907166, 0.9629347920417786, 0.9629347920417786, 0.9626086950302124, 0.9628260731697083, 0.9636956453323364, 0.9629347920417786, 0.9624999761581421, 0.9638043642044067], "val_loss": [0.4693412780761719, 0.4148308336734772, 0.32675883173942566, 0.25772228837013245, 0.21144147217273712, 0.18522909283638, 0.16862665116786957, 0.1587417870759964, 0.1532081514596939, 0.14667128026485443, 0.14352010190486908, 0.14012256264686584, 0.1381993144750595, 0.14059700071811676, 0.13745474815368652, 0.14166374504566193, 0.13491718471050262, 0.13641877472400665, 0.13318511843681335, 0.13304513692855835, 0.1336074322462082, 0.13393031060695648, 0.13131830096244812, 0.1335379034280777, 0.13055676221847534, 0.13182516396045685, 0.1359177827835083, 0.13419340550899506, 0.13428723812103271, 0.13227052986621857, 0.1301792562007904, 0.13157862424850464, 0.13167792558670044, 0.13142570853233337, 0.13019433617591858, 0.13504359126091003, 0.13191461563110352, 0.1310126781463623, 0.13170738518238068, 0.12978321313858032, 0.12989972531795502, 0.13251276314258575, 0.13031433522701263, 0.13604584336280823, 0.1294712871313095, 0.12931443750858307, 0.13046245276927948, 0.1292937695980072, 0.12972392141819, 0.1322183907032013, 0.1314336657524109, 0.1294003129005432, 0.12967151403427124, 0.12951582670211792, 0.13232719898223877, 0.13001833856105804, 0.13489298522472382, 0.12946288287639618, 0.12981785833835602, 0.1298571228981018, 0.1304544061422348, 0.13094402849674225, 0.13107259571552277, 0.1332216113805771, 0.13056088984012604, 0.1333400160074234, 0.1369733214378357, 0.13092929124832153, 0.13120785355567932, 0.13820502161979675, 0.13108867406845093, 0.1355840116739273, 0.1297677904367447, 0.1435469537973404, 0.13377581536769867, 0.1305985003709793, 0.13162757456302643, 0.12996718287467957, 0.12937885522842407, 0.14513777196407318, 0.13224130868911743, 0.13116325438022614, 0.13256524503231049, 0.1288449764251709, 0.13035960495471954, 0.129389226436615, 0.12989357113838196, 0.12979257106781006, 0.1376836597919464, 0.13541607558727264, 0.13124990463256836, 0.13149236142635345, 0.13292400538921356, 0.12946420907974243, 0.12916740775108337, 0.12977853417396545, 0.1309976428747177, 0.13331039249897003, 0.13257566094398499, 0.12882830202579498],