{"loss": [0.48560357093811035, 0.3794640302658081, 0.25981754064559937, 0.19162803888320923, 0.16443926095962524, 0.14973090589046478, 0.14204125106334686, 0.13732556998729706, 0.13140715658664703, 0.1289600431919098, 0.12908868491649628, 0.12705035507678986, 0.12639488279819489, 0.12759535014629364, 0.1250249743461609, 0.12333858013153076, 0.12693287432193756, 0.12498698383569717, 0.12234790623188019, 0.12441066652536392, 0.1239122599363327, 0.12061799317598343, 0.12180116027593613, 0.12217096984386444, 0.12218935787677765, 0.1212567389011383, 0.12004203349351883, 0.12206120043992996, 0.12172254174947739, 0.12290036678314209, 0.12019569426774979, 0.12007953226566315, 0.1209130734205246, 0.12118319422006607, 0.12134842574596405, 0.12298949062824249, 0.11929817497730255, 0.12047471851110458, 0.1186666190624237, 0.1212817132472992, 0.11943214386701584, 0.1222878247499466, 0.11923716962337494, 0.12001939862966537, 0.11950188875198364, 0.11713986843824387, 0.11925698816776276, 0.1190653145313263, 0.11987850069999695, 0.11858674138784409, 0.11984429508447647, 0.11948242038488388, 0.12059134989976883, 0.12301754951477051, 0.11734812706708908, 0.12008275836706161, 0.11806385964155197, 0.11832640320062637, 0.1211853176355362, 0.11892489343881607, 0.11904691904783249, 0.11622979491949081, 0.11924837529659271, 0.11861520260572433, 0.11758372187614441, 0.11846417933702469, 0.11911825090646744, 0.11713246256113052, 0.11685080081224442, 0.11694347858428955, 0.11850512772798538, 0.11846335977315903, 0.11696174740791321, 0.11889036744832993, 0.11695556342601776, 0.11629053205251694, 0.11826345324516296, 0.11658168584108353, 0.11670480668544769, 0.11730463802814484, 0.1158781498670578, 0.11651746928691864, 0.11674290895462036, 0.11644056439399719, 0.11537215858697891, 0.11584309488534927, 0.11612426489591599, 0.11679279804229736, 0.11556591838598251, 0.11511874198913574, 0.11720328778028488, 0.11476422101259232, 0.1174665242433548, 0.11542732268571854, 0.11738400906324387, 0.1156151294708252, 0.11706097424030304, 0.11678960174322128, 0.11287815123796463, 0.11522912234067917], "accuracy": [0.7897825837135315, 0.813043475151062, 0.9051086902618408, 0.9413043260574341, 0.9491304159164429, 0.9539130330085754, 0.9566304087638855, 0.9558695554733276, 0.9567391276359558, 0.9590217471122742, 0.9589130282402039, 0.9604347944259644, 0.9598913192749023, 0.9589130282402039, 0.9604347944259644, 0.9614130258560181, 0.9591304063796997, 0.9589130282402039, 0.9598913192749023, 0.9599999785423279, 0.9599999785423279, 0.9628260731697083, 0.9619565010070801, 0.9611956477165222, 0.9614130258560181, 0.9605434536933899, 0.9613043665885925, 0.9595652222633362, 0.9618478417396545, 0.9606521725654602, 0.9614130258560181, 0.9640217423439026, 0.9598913192749023, 0.9607608914375305, 0.9619565010070801, 0.9609782695770264, 0.9617391228675842, 0.9609782695770264, 0.9621739387512207, 0.960869550704956, 0.9618478417396545, 0.9606521725654602, 0.9620652198791504, 0.9615217447280884, 0.9624999761581421, 0.9622825980186462, 0.9614130258560181, 0.9621739387512207, 0.9618478417396545, 0.9615217447280884, 0.9610869288444519, 0.9614130258560181, 0.9624999761581421, 0.9594565033912659, 0.9620652198791504, 0.9616304636001587, 0.9620652198791504, 0.9633695483207703, 0.959782600402832, 0.9627174139022827, 0.9615217447280884, 0.9633695483207703, 0.9610869288444519, 0.9611956477165222, 0.9632608890533447, 0.9621739387512207, 0.9607608914375305, 0.9614130258560181, 0.9628260731697083, 0.9627174139022827, 0.9618478417396545, 0.9615217447280884, 0.9631521701812744, 0.9605434536933899, 0.9630434513092041, 0.9626086950302124, 0.9624999761581421, 0.9624999761581421, 0.9616304636001587, 0.9626086950302124, 0.9632608890533447, 0.9622825980186462, 0.9618478417396545, 0.9614130258560181, 0.9623913168907166, 0.9627174139022827, 0.9634782671928406, 0.9627174139022827, 0.9633695483207703, 0.9635869860649109, 0.9635869860649109, 0.9634782671928406, 0.9614130258560181, 0.9620652198791504, 0.9622825980186462, 0.9618478417396545, 0.9629347920417786, 0.9626086950302124, 0.9635869860649109, 0.9624999761581421], "val_loss": [0.4418010413646698, 0.32439887523651123, 0.22098900377750397, 0.17879004776477814, 0.16072356700897217, 0.15072593092918396, 0.14439180493354797, 0.14039142429828644, 0.14728400111198425, 0.14181476831436157, 0.13667292892932892, 0.13473698496818542, 0.16361036896705627, 0.13360172510147095, 0.1331307739019394, 0.13382071256637573, 0.1343531608581543, 0.14744125306606293, 0.1510339230298996, 0.1340346336364746, 0.13467325270175934, 0.13887280225753784, 0.13434530794620514, 0.13211005926132202, 0.1465097814798355, 0.1322338730096817, 0.13239508867263794, 0.13683994114398956, 0.13183151185512543, 0.13289348781108856, 0.13186612725257874, 0.13261859118938446, 0.1429092139005661, 0.13184870779514313, 0.13983139395713806, 0.1346854716539383, 0.1346680372953415, 0.13632041215896606, 0.13271836936473846, 0.1412653774023056, 0.14060989022254944, 0.13243764638900757, 0.15376408398151398, 0.1350676715373993, 0.14770936965942383, 0.13093268871307373, 0.13495893776416779, 0.14236795902252197, 0.13203763961791992, 0.1321064531803131, 0.15688873827457428, 0.13719962537288666, 0.17395365238189697, 0.13810771703720093, 0.1313406229019165, 0.14905427396297455, 0.13144369423389435, 0.1402803510427475, 0.13263154029846191, 0.13475120067596436, 0.13011524081230164, 0.13759580254554749, 0.13944195210933685, 0.1298341602087021, 0.132405087351799, 0.13104303181171417, 0.13852174580097198, 0.13091309368610382, 0.12943756580352783, 0.13157834112644196, 0.12936852872371674, 0.13816815614700317, 0.13299454748630524, 0.13543516397476196, 0.13088317215442657, 0.1282457560300827, 0.13139091432094574, 0.1303638368844986, 0.12985727190971375, 0.1319332718849182, 0.12934379279613495, 0.12727294862270355, 0.13444402813911438, 0.13249146938323975, 0.13179108500480652, 0.13039512932300568, 0.12776394188404083, 0.12974366545677185, 0.12860077619552612, 0.1539287567138672, 0.12803295254707336, 0.13128598034381866, 0.12648934125900269, 0.1271110326051712, 0.13353414833545685, 0.1265900731086731, 0.1337365359067917, 0.12961816787719727, 0.13048182427883148, 0.12878379225730896],