{"loss": [0.49017396569252014, 0.42959436774253845, 0.34125515818595886, 0.2605242431163788, 0.20949244499206543, 0.17942385375499725, 0.16209588944911957, 0.15277481079101562, 0.14329276978969574, 0.13986042141914368, 0.13676969707012177, 0.13319946825504303, 0.13009949028491974, 0.12865321338176727, 0.1277947872877121, 0.12670861184597015, 0.12586058676242828, 0.12621697783470154, 0.12272880226373672, 0.12387879937887192, 0.12186554074287415, 0.12222287058830261, 0.12245089560747147, 0.12214621156454086, 0.12191799283027649, 0.12232164293527603, 0.12006821483373642, 0.12108127772808075, 0.12113313376903534, 0.12119053304195404, 0.11955878138542175, 0.1193569004535675, 0.12041325867176056, 0.12025374919176102, 0.1190069317817688, 0.11951147019863129, 0.1184595376253128, 0.11975844949483871, 0.11804000288248062, 0.11935374140739441, 0.11820710450410843, 0.11901278048753738, 0.11816006898880005, 0.11739442497491837, 0.11795196682214737, 0.11817792803049088, 0.11905552446842194, 0.11910898238420486, 0.11724682152271271, 0.11780527234077454, 0.1183946281671524, 0.11809933930635452, 0.11792321503162384, 0.11942167580127716, 0.11643408983945847, 0.11738620698451996, 0.11827567964792252, 0.11676596105098724, 0.11836942285299301, 0.11663912236690521, 0.11614759266376495, 0.11852877587080002, 0.11659364402294159, 0.11616630107164383, 0.11781338602304459, 0.11805243790149689, 0.11668866872787476, 0.11849495023488998, 0.11614974588155746, 0.11633433401584625, 0.11495205760002136, 0.11789728701114655, 0.11680199950933456, 0.11631858348846436, 0.11619370430707932, 0.11557820439338684, 0.11568843573331833, 0.11519012600183487, 0.11486034840345383, 0.11599969118833542, 0.11544407159090042, 0.11500301212072372, 0.1146673858165741, 0.11702023446559906, 0.11516877263784409, 0.11663206666707993, 0.11412753909826279, 0.1151067465543747, 0.11583627760410309, 0.11467654258012772, 0.1169353723526001, 0.11407426744699478, 0.11448300629854202, 0.11477251350879669, 0.1160118579864502, 0.11600746214389801, 0.11388889700174332, 0.11397754400968552, 0.11559274792671204, 0.11519928276538849], "accuracy": [0.7997826337814331, 0.7998912930488586, 0.8366304636001587, 0.9060869812965393, 0.9328261017799377, 0.9439130425453186, 0.9496738910675049, 0.9517391324043274, 0.9554347991943359, 0.9567391276359558, 0.9561956524848938, 0.9574999809265137, 0.9588043689727783, 0.9585869312286377, 0.9591304063796997, 0.960326075553894, 0.9584782719612122, 0.95923912525177, 0.9611956477165222, 0.9593478441238403, 0.9610869288444519, 0.9613043665885925, 0.9610869288444519, 0.960869550704956, 0.9621739387512207, 0.9596739411354065, 0.9611956477165222, 0.9610869288444519, 0.9617391228675842, 0.960326075553894, 0.9619565010070801, 0.9618478417396545, 0.9620652198791504, 0.9605434536933899, 0.9628260731697083, 0.9618478417396545, 0.9624999761581421, 0.9616304636001587, 0.9615217447280884, 0.9605434536933899, 0.9618478417396545, 0.9610869288444519, 0.9619565010070801, 0.9626086950302124, 0.9627174139022827, 0.9624999761581421, 0.9620652198791504, 0.9607608914375305, 0.9623913168907166, 0.9624999761581421, 0.9614130258560181, 0.9619565010070801, 0.9618478417396545, 0.9599999785423279, 0.9619565010070801, 0.9623913168907166, 0.9611956477165222, 0.9621739387512207, 0.9614130258560181, 0.9626086950302124, 0.9624999761581421, 0.9617391228675842, 0.9626086950302124, 0.9628260731697083, 0.9611956477165222, 0.9611956477165222, 0.9627174139022827, 0.9615217447280884, 0.9623913168907166, 0.9630434513092041, 0.9622825980186462, 0.9628260731697083, 0.9619565010070801, 0.9627174139022827, 0.9621739387512207, 0.9618478417396545, 0.9638043642044067, 0.9624999761581421, 0.9636956453323364, 0.9634782671928406, 0.9616304636001587, 0.9635869860649109, 0.9624999761581421, 0.9626086950302124, 0.9621739387512207, 0.9624999761581421, 0.9636956453323364, 0.9620652198791504, 0.9626086950302124, 0.9623913168907166, 0.9623913168907166, 0.9630434513092041, 0.9640217423439026, 0.9642391204833984, 0.9620652198791504, 0.9628260731697083, 0.9638043642044067, 0.9626086950302124, 0.9621739387512207, 0.9629347920417786], "val_loss": [0.46422070264816284, 0.3876899182796478, 0.30079251527786255, 0.2358465939760208, 0.19887197017669678, 0.17883820831775665, 0.16135932505130768, 0.15577147901058197, 0.14773543179035187, 0.14342059195041656, 0.14097800850868225, 0.13998964428901672, 0.14033815264701843, 0.13571952283382416, 0.1371200829744339, 0.1339665651321411, 0.13331663608551025, 0.13445156812667847, 0.13718287646770477, 0.13160556554794312, 0.13170844316482544, 0.13162082433700562, 0.1330079883337021, 0.13086044788360596, 0.1362583339214325, 0.13158021867275238, 0.13287007808685303, 0.130372554063797, 0.13428667187690735, 0.1305563896894455, 0.13329583406448364, 0.13152281939983368, 0.13188719749450684, 0.12971432507038116, 0.13255196809768677, 0.14044490456581116, 0.1376332938671112, 0.1310528963804245, 0.13602133095264435, 0.1422262191772461, 0.13201434910297394, 0.12988772988319397, 0.1295202076435089, 0.13674737513065338, 0.12996554374694824, 0.13150787353515625, 0.1292632520198822, 0.13018004596233368, 0.13142822682857513, 0.12971371412277222, 0.13283047080039978, 0.1336120069026947, 0.1315654218196869, 0.129512757062912, 0.1310141533613205, 0.12992624938488007, 0.12943288683891296, 0.1481487900018692, 0.1308521181344986, 0.12943963706493378, 0.12963855266571045, 0.1288764923810959, 0.12893730401992798, 0.1342039853334427, 0.12928973138332367, 0.12858141958713531, 0.13047942519187927, 0.12901178002357483, 0.12870892882347107, 0.12997832894325256, 0.13115201890468597, 0.13647307455539703, 0.12922944128513336, 0.1305972784757614, 0.13503479957580566, 0.13025401532649994, 0.12918098270893097, 0.1309686154127121, 0.13167428970336914, 0.13264717161655426, 0.15675882995128632, 0.13072404265403748, 0.15160325169563293, 0.12768560647964478, 0.1275613009929657, 0.136830672621727, 0.12713181972503662, 0.1353655457496643, 0.1280350536108017, 0.12754669785499573, 0.13557901978492737, 0.1306668370962143, 0.1342509239912033, 0.12894317507743835, 0.13917000591754913, 0.1274321973323822, 0.13098786771297455, 0.14587701857089996, 0.12929341197013855, 0.13081353902816772],