{"loss": [0.4813833236694336, 0.3774617910385132, 0.25216585397720337, 0.18645510077476501, 0.16025836765766144, 0.14669832587242126, 0.13758578896522522, 0.13626471161842346, 0.1307055652141571, 0.13105855882167816, 0.12730610370635986, 0.12691517174243927, 0.12708784639835358, 0.12659694254398346, 0.12479943037033081, 0.12443763762712479, 0.12396785616874695, 0.1259053349494934, 0.12379088997840881, 0.12596958875656128, 0.12344572693109512, 0.12168025970458984, 0.1221260130405426, 0.12298079580068588, 0.12078288197517395, 0.12200494110584259, 0.12113366276025772, 0.12278512865304947, 0.12225968390703201, 0.12224350869655609, 0.12087973207235336, 0.1211310625076294, 0.12102199345827103, 0.11949091404676437, 0.12217938154935837, 0.11995688080787659, 0.12212057411670685, 0.12043978273868561, 0.11966259777545929, 0.12266106903553009, 0.12155769765377045, 0.11918358504772186, 0.12073750048875809, 0.12020844966173172, 0.12104178965091705, 0.11767826229333878, 0.11937438696622849, 0.1200413852930069, 0.1184278130531311, 0.11837044358253479, 0.12023917585611343, 0.12091315537691116, 0.11867443472146988, 0.11889616400003433, 0.1182924211025238, 0.11816492676734924, 0.1179804801940918, 0.11879240721464157, 0.11844196915626526, 0.11696765571832657, 0.1170864999294281, 0.11784214526414871, 0.1158585399389267, 0.11942877620458603, 0.11867580562829971, 0.11867357045412064, 0.11665592342615128, 0.11657983064651489, 0.11630965769290924, 0.1170508861541748, 0.11630644649267197, 0.12010734528303146, 0.12056577950716019, 0.11799004673957825, 0.11681734770536423, 0.11638673394918442, 0.11529108136892319, 0.11750749498605728, 0.11710771918296814, 0.1162530779838562, 0.11508578062057495, 0.11567214131355286, 0.11660416424274445, 0.11451491713523865, 0.11680041998624802, 0.11590367555618286, 0.11483846604824066, 0.11647937446832657, 0.1159714013338089, 0.11498819291591644, 0.11547473073005676, 0.11665628105401993, 0.11641308665275574, 0.11689937114715576, 0.11438966542482376, 0.11333027482032776, 0.11705995351076126, 0.11387049406766891, 0.11402960866689682, 0.11527366191148758], "accuracy": [0.7997826337814331, 0.8161956667900085, 0.9111956357955933, 0.9438043236732483, 0.949999988079071, 0.9548913240432739, 0.9589130282402039, 0.9574999809265137, 0.9591304063796997, 0.957065224647522, 0.9589130282402039, 0.9590217471122742, 0.9599999785423279, 0.958695650100708, 0.9607608914375305, 0.9602174162864685, 0.9604347944259644, 0.9602174162864685, 0.9609782695770264, 0.9602174162864685, 0.9604347944259644, 0.9604347944259644, 0.9605434536933899, 0.9610869288444519, 0.9615217447280884, 0.9615217447280884, 0.9615217447280884, 0.9609782695770264, 0.95923912525177, 0.9605434536933899, 0.9616304636001587, 0.9606521725654602, 0.9622825980186462, 0.9632608890533447, 0.960869550704956, 0.9614130258560181, 0.9619565010070801, 0.9614130258560181, 0.9622825980186462, 0.9620652198791504, 0.9607608914375305, 0.9610869288444519, 0.9629347920417786, 0.9619565010070801, 0.9616304636001587, 0.9623913168907166, 0.9606521725654602, 0.9621739387512207, 0.9614130258560181, 0.9631521701812744, 0.9617391228675842, 0.9615217447280884, 0.9617391228675842, 0.9604347944259644, 0.9611956477165222, 0.9631521701812744, 0.9616304636001587, 0.9622825980186462, 0.9611956477165222, 0.9617391228675842, 0.9618478417396545, 0.9617391228675842, 0.9633695483207703, 0.9615217447280884, 0.9611956477165222, 0.9607608914375305, 0.9622825980186462, 0.9622825980186462, 0.9626086950302124, 0.9618478417396545, 0.9628260731697083, 0.9611956477165222, 0.9620652198791504, 0.9627174139022827, 0.9642391204833984, 0.9649999737739563, 0.9628260731697083, 0.9626086950302124, 0.9630434513092041, 0.9623913168907166, 0.9628260731697083, 0.9627174139022827, 0.9626086950302124, 0.9641304612159729, 0.9643478393554688, 0.9627174139022827, 0.9636956453323364, 0.9615217447280884, 0.9626086950302124, 0.9624999761581421, 0.9620652198791504, 0.9618478417396545, 0.9628260731697083, 0.9619565010070801, 0.9633695483207703, 0.9640217423439026, 0.9622825980186462, 0.9629347920417786, 0.9631521701812744, 0.9615217447280884], "val_loss": [0.43960604071617126, 0.312351793050766, 0.23013712465763092, 0.17962366342544556, 0.15647614002227783, 0.15658411383628845, 0.1517314463853836, 0.16894640028476715, 0.139205664396286, 0.13730494678020477, 0.13568444550037384, 0.13486135005950928, 0.14230316877365112, 0.16883234679698944, 0.1353166252374649, 0.1357947438955307, 0.14353959262371063, 0.1364906281232834, 0.13224409520626068, 0.14839065074920654, 0.13198398053646088, 0.14254975318908691, 0.13302044570446014, 0.13271930813789368, 0.13530626893043518, 0.13993917405605316, 0.13106441497802734, 0.13871176540851593, 0.1457607001066208, 0.1341823935508728, 0.13199327886104584, 0.13199089467525482, 0.13145124912261963, 0.13340389728546143, 0.13391168415546417, 0.1331745833158493, 0.13711737096309662, 0.13169513642787933, 0.13224910199642181, 0.1363299936056137, 0.13151584565639496, 0.13189548254013062, 0.1324809193611145, 0.1310451626777649, 0.13198192417621613, 0.15584681928157806, 0.1324358582496643, 0.13566680252552032, 0.13550575077533722, 0.14027847349643707, 0.13983875513076782, 0.1322048306465149, 0.14125804603099823, 0.13612227141857147, 0.12979978322982788, 0.1304645836353302, 0.14147698879241943, 0.12927386164665222, 0.12918633222579956, 0.13125033676624298, 0.12951426208019257, 0.14516353607177734, 0.132146418094635, 0.13076764345169067, 0.13974395394325256, 0.1370965540409088, 0.14129093289375305, 0.13039982318878174, 0.12979845702648163, 0.15363876521587372, 0.15945501625537872, 0.13104699552059174, 0.1341724544763565, 0.13451500236988068, 0.1307603418827057, 0.1285172700881958, 0.13177490234375, 0.13009585440158844, 0.12928052246570587, 0.13368557393550873, 0.12956829369068146, 0.12845084071159363, 0.12874211370944977, 0.13182486593723297, 0.1279364675283432, 0.14016841351985931, 0.12966562807559967, 0.13131321966648102, 0.12695062160491943, 0.1302310675382614, 0.13117603957653046, 0.1277438849210739, 0.13152775168418884, 0.12589414417743683, 0.12511561810970306, 0.1265978217124939, 0.12505657970905304, 0.13356296718120575, 0.13285480439662933, 0.1274535208940506],