{"loss": [0.48645541071891785, 0.40363696217536926, 0.29487407207489014, 0.21621772646903992, 0.1782514601945877, 0.15668445825576782, 0.14653947949409485, 0.13815198838710785, 0.13715164363384247, 0.13113228976726532, 0.12961310148239136, 0.12876735627651215, 0.1268063336610794, 0.1255798637866974, 0.1249043345451355, 0.1258755922317505, 0.1247851550579071, 0.12456566840410233, 0.12254156917333603, 0.12228814512491226, 0.12372084707021713, 0.12269353121519089, 0.12294596433639526, 0.12087317556142807, 0.12157851457595825, 0.12110096961259842, 0.12192114442586899, 0.12070903182029724, 0.11893831938505173, 0.11855865269899368, 0.12116756290197372, 0.11934889853000641, 0.1197831928730011, 0.11913472414016724, 0.11986001580953598, 0.11962525546550751, 0.11832235753536224, 0.12026087194681168, 0.11975178867578506, 0.11924165487289429, 0.11792269349098206, 0.11907428503036499, 0.12001632153987885, 0.11794582009315491, 0.11734788864850998, 0.11820732057094574, 0.1191185861825943, 0.11826483905315399, 0.11668302863836288, 0.11787774413824081, 0.11709418147802353, 0.1176024079322815, 0.11807022988796234, 0.11731220036745071, 0.1166083961725235, 0.11756777763366699, 0.11668479442596436, 0.11720532923936844, 0.11587981134653091, 0.11590797454118729, 0.11515273153781891, 0.11688492447137833, 0.11669827997684479, 0.1155879944562912, 0.11581237614154816, 0.11724033206701279, 0.11645572632551193, 0.11612746864557266, 0.11611708998680115, 0.11567757278680801, 0.11549483239650726, 0.11499910801649094, 0.1151457279920578, 0.11381576210260391, 0.11524107307195663, 0.11425118148326874, 0.11469685286283493, 0.11426732689142227, 0.11361166089773178, 0.11534900218248367, 0.11344779282808304, 0.1143237054347992, 0.116162970662117, 0.11315979063510895, 0.11504008620977402, 0.11335684359073639, 0.11280671507120132, 0.11360802501440048, 0.11353880167007446, 0.11322663724422455, 0.11506134271621704, 0.11489064246416092, 0.11426935344934464, 0.11282560974359512, 0.1151266098022461, 0.11398645490407944, 0.11295626312494278, 0.1116587370634079, 0.11274838447570801, 0.11200110614299774], "accuracy": [0.7997826337814331, 0.8053261041641235, 0.8807608485221863, 0.9301086664199829, 0.9460869431495667, 0.9529348015785217, 0.9542391300201416, 0.958152174949646, 0.9572826027870178, 0.9580434560775757, 0.9585869312286377, 0.9589130282402039, 0.9591304063796997, 0.9596739411354065, 0.958695650100708, 0.9574999809265137, 0.9605434536933899, 0.9605434536933899, 0.960869550704956, 0.9611956477165222, 0.9614130258560181, 0.9604347944259644, 0.960869550704956, 0.960869550704956, 0.9599999785423279, 0.960869550704956, 0.959782600402832, 0.9610869288444519, 0.9613043665885925, 0.960869550704956, 0.9602174162864685, 0.9623913168907166, 0.9623913168907166, 0.9627174139022827, 0.9624999761581421, 0.9615217447280884, 0.9621739387512207, 0.960869550704956, 0.9628260731697083, 0.9611956477165222, 0.9619565010070801, 0.9614130258560181, 0.9607608914375305, 0.9617391228675842, 0.9618478417396545, 0.9620652198791504, 0.9619565010070801, 0.9638043642044067, 0.9634782671928406, 0.9614130258560181, 0.9626086950302124, 0.9618478417396545, 0.9624999761581421, 0.9621739387512207, 0.9627174139022827, 0.9626086950302124, 0.9629347920417786, 0.9629347920417786, 0.9632608890533447, 0.9623913168907166, 0.9636956453323364, 0.9617391228675842, 0.9609782695770264, 0.9629347920417786, 0.9634782671928406, 0.9633695483207703, 0.9623913168907166, 0.9611956477165222, 0.9620652198791504, 0.9634782671928406, 0.9636956453323364, 0.9631521701812744, 0.9624999761581421, 0.9636956453323364, 0.9632608890533447, 0.9639130234718323, 0.9635869860649109, 0.9638043642044067, 0.9634782671928406, 0.9621739387512207, 0.9638043642044067, 0.9635869860649109, 0.9618478417396545, 0.9633695483207703, 0.9624999761581421, 0.9641304612159729, 0.9636956453323364, 0.9626086950302124, 0.9620652198791504, 0.9645652174949646, 0.9631521701812744, 0.9623913168907166, 0.9633695483207703, 0.9633695483207703, 0.9623913168907166, 0.9630434513092041, 0.9641304612159729, 0.9635869860649109, 0.9647825956344604, 0.9645652174949646], "val_loss": [0.45161283016204834, 0.354225754737854, 0.2537841200828552, 0.19713257253170013, 0.17149518430233002, 0.16269995272159576, 0.1478499472141266, 0.15216287970542908, 0.1395030915737152, 0.1383073925971985, 0.13603314757347107, 0.1352161318063736, 0.13764239847660065, 0.13801027834415436, 0.13425767421722412, 0.13885396718978882, 0.1336793154478073, 0.13386856019496918, 0.13278913497924805, 0.1318230777978897, 0.1358814239501953, 0.13127651810646057, 0.13145403563976288, 0.13470228016376495, 0.1299019157886505, 0.13135917484760284, 0.13054302334785461, 0.13126397132873535, 0.13064678013324738, 0.13437871634960175, 0.13403433561325073, 0.15370498597621918, 0.13536690175533295, 0.13120989501476288, 0.13059523701667786, 0.13030076026916504, 0.13038629293441772, 0.13088445365428925, 0.13135093450546265, 0.13309475779533386, 0.1306663155555725, 0.13743199408054352, 0.13569490611553192, 0.1344051957130432, 0.1316642463207245, 0.13021954894065857, 0.13046377897262573, 0.13390155136585236, 0.14089715480804443, 0.12857940793037415, 0.13017401099205017, 0.13070237636566162, 0.13582681119441986, 0.1284639686346054, 0.1288217157125473, 0.13096319139003754, 0.1388898640871048, 0.1477559357881546, 0.13699311017990112, 0.16056948900222778, 0.13075298070907593, 0.128901869058609, 0.1298374980688095, 0.1324772983789444, 0.12961789965629578, 0.15729816257953644, 0.13330121338367462, 0.12851618230342865, 0.12895356118679047, 0.12831483781337738, 0.12850074470043182, 0.1343042254447937, 0.13135233521461487, 0.13669012486934662, 0.14269781112670898, 0.12694497406482697, 0.1279839128255844, 0.12802423536777496, 0.13134466111660004, 0.12720412015914917, 0.13037188351154327, 0.129072904586792, 0.1398291289806366, 0.1442667841911316, 0.12557540833950043, 0.14343029260635376, 0.12761910259723663, 0.12561896443367004, 0.13443678617477417, 0.12988032400608063, 0.12855423986911774, 0.13591454923152924, 0.12564978003501892, 0.13605982065200806, 0.13515612483024597, 0.1276891827583313, 0.12790066003799438, 0.12900310754776, 0.12596313655376434, 0.12621447443962097],