{"loss": [0.5055573582649231, 0.42870378494262695, 0.3211413621902466, 0.2341405749320984, 0.1870550811290741, 0.16341333091259003, 0.15053240954875946, 0.14111579954624176, 0.13571026921272278, 0.13388270139694214, 0.1319231539964676, 0.1296793520450592, 0.12769721448421478, 0.12778566777706146, 0.12438881397247314, 0.12453103810548782, 0.12538683414459229, 0.12521030008792877, 0.12279406934976578, 0.12520775198936462, 0.12198713421821594, 0.12188158184289932, 0.12209520488977432, 0.1218951940536499, 0.12223921716213226, 0.12092075496912003, 0.12302393466234207, 0.12054910510778427, 0.12117801606655121, 0.12211931496858597, 0.12228158861398697, 0.11939951032400131, 0.11916672438383102, 0.12025868147611618, 0.11997760087251663, 0.1196620911359787, 0.11945655196905136, 0.11953653395175934, 0.12041568756103516, 0.11852062493562698, 0.11773904412984848, 0.1210779994726181, 0.12140624970197678, 0.11936330795288086, 0.11859331279993057, 0.12038151174783707, 0.11878228187561035, 0.11973436176776886, 0.1189044862985611, 0.11974598467350006, 0.11759311705827713, 0.11752762645483017, 0.11915197223424911, 0.12095852941274643, 0.11866242438554764, 0.1183987706899643, 0.11814552545547485, 0.11779161542654037, 0.11969125270843506, 0.11872287839651108, 0.11931880563497543, 0.11645910888910294, 0.1160469502210617, 0.11897767335176468, 0.11908342689275742, 0.11671595275402069, 0.11677410453557968, 0.11702507734298706, 0.11715763062238693, 0.11645038425922394, 0.11557776480913162, 0.11752677708864212, 0.11668888479471207, 0.11785278469324112, 0.1167878806591034, 0.11686322093009949, 0.11597798019647598, 0.11603493243455887, 0.11600761115550995, 0.11637672781944275, 0.1166975200176239, 0.11798928678035736, 0.11705846339464188, 0.11511340737342834, 0.1162109375, 0.11617124825716019, 0.11536558717489243, 0.1176539957523346, 0.11675246804952621, 0.11527854949235916, 0.11591076105833054, 0.1170608252286911, 0.11689352244138718, 0.11444652080535889, 0.11506690084934235, 0.11530553549528122, 0.11469688266515732, 0.11440590023994446, 0.11602628231048584, 0.1148349940776825], "accuracy": [0.7764130234718323, 0.8003261089324951, 0.85597825050354, 0.9220651984214783, 0.9428260922431946, 0.9486956596374512, 0.9528260827064514, 0.9553260803222656, 0.9577174186706543, 0.9571738839149475, 0.9582608938217163, 0.9568478465080261, 0.959782600402832, 0.959782600402832, 0.9598913192749023, 0.95923912525177, 0.960326075553894, 0.9601086974143982, 0.9602174162864685, 0.9601086974143982, 0.960326075553894, 0.9613043665885925, 0.9615217447280884, 0.9605434536933899, 0.9607608914375305, 0.9598913192749023, 0.9601086974143982, 0.9609782695770264, 0.9611956477165222, 0.9611956477165222, 0.9611956477165222, 0.9615217447280884, 0.9619565010070801, 0.9614130258560181, 0.9616304636001587, 0.9617391228675842, 0.9628260731697083, 0.9619565010070801, 0.960869550704956, 0.9623913168907166, 0.9619565010070801, 0.9613043665885925, 0.9602174162864685, 0.9624999761581421, 0.9640217423439026, 0.9602174162864685, 0.9623913168907166, 0.9614130258560181, 0.9619565010070801, 0.9620652198791504, 0.9640217423439026, 0.9620652198791504, 0.9621739387512207, 0.9614130258560181, 0.9629347920417786, 0.9623913168907166, 0.9618478417396545, 0.9615217447280884, 0.9617391228675842, 0.9619565010070801, 0.9621739387512207, 0.9622825980186462, 0.9629347920417786, 0.9610869288444519, 0.9609782695770264, 0.9629347920417786, 0.9635869860649109, 0.9629347920417786, 0.9629347920417786, 0.9634782671928406, 0.9633695483207703, 0.9620652198791504, 0.9631521701812744, 0.9627174139022827, 0.9618478417396545, 0.9619565010070801, 0.9634782671928406, 0.9640217423439026, 0.9620652198791504, 0.9635869860649109, 0.9613043665885925, 0.9620652198791504, 0.9624999761581421, 0.9618478417396545, 0.9634782671928406, 0.9626086950302124, 0.9638043642044067, 0.9638043642044067, 0.9595652222633362, 0.9615217447280884, 0.9621739387512207, 0.9610869288444519, 0.9621739387512207, 0.9631521701812744, 0.9635869860649109, 0.9630434513092041, 0.9626086950302124, 0.9626086950302124, 0.9627174139022827, 0.9630434513092041], "val_loss": [0.46749523282051086, 0.3830393850803375, 0.28444501757621765, 0.2096957415342331, 0.1843189299106598, 0.16587725281715393, 0.15187561511993408, 0.14671693742275238, 0.15522530674934387, 0.14612647891044617, 0.13776326179504395, 0.14172996580600739, 0.13744163513183594, 0.13489314913749695, 0.1341569572687149, 0.1400948315858841, 0.13624799251556396, 0.1339797079563141, 0.1338346004486084, 0.13264666497707367, 0.1327672302722931, 0.1332431137561798, 0.1319936215877533, 0.133379727602005, 0.13595174252986908, 0.1315377652645111, 0.13147039711475372, 0.13364821672439575, 0.13216489553451538, 0.14507058262825012, 0.13811831176280975, 0.13177353143692017, 0.13290640711784363, 0.13197457790374756, 0.154137521982193, 0.13178446888923645, 0.13373081386089325, 0.13518743216991425, 0.1319471150636673, 0.1389409303665161, 0.15475766360759735, 0.1321008950471878, 0.13809834420681, 0.13109058141708374, 0.14850863814353943, 0.13642089068889618, 0.1564103215932846, 0.13219140470027924, 0.13924585282802582, 0.130895733833313, 0.12975536286830902, 0.13108056783676147, 0.1356155425310135, 0.14845547080039978, 0.1366441696882248, 0.13157649338245392, 0.13324785232543945, 0.13644924759864807, 0.13262629508972168, 0.12995599210262299, 0.12979738414287567, 0.13050861656665802, 0.1336505264043808, 0.13129550218582153, 0.12913523614406586, 0.12928876280784607, 0.13078109920024872, 0.13539011776447296, 0.13426928222179413, 0.12917254865169525, 0.1393551379442215, 0.13561947643756866, 0.13045509159564972, 0.14405779540538788, 0.13119490444660187, 0.13014155626296997, 0.12836435437202454, 0.12996885180473328, 0.1305135190486908, 0.1286606788635254, 0.1365777552127838, 0.13528764247894287, 0.12938909232616425, 0.13641506433486938, 0.13081736862659454, 0.12907728552818298, 0.12894153594970703, 0.1286221742630005, 0.13088397681713104, 0.130916029214859, 0.13194990158081055, 0.13282053172588348, 0.1288796365261078, 0.12923410534858704, 0.13156060874462128, 0.1322833150625229, 0.12694664299488068, 0.13052324950695038, 0.12966006994247437, 0.12833227217197418],