{"loss": [0.5003083944320679, 0.4423297047615051, 0.3498879671096802, 0.2617456018924713, 0.20674429833889008, 0.17522987723350525, 0.15783491730690002, 0.14863859117031097, 0.14076045155525208, 0.135348379611969, 0.13319003582000732, 0.1295090764760971, 0.12867498397827148, 0.127643421292305, 0.12570923566818237, 0.12486886978149414, 0.12462504208087921, 0.12366452068090439, 0.12360268086194992, 0.12224109470844269, 0.122227743268013, 0.12462285906076431, 0.12189284712076187, 0.12421812862157822, 0.12129095941781998, 0.12089928984642029, 0.1228102445602417, 0.1206093281507492, 0.11952948570251465, 0.12117750197649002, 0.12013941258192062, 0.12041303515434265, 0.11968406289815903, 0.11856349557638168, 0.11974634230136871, 0.11959381401538849, 0.11889517307281494, 0.1190028041601181, 0.11854787915945053, 0.11818873137235641, 0.12017261236906052, 0.11845269054174423, 0.11684317886829376, 0.11744502931833267, 0.11877261102199554, 0.11739315092563629, 0.11664220690727234, 0.11704111099243164, 0.11762203276157379, 0.11659747362136841, 0.11821984499692917, 0.11763115972280502, 0.1181221604347229, 0.11629613488912582, 0.11687364429235458, 0.11671777814626694, 0.11693260818719864, 0.11749403923749924, 0.11794435977935791, 0.11591952294111252, 0.11614837497472763, 0.11788851767778397, 0.11674267053604126, 0.11671867221593857, 0.11688232421875, 0.11597445607185364, 0.11521938443183899, 0.11501946300268173, 0.11591795831918716, 0.11546701192855835, 0.11669483780860901, 0.11498159915208817, 0.11594606935977936, 0.11548975110054016, 0.11516805738210678, 0.11522592604160309, 0.11645446717739105, 0.11544708162546158, 0.11366424709558487, 0.1142011433839798, 0.11450105160474777, 0.11647487431764603, 0.11620534956455231, 0.11471304297447205, 0.11489443480968475, 0.11348318308591843, 0.11574534326791763, 0.11264587193727493, 0.11295878887176514, 0.11394128203392029, 0.11624385416507721, 0.1135970801115036, 0.1146368682384491, 0.11353252828121185, 0.11355000734329224, 0.11401266604661942, 0.11472344398498535, 0.11269604414701462, 0.11450208723545074, 0.11351779848337173], "accuracy": [0.7935869693756104, 0.7997826337814331, 0.8323913216590881, 0.9039130210876465, 0.9338043332099915, 0.946739137172699, 0.9515217542648315, 0.9527173638343811, 0.95652174949646, 0.9567391276359558, 0.9579347968101501, 0.9582608938217163, 0.9585869312286377, 0.958695650100708, 0.9598913192749023, 0.9593478441238403, 0.9605434536933899, 0.9598913192749023, 0.9598913192749023, 0.960326075553894, 0.9609782695770264, 0.9588043689727783, 0.9605434536933899, 0.960326075553894, 0.9605434536933899, 0.9618478417396545, 0.9589130282402039, 0.9602174162864685, 0.9611956477165222, 0.9606521725654602, 0.9615217447280884, 0.9610869288444519, 0.9611956477165222, 0.9621739387512207, 0.960869550704956, 0.9613043665885925, 0.9624999761581421, 0.960869550704956, 0.9620652198791504, 0.9613043665885925, 0.9609782695770264, 0.9623913168907166, 0.9627174139022827, 0.9627174139022827, 0.9613043665885925, 0.9619565010070801, 0.9628260731697083, 0.9620652198791504, 0.9619565010070801, 0.9628260731697083, 0.9609782695770264, 0.9627174139022827, 0.9626086950302124, 0.9609782695770264, 0.9629347920417786, 0.9629347920417786, 0.9622825980186462, 0.9609782695770264, 0.9616304636001587, 0.9627174139022827, 0.9622825980186462, 0.9628260731697083, 0.9622825980186462, 0.9619565010070801, 0.9614130258560181, 0.9632608890533447, 0.9633695483207703, 0.9629347920417786, 0.9622825980186462, 0.9621739387512207, 0.9622825980186462, 0.9628260731697083, 0.9621739387512207, 0.9630434513092041, 0.9638043642044067, 0.9629347920417786, 0.9615217447280884, 0.9622825980186462, 0.9610869288444519, 0.9630434513092041, 0.9629347920417786, 0.9635869860649109, 0.9633695483207703, 0.9635869860649109, 0.9628260731697083, 0.9627174139022827, 0.9622825980186462, 0.9640217423439026, 0.9645652174949646, 0.9623913168907166, 0.9620652198791504, 0.9626086950302124, 0.9627174139022827, 0.9631521701812744, 0.9633695483207703, 0.9641304612159729, 0.9641304612159729, 0.9624999761581421, 0.9628260731697083, 0.9645652174949646], "val_loss": [0.4735701382160187, 0.40032777190208435, 0.30667397379875183, 0.23435527086257935, 0.2035856395959854, 0.1758522242307663, 0.16119980812072754, 0.15072479844093323, 0.14550888538360596, 0.14275360107421875, 0.14169876277446747, 0.13754679262638092, 0.1462019383907318, 0.1402222365140915, 0.1353108435869217, 0.13613489270210266, 0.15670055150985718, 0.13279400765895844, 0.1400369554758072, 0.13230474293231964, 0.13384337723255157, 0.13413122296333313, 0.1327265352010727, 0.13110272586345673, 0.13558852672576904, 0.13077905774116516, 0.1352735012769699, 0.13400226831436157, 0.14456124603748322, 0.1339249610900879, 0.14377835392951965, 0.13152728974819183, 0.13099047541618347, 0.13090001046657562, 0.1339414119720459, 0.13099348545074463, 0.13069507479667664, 0.1348300278186798, 0.1397365927696228, 0.13072539865970612, 0.14060235023498535, 0.13199357688426971, 0.13638435304164886, 0.1312483251094818, 0.13400055468082428, 0.13332591950893402, 0.1308717578649521, 0.13088960945606232, 0.12978845834732056, 0.1375245749950409, 0.1349676102399826, 0.13608208298683167, 0.12972290813922882, 0.13141164183616638, 0.13111044466495514, 0.12983109056949615, 0.1313992142677307, 0.13222454488277435, 0.13163983821868896, 0.12977971136569977, 0.13428719341754913, 0.12967950105667114, 0.13316413760185242, 0.1297161728143692, 0.12949776649475098, 0.12914574146270752, 0.13609443604946136, 0.129363551735878, 0.13066019117832184, 0.12997964024543762, 0.13071565330028534, 0.12975242733955383, 0.13667242228984833, 0.1297319382429123, 0.1293630599975586, 0.12896479666233063, 0.1328270137310028, 0.12872247397899628, 0.12911370396614075, 0.13119137287139893, 0.1323622763156891, 0.154713436961174, 0.13440459966659546, 0.15299081802368164, 0.13646823167800903, 0.14070037007331848, 0.13146977126598358, 0.128658726811409, 0.1357368528842926, 0.1286557912826538, 0.13134683668613434, 0.12858757376670837, 0.13140131533145905, 0.13328655064105988, 0.13090911507606506, 0.12876959145069122, 0.1270953118801117, 0.13125839829444885, 0.1282108575105667, 0.1282297968864441],