{"loss": [0.4929291009902954, 0.4108262062072754, 0.29050761461257935, 0.20925351977348328, 0.17237558960914612, 0.15406575798988342, 0.14293181896209717, 0.13691408932209015, 0.1337694227695465, 0.13209715485572815, 0.12879522144794464, 0.1278192549943924, 0.12759651243686676, 0.12670348584651947, 0.12389986962080002, 0.12436796724796295, 0.12393075972795486, 0.12517854571342468, 0.12290550023317337, 0.12294094264507294, 0.12166696041822433, 0.12275613844394684, 0.12207100540399551, 0.12388439476490021, 0.12256063520908356, 0.1209552139043808, 0.12140468508005142, 0.12181031703948975, 0.12110736221075058, 0.12041774392127991, 0.12214489281177521, 0.12043104320764542, 0.12261364609003067, 0.12222154438495636, 0.11854356527328491, 0.11967463046312332, 0.12130904197692871, 0.12052000313997269, 0.11945942789316177, 0.11917654424905777, 0.1205226331949234, 0.11795440316200256, 0.12188710272312164, 0.12091992050409317, 0.119666188955307, 0.11801604181528091, 0.12028373032808304, 0.12135224789381027, 0.11901476979255676, 0.11800964176654816, 0.12031400203704834, 0.12019581347703934, 0.11939334869384766, 0.11897933483123779, 0.1180436909198761, 0.11768174171447754, 0.11856475472450256, 0.11887306720018387, 0.11867329478263855, 0.11837586760520935, 0.11876439303159714, 0.1183231770992279, 0.11923180520534515, 0.11666424572467804, 0.118461012840271, 0.11887004226446152, 0.11725230515003204, 0.11617450416088104, 0.1189216673374176, 0.11596761643886566, 0.11930311471223831, 0.11565584689378738, 0.11698796600103378, 0.11700999736785889, 0.11893589049577713, 0.11616857349872589, 0.11750674247741699, 0.11910931020975113, 0.11767640709877014, 0.11587896198034286, 0.11678382009267807, 0.11630774289369583, 0.11545469611883163, 0.11738232523202896, 0.11615250259637833, 0.11636609584093094, 0.11461550742387772, 0.11510547250509262, 0.12072870880365372, 0.1156674176454544, 0.11690960079431534, 0.11729881167411804, 0.11620812118053436, 0.11630235612392426, 0.11404140293598175, 0.11457530409097672, 0.1168375313282013, 0.11479734629392624, 0.11593008041381836, 0.1169506311416626], "accuracy": [0.7997826337814331, 0.8064130544662476, 0.8807608485221863, 0.9331521987915039, 0.9468477964401245, 0.9535869359970093, 0.9549999833106995, 0.9572826027870178, 0.9573913216590881, 0.9580434560775757, 0.959782600402832, 0.9582608938217163, 0.9590217471122742, 0.9595652222633362, 0.9609782695770264, 0.9601086974143982, 0.9601086974143982, 0.9599999785423279, 0.9610869288444519, 0.9599999785423279, 0.9616304636001587, 0.959782600402832, 0.9598913192749023, 0.9595652222633362, 0.9598913192749023, 0.9615217447280884, 0.9604347944259644, 0.960326075553894, 0.9623913168907166, 0.9624999761581421, 0.9609782695770264, 0.9610869288444519, 0.960869550704956, 0.9615217447280884, 0.9628260731697083, 0.9619565010070801, 0.9610869288444519, 0.9617391228675842, 0.9610869288444519, 0.9621739387512207, 0.9624999761581421, 0.9618478417396545, 0.9605434536933899, 0.960869550704956, 0.9621739387512207, 0.9609782695770264, 0.9620652198791504, 0.9610869288444519, 0.9604347944259644, 0.9628260731697083, 0.9616304636001587, 0.9628260731697083, 0.9613043665885925, 0.9605434536933899, 0.9610869288444519, 0.9624999761581421, 0.9610869288444519, 0.9621739387512207, 0.9619565010070801, 0.9635869860649109, 0.960869550704956, 0.9616304636001587, 0.9615217447280884, 0.9623913168907166, 0.9622825980186462, 0.9611956477165222, 0.9620652198791504, 0.9631521701812744, 0.9632608890533447, 0.9614130258560181, 0.9622825980186462, 0.9635869860649109, 0.9618478417396545, 0.9626086950302124, 0.9619565010070801, 0.9623913168907166, 0.9618478417396545, 0.9604347944259644, 0.9618478417396545, 0.9626086950302124, 0.9627174139022827, 0.9626086950302124, 0.9632608890533447, 0.9607608914375305, 0.9642391204833984, 0.9642391204833984, 0.9630434513092041, 0.9621739387512207, 0.9610869288444519, 0.9627174139022827, 0.9619565010070801, 0.9618478417396545, 0.9620652198791504, 0.9623913168907166, 0.9638043642044067, 0.9635869860649109, 0.9618478417396545, 0.9613043665885925, 0.9631521701812744, 0.9634782671928406], "val_loss": [0.4652290344238281, 0.350273072719574, 0.24510160088539124, 0.19728292524814606, 0.16739708185195923, 0.1539427489042282, 0.1503530591726303, 0.14200899004936218, 0.13917018473148346, 0.1391640156507492, 0.13824056088924408, 0.13857805728912354, 0.14087221026420593, 0.13665057718753815, 0.13312838971614838, 0.13574481010437012, 0.13997451961040497, 0.1333589404821396, 0.13216763734817505, 0.1349475383758545, 0.13335418701171875, 0.1329018920660019, 0.13314971327781677, 0.14089657366275787, 0.13354603946208954, 0.13877345621585846, 0.13134171068668365, 0.13491219282150269, 0.1338312178850174, 0.13123033940792084, 0.14127154648303986, 0.1673622876405716, 0.13789606094360352, 0.13091877102851868, 0.14133234322071075, 0.13364820182323456, 0.13981308043003082, 0.13053716719150543, 0.134710893034935, 0.14857569336891174, 0.1315917819738388, 0.15754812955856323, 0.13075661659240723, 0.13420478999614716, 0.1359015703201294, 0.1312061846256256, 0.14196844398975372, 0.13066765666007996, 0.13175620138645172, 0.14347770810127258, 0.13276971876621246, 0.1367686241865158, 0.13236697018146515, 0.13499945402145386, 0.13114118576049805, 0.13476543128490448, 0.13365140557289124, 0.13084103167057037, 0.1357441544532776, 0.1337113231420517, 0.1305261254310608, 0.13046365976333618, 0.13209959864616394, 0.13488870859146118, 0.13010580837726593, 0.13019385933876038, 0.15159457921981812, 0.14738808572292328, 0.137984961271286, 0.16654784977436066, 0.13261985778808594, 0.13153076171875, 0.13117937743663788, 0.1330985724925995, 0.12969952821731567, 0.1286902129650116, 0.1344844251871109, 0.13225999474525452, 0.12997634708881378, 0.13215063512325287, 0.14561381936073303, 0.13225610554218292, 0.13194113969802856, 0.12937702238559723, 0.13434508442878723, 0.13012170791625977, 0.1305537074804306, 0.13061119616031647, 0.12869609892368317, 0.14078959822654724, 0.12893259525299072, 0.13256865739822388, 0.13086523115634918, 0.1429097056388855, 0.13240592181682587, 0.12765924632549286, 0.12968897819519043, 0.12894956767559052, 0.1287253499031067, 0.14134910702705383],