{"loss": [0.49878036975860596, 0.41682642698287964, 0.2892315685749054, 0.20458543300628662, 0.16765043139457703, 0.1503162980079651, 0.14036643505096436, 0.13598759472370148, 0.13292108476161957, 0.1306232362985611, 0.1273883730173111, 0.12727952003479004, 0.12487921863794327, 0.12566442787647247, 0.12663228809833527, 0.12403556704521179, 0.12602755427360535, 0.12307760119438171, 0.12293348461389542, 0.12353748083114624, 0.12232235819101334, 0.12205347418785095, 0.12163309007883072, 0.1222027987241745, 0.12500867247581482, 0.12036164849996567, 0.12043441087007523, 0.12095106393098831, 0.12240425497293472, 0.12014538049697876, 0.12134846299886703, 0.11986767500638962, 0.12021878361701965, 0.1202748566865921, 0.12214048951864243, 0.1208721250295639, 0.1191779226064682, 0.11995639652013779, 0.12393849343061447, 0.11901449412107468, 0.12169390171766281, 0.1209467202425003, 0.11985233426094055, 0.11840545386075974, 0.12105052173137665, 0.11763524264097214, 0.12137716263532639, 0.12134448438882828, 0.11854108422994614, 0.11785067617893219, 0.12052664160728455, 0.11712028086185455, 0.11861416697502136, 0.11959245800971985, 0.11885082721710205, 0.11981111019849777, 0.11908353120088577, 0.11962759494781494, 0.11806729435920715, 0.120896115899086, 0.11812850087881088, 0.11768046766519547, 0.11882840096950531, 0.11717293411493301, 0.11840488761663437, 0.11800280958414078, 0.11886030435562134, 0.11795184761285782, 0.11739111691713333, 0.11788736283779144, 0.11723963171243668, 0.11740057915449142, 0.11638994514942169, 0.11632020026445389, 0.11855585873126984, 0.11616630107164383, 0.11637657880783081, 0.11645364761352539, 0.11799471825361252, 0.11673813313245773, 0.1172717809677124, 0.11943672597408295, 0.1187358945608139, 0.11638947576284409, 0.11640036106109619, 0.11796809732913971, 0.11842215061187744, 0.11719436198472977, 0.11537574976682663, 0.11708354204893112, 0.11480162292718887, 0.11427086591720581, 0.11677880585193634, 0.11611044406890869, 0.11727040261030197, 0.1156274676322937, 0.11666667461395264, 0.11658916622400284, 0.11626894772052765, 0.11581538617610931], "accuracy": [0.7950000166893005, 0.8014130592346191, 0.8828260898590088, 0.9365217685699463, 0.9492391347885132, 0.9546738862991333, 0.9555434584617615, 0.9579347968101501, 0.9568478465080261, 0.9577174186706543, 0.9588043689727783, 0.9590217471122742, 0.9585869312286377, 0.9601086974143982, 0.9601086974143982, 0.9602174162864685, 0.9590217471122742, 0.9613043665885925, 0.9626086950302124, 0.960326075553894, 0.9605434536933899, 0.9606521725654602, 0.9617391228675842, 0.960326075553894, 0.9594565033912659, 0.9620652198791504, 0.9630434513092041, 0.9605434536933899, 0.9617391228675842, 0.9616304636001587, 0.9609782695770264, 0.9616304636001587, 0.960326075553894, 0.9611956477165222, 0.9623913168907166, 0.9611956477165222, 0.9609782695770264, 0.9620652198791504, 0.960326075553894, 0.9610869288444519, 0.9617391228675842, 0.9607608914375305, 0.9621739387512207, 0.9618478417396545, 0.9610869288444519, 0.9623913168907166, 0.9616304636001587, 0.9606521725654602, 0.9627174139022827, 0.9628260731697083, 0.9595652222633362, 0.9632608890533447, 0.9617391228675842, 0.9609782695770264, 0.9616304636001587, 0.9609782695770264, 0.9622825980186462, 0.9620652198791504, 0.9621739387512207, 0.9615217447280884, 0.9621739387512207, 0.9617391228675842, 0.960869550704956, 0.9621739387512207, 0.9617391228675842, 0.9619565010070801, 0.9622825980186462, 0.9633695483207703, 0.9621739387512207, 0.9617391228675842, 0.9628260731697083, 0.9629347920417786, 0.9633695483207703, 0.9617391228675842, 0.9624999761581421, 0.9627174139022827, 0.9619565010070801, 0.9620652198791504, 0.9622825980186462, 0.9613043665885925, 0.9632608890533447, 0.9616304636001587, 0.9627174139022827, 0.9638043642044067, 0.9623913168907166, 0.9634782671928406, 0.9628260731697083, 0.9617391228675842, 0.9629347920417786, 0.9620652198791504, 0.9630434513092041, 0.9640217423439026, 0.9619565010070801, 0.9631521701812744, 0.9629347920417786, 0.9629347920417786, 0.9634782671928406, 0.9623913168907166, 0.9631521701812744, 0.9615217447280884], "val_loss": [0.46567046642303467, 0.35936254262924194, 0.24049939215183258, 0.18940648436546326, 0.16349156200885773, 0.1514585316181183, 0.15744049847126007, 0.14566592872142792, 0.13902784883975983, 0.13642986118793488, 0.13684318959712982, 0.1420222669839859, 0.13417363166809082, 0.13485507667064667, 0.1334047019481659, 0.13721270859241486, 0.13296951353549957, 0.1328711360692978, 0.1328740119934082, 0.1337631195783615, 0.13769344985485077, 0.14119656383991241, 0.1331767737865448, 0.13703706860542297, 0.1318632811307907, 0.13589610159397125, 0.13496415317058563, 0.13273824751377106, 0.14848865568637848, 0.13844434916973114, 0.1334443837404251, 0.13303634524345398, 0.1339830607175827, 0.132842555642128, 0.13230299949645996, 0.13351227343082428, 0.13176147639751434, 0.13166093826293945, 0.13266552984714508, 0.13177621364593506, 0.13201472163200378, 0.13793829083442688, 0.13795992732048035, 0.1454761028289795, 0.1328858733177185, 0.13508310914039612, 0.13701502978801727, 0.13216878473758698, 0.14341473579406738, 0.13169699907302856, 0.13368743658065796, 0.13187275826931, 0.13179388642311096, 0.1322917640209198, 0.13421134650707245, 0.13210536539554596, 0.13291652500629425, 0.13237017393112183, 0.15385277569293976, 0.13626234233379364, 0.13206318020820618, 0.13046973943710327, 0.13913801312446594, 0.1305307000875473, 0.13095134496688843, 0.1309957355260849, 0.13447199761867523, 0.13808776438236237, 0.13185210525989532, 0.13217397034168243, 0.13343530893325806, 0.13198186457157135, 0.1293426901102066, 0.12920750677585602, 0.1301782727241516, 0.14618633687496185, 0.1298217624425888, 0.13057440519332886, 0.12994809448719025, 0.1292801797389984, 0.13471245765686035, 0.129221111536026, 0.13019010424613953, 0.13685840368270874, 0.1310158520936966, 0.1302054524421692, 0.1314517706632614, 0.12912920117378235, 0.132218137383461, 0.1298092156648636, 0.1296866238117218, 0.12989158928394318, 0.1292468011379242, 0.13420310616493225, 0.13021767139434814, 0.13090308010578156, 0.12929370999336243, 0.131710484623909, 0.12826433777809143, 0.12742340564727783],