{"loss": [0.5008732676506042, 0.46273937821388245, 0.39992088079452515, 0.32499513030052185, 0.26055872440338135, 0.21802937984466553, 0.18876713514328003, 0.17025338113307953, 0.15832792222499847, 0.14876210689544678, 0.14357420802116394, 0.13725651800632477, 0.13553254306316376, 0.13368864357471466, 0.13070063292980194, 0.12847255170345306, 0.1267489343881607, 0.12804533541202545, 0.12449558079242706, 0.12363817542791367, 0.12389664351940155, 0.12360291928052902, 0.12170432507991791, 0.12208130210638046, 0.12279554456472397, 0.12127664685249329, 0.12055787444114685, 0.1213994026184082, 0.12066001445055008, 0.1202266663312912, 0.12067282944917679, 0.12005426734685898, 0.11937858164310455, 0.11969036608934402, 0.1207040399312973, 0.11968313157558441, 0.12019199877977371, 0.11841268837451935, 0.11829053610563278, 0.11797251552343369, 0.11773280799388885, 0.1195552796125412, 0.11915712058544159, 0.1195484846830368, 0.11910631507635117, 0.1189260184764862, 0.11771916598081589, 0.11753926426172256, 0.1184929758310318, 0.11738201975822449, 0.11856967955827713, 0.11768186837434769, 0.11786418408155441, 0.11818107217550278, 0.11688582599163055, 0.11642809957265854, 0.11679468303918839, 0.11694532632827759, 0.11672981828451157, 0.11676810681819916, 0.11771003901958466, 0.11644101142883301, 0.11761031299829483, 0.11593867838382721, 0.11806967109441757, 0.11678242683410645, 0.11693119257688522, 0.11681818217039108, 0.11596173048019409, 0.11639627069234848, 0.1164126992225647, 0.1160857081413269, 0.11718663573265076, 0.11726175248622894, 0.11656215786933899, 0.11595199257135391, 0.11752285808324814, 0.11488119512796402, 0.1151237040758133, 0.11553701758384705, 0.11596289277076721, 0.11601462960243225, 0.11616745591163635, 0.11474541574716568, 0.1160135269165039, 0.11703739315271378, 0.11456011980772018, 0.11610546708106995, 0.11454734206199646, 0.11504200845956802, 0.11579150706529617, 0.11554031819105148, 0.11602159589529037, 0.11543603986501694, 0.1157686859369278, 0.1151220053434372, 0.11573284864425659, 0.1146857738494873, 0.11445174366235733, 0.11578726023435593], "accuracy": [0.7997826337814331, 0.7997826337814331, 0.801630437374115, 0.8466304540634155, 0.9064130187034607, 0.9292391538619995, 0.9419565200805664, 0.9477173686027527, 0.9527173638343811, 0.9546738862991333, 0.9546738862991333, 0.9567391276359558, 0.9574999809265137, 0.9564130306243896, 0.9582608938217163, 0.9585869312286377, 0.9577174186706543, 0.958695650100708, 0.9590217471122742, 0.9601086974143982, 0.9599999785423279, 0.9598913192749023, 0.9619565010070801, 0.960326075553894, 0.960326075553894, 0.9601086974143982, 0.9611956477165222, 0.9594565033912659, 0.9609782695770264, 0.9616304636001587, 0.9614130258560181, 0.9616304636001587, 0.9615217447280884, 0.9609782695770264, 0.960326075553894, 0.9613043665885925, 0.9614130258560181, 0.9610869288444519, 0.9622825980186462, 0.9622825980186462, 0.9632608890533447, 0.9615217447280884, 0.9623913168907166, 0.9610869288444519, 0.9604347944259644, 0.9619565010070801, 0.9624999761581421, 0.9617391228675842, 0.9614130258560181, 0.9626086950302124, 0.9617391228675842, 0.9620652198791504, 0.9620652198791504, 0.9619565010070801, 0.9624999761581421, 0.9630434513092041, 0.9614130258560181, 0.9617391228675842, 0.9623913168907166, 0.9611956477165222, 0.9609782695770264, 0.9628260731697083, 0.9628260731697083, 0.9611956477165222, 0.9610869288444519, 0.9628260731697083, 0.9613043665885925, 0.9616304636001587, 0.9626086950302124, 0.9621739387512207, 0.9619565010070801, 0.9616304636001587, 0.9615217447280884, 0.9596739411354065, 0.9632608890533447, 0.9626086950302124, 0.9620652198791504, 0.9635869860649109, 0.9624999761581421, 0.9633695483207703, 0.9619565010070801, 0.9622825980186462, 0.9621739387512207, 0.9630434513092041, 0.9628260731697083, 0.9622825980186462, 0.9642391204833984, 0.9636956453323364, 0.9634782671928406, 0.9631521701812744, 0.9618478417396545, 0.9640217423439026, 0.9630434513092041, 0.9618478417396545, 0.9623913168907166, 0.9624999761581421, 0.9643478393554688, 0.9619565010070801, 0.9632608890533447, 0.9622825980186462], "val_loss": [0.4855665862560272, 0.44081199169158936, 0.36280301213264465, 0.2927855849266052, 0.24113059043884277, 0.20792528986930847, 0.18620099127292633, 0.17642971873283386, 0.1600952446460724, 0.1611936092376709, 0.14776861667633057, 0.14518456161022186, 0.1553337574005127, 0.14051221311092377, 0.13778960704803467, 0.1370701938867569, 0.13593348860740662, 0.13464422523975372, 0.13372960686683655, 0.1372595727443695, 0.13939489424228668, 0.13293294608592987, 0.13425081968307495, 0.13338835537433624, 0.13506783545017242, 0.13792210817337036, 0.1325945109128952, 0.13080422580242157, 0.13118959963321686, 0.13104332983493805, 0.1314447671175003, 0.1302373856306076, 0.13092593848705292, 0.13044270873069763, 0.13018082082271576, 0.13167405128479004, 0.13503628969192505, 0.13103783130645752, 0.13009636104106903, 0.1314738690853119, 0.13427916169166565, 0.13151496648788452, 0.13372103869915009, 0.13132642209529877, 0.13086159527301788, 0.13037864863872528, 0.1296272724866867, 0.1311333030462265, 0.1303521990776062, 0.13737772405147552, 0.13309907913208008, 0.1297326385974884, 0.1293322592973709, 0.13261748850345612, 0.130286306142807, 0.12924310564994812, 0.13808508217334747, 0.13313381373882294, 0.13247039914131165, 0.12988650798797607, 0.12916521728038788, 0.13218818604946136, 0.12940789759159088, 0.13003073632717133, 0.13117848336696625, 0.12967044115066528, 0.1300990730524063, 0.13023611903190613, 0.13048794865608215, 0.13003981113433838, 0.12970083951950073, 0.1318347305059433, 0.1300978809595108, 0.1376994252204895, 0.1296592801809311, 0.12919361889362335, 0.12973499298095703, 0.13464997708797455, 0.12962967157363892, 0.12978602945804596, 0.13032732903957367, 0.13620318472385406, 0.13061392307281494, 0.13738630712032318, 0.12980787456035614, 0.12986226379871368, 0.12906266748905182, 0.13019490242004395, 0.13086016476154327, 0.14339865744113922, 0.13556289672851562, 0.13794806599617004, 0.1321287900209427, 0.13013410568237305, 0.1298188418149948, 0.13551071286201477, 0.13746677339076996, 0.1312744915485382, 0.1301913857460022, 0.13394202291965485],