{"loss": [0.49117571115493774, 0.4020673334598541, 0.2821651101112366, 0.20982424914836884, 0.17298004031181335, 0.1534002423286438, 0.14373229444026947, 0.14007893204689026, 0.13418984413146973, 0.13260282576084137, 0.1280660778284073, 0.12717199325561523, 0.12586002051830292, 0.12448105216026306, 0.12468306720256805, 0.12579099833965302, 0.12262146174907684, 0.12250034511089325, 0.12169098109006882, 0.12194544076919556, 0.12248241901397705, 0.12061700224876404, 0.12037811428308487, 0.12054942548274994, 0.1205923855304718, 0.120387002825737, 0.1197783499956131, 0.12110944837331772, 0.11907445639371872, 0.11878058314323425, 0.1192101389169693, 0.119585782289505, 0.11989232897758484, 0.11937771737575531, 0.11894717067480087, 0.11768509447574615, 0.11892390996217728, 0.11784333735704422, 0.11872953921556473, 0.11661402136087418, 0.12053436040878296, 0.116973876953125, 0.11701108515262604, 0.11860615760087967, 0.12015841156244278, 0.11672044545412064, 0.11664965748786926, 0.11688239127397537, 0.11759120970964432, 0.11820121109485626, 0.11788785457611084, 0.11629447340965271, 0.11525114625692368, 0.11742222309112549, 0.11825340986251831, 0.11535579711198807, 0.1171187162399292, 0.11677736788988113, 0.11654441803693771, 0.11830087751150131, 0.11499547213315964, 0.11583644896745682, 0.1155444085597992, 0.11608061194419861, 0.11538930982351303, 0.11709161102771759, 0.11543933302164078, 0.11603828519582748, 0.11605913192033768, 0.11537666618824005, 0.11407911032438278, 0.1161731481552124, 0.11493154615163803, 0.11472959071397781, 0.11604047566652298, 0.11703360825777054, 0.11564639210700989, 0.11452680826187134, 0.1129271537065506, 0.1140267550945282, 0.11430498212575912, 0.11573969572782516, 0.11466740071773529, 0.11596611887216568, 0.11476153880357742, 0.11329562216997147, 0.11385996639728546, 0.11446412652730942, 0.11255762726068497, 0.11384120583534241, 0.11333215981721878, 0.11625343561172485, 0.11332981288433075, 0.11341944336891174, 0.11262079328298569, 0.11391394585371017, 0.11199548840522766, 0.11141075938940048, 0.11305613815784454, 0.11283650249242783], "accuracy": [0.7976086735725403, 0.8047826290130615, 0.8849999904632568, 0.9325000047683716, 0.9460869431495667, 0.9522826075553894, 0.9551087021827698, 0.9564130306243896, 0.9584782719612122, 0.9571738839149475, 0.9595652222633362, 0.9609782695770264, 0.9588043689727783, 0.9602174162864685, 0.9604347944259644, 0.959782600402832, 0.9604347944259644, 0.9598913192749023, 0.960869550704956, 0.9618478417396545, 0.9599999785423279, 0.9602174162864685, 0.9614130258560181, 0.9611956477165222, 0.959782600402832, 0.9602174162864685, 0.960869550704956, 0.9611956477165222, 0.9613043665885925, 0.9616304636001587, 0.9621739387512207, 0.9622825980186462, 0.9611956477165222, 0.9617391228675842, 0.9624999761581421, 0.9616304636001587, 0.9613043665885925, 0.9626086950302124, 0.9619565010070801, 0.9627174139022827, 0.9611956477165222, 0.9618478417396545, 0.9620652198791504, 0.9617391228675842, 0.9605434536933899, 0.9638043642044067, 0.9630434513092041, 0.9623913168907166, 0.9622825980186462, 0.9609782695770264, 0.9613043665885925, 0.9628260731697083, 0.9635869860649109, 0.9613043665885925, 0.9616304636001587, 0.9635869860649109, 0.9616304636001587, 0.9615217447280884, 0.9626086950302124, 0.9610869288444519, 0.9630434513092041, 0.9630434513092041, 0.9628260731697083, 0.9621739387512207, 0.9620652198791504, 0.9631521701812744, 0.9623913168907166, 0.9635869860649109, 0.9632608890533447, 0.9630434513092041, 0.9635869860649109, 0.9613043665885925, 0.9621739387512207, 0.9635869860649109, 0.9633695483207703, 0.9616304636001587, 0.9619565010070801, 0.9635869860649109, 0.9642391204833984, 0.9630434513092041, 0.9620652198791504, 0.9615217447280884, 0.9630434513092041, 0.9626086950302124, 0.9620652198791504, 0.9634782671928406, 0.9624999761581421, 0.9622825980186462, 0.9639130234718323, 0.9628260731697083, 0.9631521701812744, 0.9617391228675842, 0.9634782671928406, 0.9635869860649109, 0.9634782671928406, 0.9630434513092041, 0.9629347920417786, 0.9645652174949646, 0.9646739363670349, 0.9635869860649109], "val_loss": [0.4578675627708435, 0.33947598934173584, 0.24491463601589203, 0.19274525344371796, 0.1684155911207199, 0.1553725302219391, 0.15930509567260742, 0.14202815294265747, 0.1396787315607071, 0.14064280688762665, 0.135924831032753, 0.13567665219306946, 0.13476556539535522, 0.1344956010580063, 0.13332290947437286, 0.132132425904274, 0.13477656245231628, 0.17070327699184418, 0.1321866661310196, 0.1330510377883911, 0.13028718531131744, 0.13087469339370728, 0.1306537538766861, 0.13688646256923676, 0.13143007457256317, 0.13030515611171722, 0.14936064183712006, 0.1309974640607834, 0.13048478960990906, 0.1321084350347519, 0.13378340005874634, 0.14995510876178741, 0.13724635541439056, 0.13237516582012177, 0.12913702428340912, 0.13409270346164703, 0.13829857110977173, 0.13176873326301575, 0.1311095952987671, 0.14005529880523682, 0.14329268038272858, 0.14851756393909454, 0.16049212217330933, 0.12997637689113617, 0.129923477768898, 0.12978968024253845, 0.1300460398197174, 0.13229449093341827, 0.13023784756660461, 0.1314525604248047, 0.1315641552209854, 0.13100945949554443, 0.1329740732908249, 0.13726145029067993, 0.1298125684261322, 0.13530376553535461, 0.128860205411911, 0.12848934531211853, 0.14358659088611603, 0.130615234375, 0.14465081691741943, 0.13916359841823578, 0.12783321738243103, 0.13324777781963348, 0.12904980778694153, 0.1280830055475235, 0.12834855914115906, 0.12920141220092773, 0.12694580852985382, 0.13016542792320251, 0.1275615096092224, 0.1291433572769165, 0.12886688113212585, 0.1280619502067566, 0.12902279198169708, 0.12710826098918915, 0.13253989815711975, 0.12693336606025696, 0.1269814372062683, 0.12841087579727173, 0.12709558010101318, 0.12723635137081146, 0.1302454173564911, 0.1281459480524063, 0.12861663103103638, 0.13038204610347748, 0.12620942294597626, 0.1262352466583252, 0.12750819325447083, 0.12825030088424683, 0.1317763477563858, 0.1430397480726242, 0.13386192917823792, 0.12747864425182343, 0.12664243578910828, 0.12569470703601837, 0.12904563546180725, 0.12803348898887634, 0.1361459344625473, 0.12547427415847778],