{"loss": [0.4908396303653717, 0.4110698103904724, 0.29382020235061646, 0.21319624781608582, 0.1761474460363388, 0.1546376347541809, 0.14525066316127777, 0.13909979164600372, 0.13505946099758148, 0.13157589733600616, 0.12833566963672638, 0.126970112323761, 0.1266542673110962, 0.12638303637504578, 0.12361285835504532, 0.12183266133069992, 0.12417308986186981, 0.12350868433713913, 0.123322993516922, 0.12268674373626709, 0.12130885571241379, 0.12211420387029648, 0.12293130904436111, 0.12096165120601654, 0.12041135132312775, 0.12077692151069641, 0.12088610976934433, 0.12071006745100021, 0.11881972849369049, 0.11933722347021103, 0.11995059996843338, 0.12032676488161087, 0.12076395750045776, 0.11865188181400299, 0.11927729099988937, 0.11984895169734955, 0.1210724264383316, 0.11870945245027542, 0.11793581396341324, 0.11835312843322754, 0.11739739775657654, 0.11863589286804199, 0.11925450712442398, 0.11879003047943115, 0.11740989238023758, 0.11925023794174194, 0.12101470679044724, 0.11684246361255646, 0.12050152570009232, 0.11731649935245514, 0.11782678961753845, 0.11629621684551239, 0.11804579943418503, 0.11718796193599701, 0.11621904373168945, 0.12055928260087967, 0.118053138256073, 0.11780192703008652, 0.11845149844884872, 0.11705441772937775, 0.11802414804697037, 0.1206449419260025, 0.11695370823144913, 0.11553812772035599, 0.11685160547494888, 0.11711562424898148, 0.11513626575469971, 0.11616047471761703, 0.11738686263561249, 0.11730155348777771, 0.11836082488298416, 0.1156424880027771, 0.11429772526025772, 0.11547720432281494, 0.11679176986217499, 0.11581937223672867, 0.11670363694429398, 0.11331932991743088, 0.1145969033241272, 0.1163710355758667, 0.11364712566137314, 0.11505959182977676, 0.11445512622594833, 0.1167752593755722, 0.11595460027456284, 0.11396682262420654, 0.11650796979665756, 0.11417650431394577, 0.1148267537355423, 0.11467770487070084, 0.11386929452419281, 0.11266833543777466, 0.11428440362215042, 0.11288370937108994, 0.11553248018026352, 0.11485400795936584, 0.11423113197088242, 0.11355841904878616, 0.11435762047767639, 0.11541417986154556], "accuracy": [0.7997826337814331, 0.804347813129425, 0.8832608461380005, 0.9328261017799377, 0.9473913311958313, 0.9532608985900879, 0.9549999833106995, 0.9568478465080261, 0.9561956524848938, 0.9591304063796997, 0.9596739411354065, 0.958152174949646, 0.9594565033912659, 0.9591304063796997, 0.9596739411354065, 0.9607608914375305, 0.9605434536933899, 0.9601086974143982, 0.960869550704956, 0.9604347944259644, 0.9614130258560181, 0.9609782695770264, 0.9604347944259644, 0.9613043665885925, 0.9622825980186462, 0.960326075553894, 0.9611956477165222, 0.9616304636001587, 0.9607608914375305, 0.9628260731697083, 0.960869550704956, 0.9623913168907166, 0.9628260731697083, 0.9618478417396545, 0.9621739387512207, 0.9611956477165222, 0.9613043665885925, 0.9610869288444519, 0.9627174139022827, 0.9618478417396545, 0.9618478417396545, 0.9621739387512207, 0.9622825980186462, 0.9621739387512207, 0.9629347920417786, 0.9611956477165222, 0.9614130258560181, 0.9635869860649109, 0.9617391228675842, 0.9630434513092041, 0.9611956477165222, 0.9624999761581421, 0.9620652198791504, 0.9624999761581421, 0.9621739387512207, 0.9601086974143982, 0.9627174139022827, 0.9611956477165222, 0.9616304636001587, 0.9630434513092041, 0.960869550704956, 0.9618478417396545, 0.9635869860649109, 0.9638043642044067, 0.9628260731697083, 0.9626086950302124, 0.9631521701812744, 0.9627174139022827, 0.9628260731697083, 0.9638043642044067, 0.9623913168907166, 0.9619565010070801, 0.9630434513092041, 0.9616304636001587, 0.9618478417396545, 0.9630434513092041, 0.9628260731697083, 0.9643478393554688, 0.9639130234718323, 0.9618478417396545, 0.9638043642044067, 0.9626086950302124, 0.9623913168907166, 0.9629347920417786, 0.9628260731697083, 0.9627174139022827, 0.9622825980186462, 0.9642391204833984, 0.9622825980186462, 0.9629347920417786, 0.9630434513092041, 0.9639130234718323, 0.9623913168907166, 0.9640217423439026, 0.9618478417396545, 0.9627174139022827, 0.9620652198791504, 0.9641304612159729, 0.9628260731697083, 0.960869550704956], "val_loss": [0.4610227644443512, 0.36337828636169434, 0.2462548315525055, 0.19996465742588043, 0.1686350703239441, 0.15639334917068481, 0.14919432997703552, 0.14318956434726715, 0.14435283839702606, 0.1375376582145691, 0.13838247954845428, 0.13935595750808716, 0.13664953410625458, 0.13368362188339233, 0.133309006690979, 0.1399046629667282, 0.1395682990550995, 0.13342157006263733, 0.13148432970046997, 0.1425379067659378, 0.13197942078113556, 0.13042192161083221, 0.13382847607135773, 0.1429457813501358, 0.1299176812171936, 0.13121560215950012, 0.13097287714481354, 0.13854879140853882, 0.13286092877388, 0.13248002529144287, 0.13174790143966675, 0.13049374520778656, 0.13052931427955627, 0.1301082968711853, 0.13278143107891083, 0.13338665664196014, 0.1312105804681778, 0.1348063051700592, 0.13630378246307373, 0.13080601394176483, 0.12886425852775574, 0.131551593542099, 0.12939925491809845, 0.13122862577438354, 0.13462285697460175, 0.13260872662067413, 0.14411771297454834, 0.1323367804288864, 0.13025175034999847, 0.13049283623695374, 0.13008010387420654, 0.13832473754882812, 0.12943880259990692, 0.12962478399276733, 0.13096031546592712, 0.1294185072183609, 0.1358066350221634, 0.14438754320144653, 0.12969321012496948, 0.13431468605995178, 0.149558424949646, 0.12940414249897003, 0.128861203789711, 0.13405612111091614, 0.1324964016675949, 0.1314920037984848, 0.13572350144386292, 0.13581295311450958, 0.15076673030853271, 0.12787826359272003, 0.12763968110084534, 0.12946778535842896, 0.12876559793949127, 0.12955991923809052, 0.12969067692756653, 0.1329549103975296, 0.12855641543865204, 0.1271216869354248, 0.12899619340896606, 0.13032647967338562, 0.1271747499704361, 0.1287083625793457, 0.12771330773830414, 0.12751007080078125, 0.1322721689939499, 0.13021014630794525, 0.13629178702831268, 0.12784454226493835, 0.12967944145202637, 0.1301555037498474, 0.12761527299880981, 0.12777665257453918, 0.12720225751399994, 0.12866690754890442, 0.12628690898418427, 0.13349856436252594, 0.12613968551158905, 0.12616004049777985, 0.1274654120206833, 0.12570509314537048],