{"loss": [0.5719838738441467, 0.4940354824066162, 0.4748462438583374, 0.4347396194934845, 0.38560062646865845, 0.33566707372665405, 0.29044607281684875, 0.25424566864967346, 0.2255937159061432, 0.2046954482793808, 0.18874388933181763, 0.17583633959293365, 0.16642816364765167, 0.1586071252822876, 0.15223267674446106, 0.1468467265367508, 0.14293664693832397, 0.13968364894390106, 0.13608002662658691, 0.13531148433685303, 0.13245421648025513, 0.13133607804775238, 0.12929877638816833, 0.12865614891052246, 0.12720946967601776, 0.1267968714237213, 0.1259031742811203, 0.12634515762329102, 0.12483672797679901, 0.12538646161556244, 0.12337855994701385, 0.12373398244380951, 0.12228446453809738, 0.12201264500617981, 0.12299621850252151, 0.12147749215364456, 0.12181966006755829, 0.1223398894071579, 0.12137899547815323, 0.1210186630487442, 0.12046132981777191, 0.12072407454252243, 0.11983950436115265, 0.12028246372938156, 0.12004595249891281, 0.12053022533655167, 0.11934726685285568, 0.11959623545408249, 0.11862534284591675, 0.11924231797456741, 0.11838398873806, 0.11836720257997513, 0.11979818344116211, 0.11816314607858658, 0.11761284619569778, 0.11872606724500656, 0.11826495826244354, 0.11911625415086746, 0.11871679127216339, 0.11865514516830444, 0.11734149605035782, 0.11917226016521454, 0.11825236678123474, 0.11799715459346771, 0.11747574806213379, 0.11690489202737808, 0.11733759194612503, 0.1169874370098114, 0.11736610531806946, 0.11635743826627731, 0.11720354110002518, 0.11675911396741867, 0.11633730679750443, 0.11674635112285614, 0.11797156184911728, 0.11676324903964996, 0.11629622429609299, 0.11636974662542343, 0.11648513376712799, 0.11596494168043137, 0.11715631932020187, 0.11661971360445023, 0.11752340197563171, 0.11655334383249283, 0.11658456921577454, 0.11597952246665955, 0.1162213683128357, 0.11654669791460037, 0.11609818041324615, 0.11633258312940598, 0.11502605676651001, 0.11626701056957245, 0.11573883146047592, 0.115241140127182, 0.11587206274271011, 0.11630766838788986, 0.11544886231422424, 0.11531007289886475, 0.11707696318626404, 0.11553285270929337], "accuracy": [0.7155434489250183, 0.7997826337814331, 0.7997826337814331, 0.7997826337814331, 0.8046739101409912, 0.8401086926460266, 0.8863043189048767, 0.9091304540634155, 0.9281522035598755, 0.9355434775352478, 0.9417391419410706, 0.9457608461380005, 0.9488043189048767, 0.9508695602416992, 0.9533695578575134, 0.9548913240432739, 0.9546738862991333, 0.9549999833106995, 0.9564130306243896, 0.957065224647522, 0.9567391276359558, 0.958152174949646, 0.9578260779380798, 0.957608699798584, 0.9588043689727783, 0.9579347968101501, 0.9590217471122742, 0.9598913192749023, 0.9598913192749023, 0.9585869312286377, 0.9601086974143982, 0.9594565033912659, 0.9611956477165222, 0.9601086974143982, 0.9595652222633362, 0.9611956477165222, 0.9606521725654602, 0.9602174162864685, 0.9595652222633362, 0.9604347944259644, 0.9616304636001587, 0.9614130258560181, 0.9604347944259644, 0.9606521725654602, 0.9614130258560181, 0.9599999785423279, 0.9615217447280884, 0.9617391228675842, 0.9610869288444519, 0.9613043665885925, 0.9611956477165222, 0.9613043665885925, 0.960869550704956, 0.9615217447280884, 0.9617391228675842, 0.960869550704956, 0.9605434536933899, 0.9615217447280884, 0.9611956477165222, 0.9611956477165222, 0.9621739387512207, 0.9610869288444519, 0.9613043665885925, 0.9622825980186462, 0.9613043665885925, 0.9622825980186462, 0.9623913168907166, 0.9611956477165222, 0.9614130258560181, 0.9623913168907166, 0.9618478417396545, 0.9626086950302124, 0.9626086950302124, 0.9607608914375305, 0.9616304636001587, 0.9613043665885925, 0.9616304636001587, 0.9623913168907166, 0.9621739387512207, 0.9632608890533447, 0.9620652198791504, 0.9619565010070801, 0.9616304636001587, 0.9619565010070801, 0.9626086950302124, 0.9630434513092041, 0.9615217447280884, 0.9616304636001587, 0.9614130258560181, 0.9617391228675842, 0.9616304636001587, 0.9626086950302124, 0.9623913168907166, 0.9621739387512207, 0.9632608890533447, 0.9615217447280884, 0.9617391228675842, 0.9623913168907166, 0.9615217447280884, 0.9626086950302124], "val_loss": [0.496322900056839, 0.4886332154273987, 0.4569203853607178, 0.41236168146133423, 0.3643990457057953, 0.3161785900592804, 0.27771779894828796, 0.24648062884807587, 0.22061195969581604, 0.2027292102575302, 0.18918468058109283, 0.17947307229042053, 0.1695169061422348, 0.16294625401496887, 0.15728914737701416, 0.15314100682735443, 0.1513323336839676, 0.14722953736782074, 0.14465761184692383, 0.14556573331356049, 0.14062105119228363, 0.13929571211338043, 0.1392403542995453, 0.13708911836147308, 0.1371336579322815, 0.1355297863483429, 0.13538514077663422, 0.134439155459404, 0.13383589684963226, 0.1337367296218872, 0.13494627177715302, 0.13277311623096466, 0.13267087936401367, 0.13532528281211853, 0.1341930329799652, 0.1319310963153839, 0.13194231688976288, 0.13337688148021698, 0.13265611231327057, 0.13318248093128204, 0.13801121711730957, 0.131293386220932, 0.13121245801448822, 0.14248917996883392, 0.13475234806537628, 0.13193628191947937, 0.13108229637145996, 0.13100078701972961, 0.13324981927871704, 0.13331952691078186, 0.13642294704914093, 0.13082268834114075, 0.13472162187099457, 0.13206467032432556, 0.1315925419330597, 0.13141968846321106, 0.13081346452236176, 0.13080283999443054, 0.13172639906406403, 0.13073740899562836, 0.13151931762695312, 0.13159161806106567, 0.13115526735782623, 0.13078565895557404, 0.1308119297027588, 0.13156183063983917, 0.13390026986598969, 0.13186106085777283, 0.13085953891277313, 0.13220436871051788, 0.13173018395900726, 0.13137590885162354, 0.13286761939525604, 0.1331261694431305, 0.13091860711574554, 0.1316164880990982, 0.13667015731334686, 0.1308177411556244, 0.13097847998142242, 0.1308162957429886, 0.13196587562561035, 0.13312438130378723, 0.1321941465139389, 0.1327695995569229, 0.13129667937755585, 0.13118092715740204, 0.1308545619249344, 0.13092072308063507, 0.13096866011619568, 0.13253021240234375, 0.13127745687961578, 0.13109812140464783, 0.1314699649810791, 0.13418427109718323, 0.13108313083648682, 0.13145755231380463, 0.1310368776321411, 0.13125428557395935, 0.13155947625637054, 0.1323629915714264],