{"loss": [0.4859619140625, 0.387580543756485, 0.265431672334671, 0.19506318867206573, 0.16186751425266266, 0.14811736345291138, 0.14147698879241943, 0.13751782476902008, 0.1336548924446106, 0.12908205389976501, 0.12689727544784546, 0.12895339727401733, 0.12783372402191162, 0.12696897983551025, 0.12732531130313873, 0.12583042681217194, 0.12519891560077667, 0.12305041402578354, 0.12285605072975159, 0.12168721109628677, 0.12181555479764938, 0.12106887251138687, 0.12352579087018967, 0.1221936047077179, 0.12330953776836395, 0.12146981805562973, 0.12228862196207047, 0.12170744687318802, 0.12195739895105362, 0.11892739683389664, 0.12084726244211197, 0.12102299183607101, 0.11998888105154037, 0.11945536732673645, 0.11904560774564743, 0.11969281733036041, 0.11856941878795624, 0.12122292071580887, 0.11869862675666809, 0.12062851339578629, 0.12086234986782074, 0.1196921318769455, 0.11879533529281616, 0.12069946527481079, 0.12062546610832214, 0.12021371722221375, 0.12080031633377075, 0.11953284591436386, 0.12008070200681686, 0.12053867429494858, 0.11932075768709183, 0.1194632351398468, 0.1202535331249237, 0.11781487613916397, 0.11913345754146576, 0.11668110638856888, 0.11887454986572266, 0.11818701773881912, 0.12001804262399673, 0.11851492524147034, 0.11896532028913498, 0.11979692429304123, 0.11885248869657516, 0.11742336302995682, 0.11784934997558594, 0.11794749647378922, 0.11990730464458466, 0.11740555614233017, 0.11805473268032074, 0.11806979030370712, 0.11897889524698257, 0.11745107918977737, 0.11819586902856827, 0.11595787853002548, 0.1169884204864502, 0.11765054613351822, 0.1164330393075943, 0.1162617951631546, 0.11589322239160538, 0.11617418378591537, 0.11799655109643936, 0.11464899778366089, 0.11680258065462112, 0.11926537752151489, 0.11624734848737717, 0.11671347171068192, 0.11473529040813446, 0.11666180193424225, 0.11455266177654266, 0.11569193005561829, 0.1163516640663147, 0.11507074534893036, 0.11589113622903824, 0.11474695801734924, 0.11520449072122574, 0.11688822507858276, 0.11377688497304916, 0.11588802188634872, 0.1142052561044693, 0.11457216739654541], "accuracy": [0.7997826337814331, 0.8120652437210083, 0.9019564986228943, 0.9393478035926819, 0.9515217542648315, 0.9540217518806458, 0.9542391300201416, 0.9548913240432739, 0.9577174186706543, 0.9588043689727783, 0.9588043689727783, 0.959782600402832, 0.9584782719612122, 0.9590217471122742, 0.9596739411354065, 0.9588043689727783, 0.9595652222633362, 0.9613043665885925, 0.9609782695770264, 0.9607608914375305, 0.9611956477165222, 0.9620652198791504, 0.95923912525177, 0.9619565010070801, 0.9594565033912659, 0.9622825980186462, 0.9607608914375305, 0.9601086974143982, 0.9606521725654602, 0.9615217447280884, 0.9610869288444519, 0.9617391228675842, 0.960869550704956, 0.9620652198791504, 0.9616304636001587, 0.9624999761581421, 0.9621739387512207, 0.9614130258560181, 0.9622825980186462, 0.9611956477165222, 0.960869550704956, 0.9619565010070801, 0.9626086950302124, 0.9617391228675842, 0.9607608914375305, 0.9618478417396545, 0.9607608914375305, 0.9630434513092041, 0.9613043665885925, 0.9613043665885925, 0.960869550704956, 0.9602174162864685, 0.9610869288444519, 0.9634782671928406, 0.9622825980186462, 0.9641304612159729, 0.9620652198791504, 0.9611956477165222, 0.9614130258560181, 0.9630434513092041, 0.9610869288444519, 0.9623913168907166, 0.9615217447280884, 0.9613043665885925, 0.9628260731697083, 0.9614130258560181, 0.9611956477165222, 0.9624999761581421, 0.9609782695770264, 0.9614130258560181, 0.9628260731697083, 0.9609782695770264, 0.960869550704956, 0.9630434513092041, 0.9627174139022827, 0.9624999761581421, 0.9631521701812744, 0.9628260731697083, 0.9619565010070801, 0.9628260731697083, 0.9630434513092041, 0.9641304612159729, 0.9619565010070801, 0.9613043665885925, 0.9630434513092041, 0.9623913168907166, 0.9633695483207703, 0.9616304636001587, 0.9619565010070801, 0.9636956453323364, 0.9624999761581421, 0.9630434513092041, 0.9624999761581421, 0.9628260731697083, 0.9623913168907166, 0.9611956477165222, 0.9632608890533447, 0.9619565010070801, 0.9635869860649109, 0.9617391228675842], "val_loss": [0.44542059302330017, 0.32364457845687866, 0.22697803378105164, 0.17977982759475708, 0.15934740006923676, 0.14911571145057678, 0.14671461284160614, 0.15148352086544037, 0.14226771891117096, 0.13887955248355865, 0.135281041264534, 0.15303315222263336, 0.1430434286594391, 0.1381196677684784, 0.16302911937236786, 0.1337907612323761, 0.13283516466617584, 0.1339614987373352, 0.1325455904006958, 0.13250836730003357, 0.13491667807102203, 0.13239027559757233, 0.14956890046596527, 0.1316819190979004, 0.13730750977993011, 0.13704520463943481, 0.14399538934230804, 0.1310970038175583, 0.14566832780838013, 0.1357053816318512, 0.133378803730011, 0.14627239108085632, 0.13161525130271912, 0.1306162029504776, 0.13008609414100647, 0.13122780621051788, 0.132358580827713, 0.13676343858242035, 0.14877848327159882, 0.14492425322532654, 0.1329430192708969, 0.13274678587913513, 0.13418415188789368, 0.13062895834445953, 0.1432144194841385, 0.13125529885292053, 0.13569550216197968, 0.14344599843025208, 0.13343609869480133, 0.13629572093486786, 0.13677793741226196, 0.13931584358215332, 0.13458505272865295, 0.139440655708313, 0.1353144347667694, 0.13013547658920288, 0.13323429226875305, 0.1306913197040558, 0.12927843630313873, 0.133244588971138, 0.13152630627155304, 0.13049468398094177, 0.1295824497938156, 0.13026566803455353, 0.13229291141033173, 0.13202159106731415, 0.13987024128437042, 0.14587534964084625, 0.15271376073360443, 0.1378287523984909, 0.1289796382188797, 0.1329907774925232, 0.1592109203338623, 0.13016195595264435, 0.1337958425283432, 0.13478896021842957, 0.1298029124736786, 0.129936084151268, 0.13094677031040192, 0.12991400063037872, 0.12961351871490479, 0.1311430186033249, 0.12955999374389648, 0.13131684064865112, 0.133446604013443, 0.12874247133731842, 0.13225921988487244, 0.12869732081890106, 0.15093135833740234, 0.13087119162082672, 0.1271079182624817, 0.12807093560695648, 0.13425423204898834, 0.1505817472934723, 0.1328173279762268, 0.13058234751224518, 0.12981796264648438, 0.1290281116962433, 0.1288888305425644, 0.1293872594833374],