{"loss": [0.4815938174724579, 0.3994288742542267, 0.29123562574386597, 0.2144802063703537, 0.17809496819972992, 0.15686550736427307, 0.14675840735435486, 0.13935250043869019, 0.13479726016521454, 0.13350608944892883, 0.12956851720809937, 0.12841857969760895, 0.12557685375213623, 0.12574830651283264, 0.12596605718135834, 0.12447431683540344, 0.1256987750530243, 0.12431039661169052, 0.124307781457901, 0.12312141805887222, 0.122966468334198, 0.12199322134256363, 0.12200744450092316, 0.1213763952255249, 0.11987931281328201, 0.12140113115310669, 0.12179833650588989, 0.1202964186668396, 0.12176766991615295, 0.1201268881559372, 0.12083499878644943, 0.11937551945447922, 0.1212148517370224, 0.11885152757167816, 0.11939479410648346, 0.12215063720941544, 0.11857577413320541, 0.1202484667301178, 0.12011615186929703, 0.11942462623119354, 0.12195634841918945, 0.11833860725164413, 0.11914180219173431, 0.11872223019599915, 0.11780721694231033, 0.11897135525941849, 0.11872603744268417, 0.11867725104093552, 0.12007156759500504, 0.11985994130373001, 0.12007110565900803, 0.1177288144826889, 0.11724994331598282, 0.11859747767448425, 0.12117888033390045, 0.11839406937360764, 0.1174546480178833, 0.11743108183145523, 0.11658640950918198, 0.11899176239967346, 0.11723818629980087, 0.11723597347736359, 0.11677800863981247, 0.11711902171373367, 0.11733958125114441, 0.11788076907396317, 0.11689259111881256, 0.11878025531768799, 0.11593201011419296, 0.11946669965982437, 0.11669681966304779, 0.11766938865184784, 0.11518343538045883, 0.11739184707403183, 0.11670628935098648, 0.1165040135383606, 0.11504236608743668, 0.11461303383111954, 0.11589427292346954, 0.11699847877025604, 0.11675186455249786, 0.11829617619514465, 0.11629198491573334, 0.11564183980226517, 0.11751748621463776, 0.1182992160320282, 0.11565988510847092, 0.11577968299388885, 0.11549537628889084, 0.11637230962514877, 0.11630701273679733, 0.11574233323335648, 0.11653381586074829, 0.11425948143005371, 0.11541634052991867, 0.11373557895421982, 0.11342396587133408, 0.1140807569026947, 0.11519062519073486, 0.11433666944503784], "accuracy": [0.7997826337814331, 0.8067391514778137, 0.8844565153121948, 0.9313043355941772, 0.9470652341842651, 0.9526087045669556, 0.9546738862991333, 0.9563043713569641, 0.9557608962059021, 0.9585869312286377, 0.9590217471122742, 0.958152174949646, 0.9598913192749023, 0.9583695530891418, 0.960869550704956, 0.9611956477165222, 0.9588043689727783, 0.9602174162864685, 0.9601086974143982, 0.9599999785423279, 0.9605434536933899, 0.9604347944259644, 0.9620652198791504, 0.9614130258560181, 0.9615217447280884, 0.9628260731697083, 0.9595652222633362, 0.9615217447280884, 0.9614130258560181, 0.9619565010070801, 0.9623913168907166, 0.9618478417396545, 0.9615217447280884, 0.9624999761581421, 0.9631521701812744, 0.9596739411354065, 0.9623913168907166, 0.9620652198791504, 0.9615217447280884, 0.9613043665885925, 0.9615217447280884, 0.9618478417396545, 0.9618478417396545, 0.9623913168907166, 0.9621739387512207, 0.9618478417396545, 0.9611956477165222, 0.9619565010070801, 0.9605434536933899, 0.9606521725654602, 0.9615217447280884, 0.9626086950302124, 0.9622825980186462, 0.9610869288444519, 0.9616304636001587, 0.9614130258560181, 0.9627174139022827, 0.9613043665885925, 0.9630434513092041, 0.9616304636001587, 0.9622825980186462, 0.9616304636001587, 0.9620652198791504, 0.9632608890533447, 0.9618478417396545, 0.9622825980186462, 0.9627174139022827, 0.9620652198791504, 0.9619565010070801, 0.9617391228675842, 0.9618478417396545, 0.9627174139022827, 0.9634782671928406, 0.9611956477165222, 0.9638043642044067, 0.9638043642044067, 0.9632608890533447, 0.9630434513092041, 0.9628260731697083, 0.9635869860649109, 0.9626086950302124, 0.9609782695770264, 0.9630434513092041, 0.9628260731697083, 0.9621739387512207, 0.9614130258560181, 0.9620652198791504, 0.9631521701812744, 0.9626086950302124, 0.9639130234718323, 0.9624999761581421, 0.9628260731697083, 0.9627174139022827, 0.9631521701812744, 0.9611956477165222, 0.9626086950302124, 0.9633695483207703, 0.9635869860649109, 0.9638043642044067, 0.9621739387512207], "val_loss": [0.4589706063270569, 0.3460772931575775, 0.2518022656440735, 0.19631031155586243, 0.1701108068227768, 0.16764883697032928, 0.15149319171905518, 0.14333516359329224, 0.14013707637786865, 0.13781414926052094, 0.13673444092273712, 0.1366545855998993, 0.13505908846855164, 0.13401655852794647, 0.13917918503284454, 0.1329289674758911, 0.132393017411232, 0.14129534363746643, 0.13301044702529907, 0.13150714337825775, 0.13210463523864746, 0.13140130043029785, 0.1316661238670349, 0.13187871873378754, 0.14744879305362701, 0.13213270902633667, 0.13467302918434143, 0.13090886175632477, 0.13456039130687714, 0.13609498739242554, 0.13497012853622437, 0.13203518092632294, 0.1410498321056366, 0.13514409959316254, 0.13083362579345703, 0.13640789687633514, 0.13076743483543396, 0.13583126664161682, 0.13400526344776154, 0.13801567256450653, 0.13397519290447235, 0.1328771412372589, 0.15413229167461395, 0.1318621188402176, 0.13112568855285645, 0.1322525590658188, 0.1358000785112381, 0.13342978060245514, 0.1310136765241623, 0.13883307576179504, 0.1358949840068817, 0.13607677817344666, 0.14365065097808838, 0.13900376856327057, 0.13116630911827087, 0.1315048187971115, 0.13138164579868317, 0.13155366480350494, 0.1307728886604309, 0.13043175637722015, 0.13304969668388367, 0.13245347142219543, 0.1308300495147705, 0.13044509291648865, 0.13472315669059753, 0.1311827301979065, 0.14160628616809845, 0.13429132103919983, 0.1394212543964386, 0.13032445311546326, 0.12986619770526886, 0.13178670406341553, 0.13320070505142212, 0.12957026064395905, 0.13781152665615082, 0.12925821542739868, 0.13271719217300415, 0.12954403460025787, 0.1332172453403473, 0.13080735504627228, 0.12867982685565948, 0.13120196759700775, 0.1302911341190338, 0.13628144562244415, 0.13199660181999207, 0.13416363298892975, 0.13689441978931427, 0.13115690648555756, 0.1289939284324646, 0.12958140671253204, 0.13188835978507996, 0.1303354650735855, 0.13050079345703125, 0.13029783964157104, 0.12962502241134644, 0.13755130767822266, 0.1318323165178299, 0.1280180960893631, 0.13438598811626434, 0.1328487992286682],