{"loss": [0.49132707715034485, 0.394544392824173, 0.27108269929885864, 0.19786715507507324, 0.16549944877624512, 0.15183551609516144, 0.14076142013072968, 0.1363922506570816, 0.13099321722984314, 0.12815342843532562, 0.12776903808116913, 0.12751448154449463, 0.12556242942810059, 0.12525925040245056, 0.12567229568958282, 0.12305190414190292, 0.12541984021663666, 0.12433195859193802, 0.12493755668401718, 0.12210915237665176, 0.12489279359579086, 0.12406200915575027, 0.12158378213644028, 0.12207558006048203, 0.12204287201166153, 0.12266198545694351, 0.12343588471412659, 0.12093601375818253, 0.12123902887105942, 0.12021050602197647, 0.11927574127912521, 0.11928989738225937, 0.11864464730024338, 0.12087594717741013, 0.12078666687011719, 0.12117224931716919, 0.12195075303316116, 0.12021753937005997, 0.1196671724319458, 0.11846929043531418, 0.11854659020900726, 0.12072981148958206, 0.12051527947187424, 0.120531365275383, 0.12246488034725189, 0.11953310668468475, 0.12040234357118607, 0.11793690919876099, 0.11868210136890411, 0.11844956129789352, 0.11933296173810959, 0.12083275616168976, 0.11907060444355011, 0.11750611662864685, 0.12161961942911148, 0.11820817738771439, 0.1167437732219696, 0.11773636192083359, 0.11857958137989044, 0.11720724403858185, 0.11865308880805969, 0.11831291019916534, 0.11695486307144165, 0.1191011369228363, 0.11992232501506805, 0.1172296553850174, 0.11779153347015381, 0.1182200014591217, 0.11709752678871155, 0.11629317700862885, 0.11613672971725464, 0.11673878878355026, 0.11801973730325699, 0.11645485460758209, 0.1175856739282608, 0.11920247972011566, 0.11885966360569, 0.11746076494455338, 0.11753972619771957, 0.11664533615112305, 0.11582783609628677, 0.11539115756750107, 0.11549820750951767, 0.11658630520105362, 0.11739836633205414, 0.11515277624130249, 0.11656183749437332, 0.11395648121833801, 0.1169944554567337, 0.11592976748943329, 0.11719126999378204, 0.115568608045578, 0.11613688617944717, 0.11503257602453232, 0.11498948931694031, 0.1159244179725647, 0.11588156968355179, 0.11338355392217636, 0.11654793471097946, 0.11472385376691818], "accuracy": [0.7951086759567261, 0.8100000023841858, 0.8976086974143982, 0.9375, 0.9506521821022034, 0.9532608985900879, 0.9572826027870178, 0.9571738839149475, 0.958695650100708, 0.9599999785423279, 0.95923912525177, 0.9594565033912659, 0.9606521725654602, 0.9604347944259644, 0.9601086974143982, 0.9609782695770264, 0.960326075553894, 0.9599999785423279, 0.9604347944259644, 0.9613043665885925, 0.9598913192749023, 0.9606521725654602, 0.9611956477165222, 0.960326075553894, 0.9584782719612122, 0.9614130258560181, 0.9598913192749023, 0.9614130258560181, 0.9617391228675842, 0.9613043665885925, 0.9617391228675842, 0.9616304636001587, 0.9624999761581421, 0.960869550704956, 0.9621739387512207, 0.9619565010070801, 0.9599999785423279, 0.9635869860649109, 0.9621739387512207, 0.9616304636001587, 0.9615217447280884, 0.9619565010070801, 0.9610869288444519, 0.9605434536933899, 0.9616304636001587, 0.9627174139022827, 0.9622825980186462, 0.9614130258560181, 0.9617391228675842, 0.9628260731697083, 0.9621739387512207, 0.9609782695770264, 0.9624999761581421, 0.9630434513092041, 0.960326075553894, 0.9624999761581421, 0.9641304612159729, 0.9620652198791504, 0.9602174162864685, 0.9616304636001587, 0.9623913168907166, 0.9605434536933899, 0.9635869860649109, 0.9629347920417786, 0.9616304636001587, 0.9633695483207703, 0.9617391228675842, 0.9627174139022827, 0.9627174139022827, 0.9626086950302124, 0.9627174139022827, 0.9619565010070801, 0.9609782695770264, 0.9622825980186462, 0.9605434536933899, 0.9613043665885925, 0.9619565010070801, 0.9629347920417786, 0.9615217447280884, 0.9617391228675842, 0.9621739387512207, 0.9631521701812744, 0.9636956453323364, 0.9623913168907166, 0.9621739387512207, 0.9622825980186462, 0.9624999761581421, 0.9623913168907166, 0.9630434513092041, 0.9623913168907166, 0.9631521701812744, 0.9622825980186462, 0.9641304612159729, 0.9640217423439026, 0.9621739387512207, 0.9624999761581421, 0.9640217423439026, 0.9638043642044067, 0.9628260731697083, 0.9628260731697083], "val_loss": [0.45301738381385803, 0.33613309264183044, 0.22744248807430267, 0.1873430758714676, 0.16129480302333832, 0.15046405792236328, 0.14449650049209595, 0.14807984232902527, 0.14452698826789856, 0.13810527324676514, 0.1351347714662552, 0.13524919748306274, 0.13734190165996552, 0.14939075708389282, 0.13338910043239594, 0.13238129019737244, 0.13421930372714996, 0.13294950127601624, 0.1323338896036148, 0.13261644542217255, 0.13198356330394745, 0.13156983256340027, 0.137234166264534, 0.13187244534492493, 0.14328907430171967, 0.1327648162841797, 0.13322819769382477, 0.13146165013313293, 0.13407178223133087, 0.14413277804851532, 0.13283684849739075, 0.13168255984783173, 0.1377449631690979, 0.13230884075164795, 0.13242922723293304, 0.1382385790348053, 0.1323082000017166, 0.13120606541633606, 0.13237881660461426, 0.13826577365398407, 0.13906849920749664, 0.13139189779758453, 0.13310010731220245, 0.13151636719703674, 0.13682188093662262, 0.1308150589466095, 0.1312297135591507, 0.13105438649654388, 0.13065028190612793, 0.1367674022912979, 0.1326204091310501, 0.13169291615486145, 0.13104188442230225, 0.1312715858221054, 0.1317324936389923, 0.13113175332546234, 0.13066917657852173, 0.13274410367012024, 0.12970657646656036, 0.13032697141170502, 0.144128680229187, 0.1312667578458786, 0.1355418562889099, 0.14002500474452972, 0.13047750294208527, 0.1381746232509613, 0.1305568665266037, 0.1328248828649521, 0.13403251767158508, 0.1306021809577942, 0.1306636780500412, 0.131438747048378, 0.13397717475891113, 0.13318854570388794, 0.13251300156116486, 0.18276388943195343, 0.1295475959777832, 0.12959927320480347, 0.14983411133289337, 0.1477889120578766, 0.1314590871334076, 0.12893757224082947, 0.13463397324085236, 0.13024398684501648, 0.12958166003227234, 0.14124654233455658, 0.13001403212547302, 0.13220269978046417, 0.12873126566410065, 0.15676121413707733, 0.13007433712482452, 0.12859225273132324, 0.13422857224941254, 0.12723304331302643, 0.12644359469413757, 0.1309724748134613, 0.1298643797636032, 0.1270287036895752, 0.1264544576406479, 0.12810753285884857],