{"loss": [0.4808128774166107, 0.37093275785446167, 0.24899210035800934, 0.1868685781955719, 0.15933924913406372, 0.14759929478168488, 0.13982747495174408, 0.13514533638954163, 0.13153712451457977, 0.12912392616271973, 0.12806683778762817, 0.12876281142234802, 0.12596561014652252, 0.12499092519283295, 0.12419712543487549, 0.12406224757432938, 0.12370605766773224, 0.12512528896331787, 0.12269158661365509, 0.12261295318603516, 0.12399876862764359, 0.12245774269104004, 0.12208874523639679, 0.12255850434303284, 0.12102736532688141, 0.12191218137741089, 0.12085241079330444, 0.1217116266489029, 0.12267833948135376, 0.12053956091403961, 0.11862778663635254, 0.12070721387863159, 0.12009406089782715, 0.11987916380167007, 0.11907580494880676, 0.12134270370006561, 0.12152636796236038, 0.1197892278432846, 0.12197208404541016, 0.11982123553752899, 0.11973240226507187, 0.11846808344125748, 0.12082673609256744, 0.11896839737892151, 0.11828181892633438, 0.11864908039569855, 0.11975738406181335, 0.11928834021091461, 0.1195569634437561, 0.11732739210128784, 0.1168622076511383, 0.11938241869211197, 0.11909735947847366, 0.12005936354398727, 0.11853501200675964, 0.11854327470064163, 0.11710187792778015, 0.12033852189779282, 0.11724082380533218, 0.11756163090467453, 0.11740265041589737, 0.11711589246988297, 0.11800999939441681, 0.11633448302745819, 0.11654812842607498, 0.11863774806261063, 0.11924825608730316, 0.11578517407178879, 0.11828865110874176, 0.11556176096200943, 0.11693636327981949, 0.11622006446123123, 0.11767280846834183, 0.11645819991827011, 0.11505270004272461, 0.11933324486017227, 0.11506496369838715, 0.11642811447381973, 0.11666642129421234, 0.11566219478845596, 0.11666712164878845, 0.11612555384635925, 0.11480143666267395, 0.11501674354076385, 0.11460893601179123, 0.11482757329940796, 0.11658494919538498, 0.1150607168674469, 0.11684630066156387, 0.11459486931562424, 0.11480801552534103, 0.11505941301584244, 0.11650479584932327, 0.11382154375314713, 0.11553502827882767, 0.11353019624948502, 0.11454331129789352, 0.11398760974407196, 0.11323804408311844, 0.11425472050905228], "accuracy": [0.7953261137008667, 0.8248913288116455, 0.9154347777366638, 0.9428260922431946, 0.9506521821022034, 0.9549999833106995, 0.9555434584617615, 0.9564130306243896, 0.9584782719612122, 0.9585869312286377, 0.9595652222633362, 0.9590217471122742, 0.9593478441238403, 0.9593478441238403, 0.9580434560775757, 0.9604347944259644, 0.9605434536933899, 0.95923912525177, 0.9617391228675842, 0.960326075553894, 0.9601086974143982, 0.960869550704956, 0.960869550704956, 0.9607608914375305, 0.9605434536933899, 0.9604347944259644, 0.9615217447280884, 0.9602174162864685, 0.9595652222633362, 0.9606521725654602, 0.9616304636001587, 0.9622825980186462, 0.9628260731697083, 0.9624999761581421, 0.9621739387512207, 0.9613043665885925, 0.9607608914375305, 0.9620652198791504, 0.960326075553894, 0.9626086950302124, 0.9614130258560181, 0.9621739387512207, 0.9611956477165222, 0.9620652198791504, 0.9632608890533447, 0.9616304636001587, 0.9618478417396545, 0.9610869288444519, 0.9627174139022827, 0.9630434513092041, 0.9620652198791504, 0.9619565010070801, 0.9615217447280884, 0.9615217447280884, 0.9614130258560181, 0.9613043665885925, 0.9632608890533447, 0.9601086974143982, 0.9617391228675842, 0.9624999761581421, 0.9618478417396545, 0.9628260731697083, 0.9606521725654602, 0.9627174139022827, 0.9627174139022827, 0.9602174162864685, 0.9616304636001587, 0.9623913168907166, 0.9619565010070801, 0.9639130234718323, 0.9634782671928406, 0.9646739363670349, 0.9618478417396545, 0.9623913168907166, 0.9626086950302124, 0.9601086974143982, 0.9632608890533447, 0.9627174139022827, 0.9614130258560181, 0.9638043642044067, 0.9627174139022827, 0.9629347920417786, 0.9627174139022827, 0.9634782671928406, 0.9631521701812744, 0.9630434513092041, 0.9610869288444519, 0.9619565010070801, 0.9638043642044067, 0.9616304636001587, 0.9624999761581421, 0.9632608890533447, 0.9616304636001587, 0.9623913168907166, 0.9629347920417786, 0.9630434513092041, 0.9636956453323364, 0.9623913168907166, 0.9632608890533447, 0.9624999761581421], "val_loss": [0.44381463527679443, 0.30153587460517883, 0.21450860798358917, 0.1751706898212433, 0.15690980851650238, 0.1692393720149994, 0.142581507563591, 0.13991951942443848, 0.14002615213394165, 0.13722582161426544, 0.167319193482399, 0.14025838673114777, 0.1333373486995697, 0.133321613073349, 0.13227994740009308, 0.13676717877388, 0.1327757090330124, 0.1361229121685028, 0.14064210653305054, 0.13866181671619415, 0.13245747983455658, 0.13881142437458038, 0.1311543583869934, 0.13126808404922485, 0.1581721156835556, 0.13146817684173584, 0.14915388822555542, 0.1341380625963211, 0.13219000399112701, 0.1309947967529297, 0.14219003915786743, 0.1420939564704895, 0.13808995485305786, 0.13620206713676453, 0.15161700546741486, 0.13146810233592987, 0.13536688685417175, 0.13304787874221802, 0.13062836229801178, 0.13335208594799042, 0.13081957399845123, 0.13090357184410095, 0.13401223719120026, 0.13103964924812317, 0.13130854070186615, 0.1328239142894745, 0.13996388018131256, 0.1349581927061081, 0.13728180527687073, 0.1309424340724945, 0.13427463173866272, 0.13223418593406677, 0.13416846096515656, 0.13066698610782623, 0.1404545158147812, 0.13222964107990265, 0.13177640736103058, 0.12976081669330597, 0.13455140590667725, 0.1307816058397293, 0.13222578167915344, 0.1309594064950943, 0.1308441311120987, 0.1293214112520218, 0.13267411291599274, 0.13101118803024292, 0.13156481087207794, 0.13410723209381104, 0.14408157765865326, 0.13030952215194702, 0.13048681616783142, 0.13162407279014587, 0.13117435574531555, 0.137456476688385, 0.13168849050998688, 0.14062270522117615, 0.15717734396457672, 0.13265730440616608, 0.1319303810596466, 0.12851691246032715, 0.12999530136585236, 0.12777531147003174, 0.14175714552402496, 0.12878330051898956, 0.13216769695281982, 0.1273861676454544, 0.15388448536396027, 0.12769705057144165, 0.1276448369026184, 0.13158869743347168, 0.13112224638462067, 0.12850062549114227, 0.12734460830688477, 0.13645732402801514, 0.12793703377246857, 0.1322312355041504, 0.13128386437892914, 0.12690401077270508, 0.13010366261005402, 0.1288926899433136],