{"loss": [0.4939675033092499, 0.44235759973526, 0.35562777519226074, 0.2665432095527649, 0.20819693803787231, 0.1775800585746765, 0.15775196254253387, 0.14826631546020508, 0.14128364622592926, 0.1355869174003601, 0.13169993460178375, 0.13080130517482758, 0.1283073127269745, 0.1274232417345047, 0.12569454312324524, 0.12520629167556763, 0.12463132292032242, 0.1236896961927414, 0.12195279449224472, 0.12349473685026169, 0.12129524350166321, 0.12331262975931168, 0.12193546444177628, 0.1220446228981018, 0.1208404153585434, 0.12030661106109619, 0.12006133049726486, 0.11892514675855637, 0.12010981142520905, 0.11982572078704834, 0.12068711221218109, 0.12010111659765244, 0.1195550262928009, 0.12005863338708878, 0.1188695877790451, 0.11988213658332825, 0.12030009180307388, 0.11946465820074081, 0.11977028101682663, 0.11836845427751541, 0.11808474361896515, 0.11725868284702301, 0.11716199666261673, 0.1187499612569809, 0.11781986057758331, 0.1206602156162262, 0.11842794716358185, 0.11723873019218445, 0.11742404103279114, 0.11707787215709686, 0.11838360130786896, 0.11773236840963364, 0.11727720499038696, 0.11855834722518921, 0.11693425476551056, 0.11830902099609375, 0.11607591807842255, 0.11824656277894974, 0.1158708930015564, 0.11898171901702881, 0.11643188446760178, 0.1159725934267044, 0.11625441908836365, 0.11740883439779282, 0.11627071350812912, 0.11677783727645874, 0.115798220038414, 0.1170898973941803, 0.11711069941520691, 0.11680769175291061, 0.11663651466369629, 0.11698395013809204, 0.11642267554998398, 0.11674892157316208, 0.11712493747472763, 0.11620670557022095, 0.1173657476902008, 0.11567758023738861, 0.11736176908016205, 0.11524579674005508, 0.11563500761985779, 0.11535657942295074, 0.11553864926099777, 0.11714078485965729, 0.1158892959356308, 0.11647798120975494, 0.11450763046741486, 0.11654029041528702, 0.11609683185815811, 0.11547107249498367, 0.11521493643522263, 0.11560182273387909, 0.11598028987646103, 0.11567309498786926, 0.11527521908283234, 0.11594472080469131, 0.11458324640989304, 0.11545255035161972, 0.11398697644472122, 0.11566232144832611], "accuracy": [0.8002173900604248, 0.7997826337814331, 0.8210869431495667, 0.9001086950302124, 0.9341304302215576, 0.9465217590332031, 0.9511956572532654, 0.9543478488922119, 0.9553260803222656, 0.9555434584617615, 0.9589130282402039, 0.95923912525177, 0.9596739411354065, 0.9590217471122742, 0.960326075553894, 0.960326075553894, 0.9584782719612122, 0.9594565033912659, 0.9605434536933899, 0.9607608914375305, 0.9609782695770264, 0.9609782695770264, 0.9598913192749023, 0.9599999785423279, 0.9606521725654602, 0.9618478417396545, 0.9627174139022827, 0.9620652198791504, 0.9609782695770264, 0.9611956477165222, 0.9604347944259644, 0.9611956477165222, 0.9613043665885925, 0.9602174162864685, 0.9615217447280884, 0.9601086974143982, 0.9620652198791504, 0.9615217447280884, 0.9605434536933899, 0.9628260731697083, 0.9623913168907166, 0.9627174139022827, 0.9626086950302124, 0.9627174139022827, 0.9618478417396545, 0.9613043665885925, 0.9618478417396545, 0.9629347920417786, 0.9628260731697083, 0.9626086950302124, 0.9615217447280884, 0.9605434536933899, 0.9615217447280884, 0.960869550704956, 0.9610869288444519, 0.9621739387512207, 0.9630434513092041, 0.9621739387512207, 0.9611956477165222, 0.9618478417396545, 0.9634782671928406, 0.9622825980186462, 0.9619565010070801, 0.9609782695770264, 0.9639130234718323, 0.9622825980186462, 0.9622825980186462, 0.9621739387512207, 0.9633695483207703, 0.9614130258560181, 0.9617391228675842, 0.9617391228675842, 0.9634782671928406, 0.9617391228675842, 0.9621739387512207, 0.9622825980186462, 0.9624999761581421, 0.9624999761581421, 0.9617391228675842, 0.9639130234718323, 0.9639130234718323, 0.9635869860649109, 0.9624999761581421, 0.9613043665885925, 0.9631521701812744, 0.9623913168907166, 0.9631521701812744, 0.9622825980186462, 0.9635869860649109, 0.9626086950302124, 0.9633695483207703, 0.9620652198791504, 0.9626086950302124, 0.9628260731697083, 0.9621739387512207, 0.9629347920417786, 0.9635869860649109, 0.9629347920417786, 0.9646739363670349, 0.9629347920417786], "val_loss": [0.46992868185043335, 0.4053954482078552, 0.3086036145687103, 0.2374652922153473, 0.1962718516588211, 0.17367608845233917, 0.15899738669395447, 0.152674600481987, 0.15668047964572906, 0.1420954316854477, 0.1466420590877533, 0.1372920125722885, 0.1379130482673645, 0.13720636069774628, 0.13868951797485352, 0.13579025864601135, 0.13335764408111572, 0.13381293416023254, 0.1323774755001068, 0.15109063684940338, 0.13223913311958313, 0.1319638043642044, 0.13156446814537048, 0.1311442255973816, 0.1324692815542221, 0.1320583075284958, 0.14302553236484528, 0.1314409077167511, 0.1312343329191208, 0.13018599152565002, 0.13023677468299866, 0.13019894063472748, 0.13119705021381378, 0.1307670921087265, 0.12975947558879852, 0.13526251912117004, 0.13152506947517395, 0.13196013867855072, 0.15011826157569885, 0.1312657594680786, 0.13089537620544434, 0.13089598715305328, 0.13165172934532166, 0.13226960599422455, 0.13100232183933258, 0.1360761523246765, 0.13082319498062134, 0.137409970164299, 0.13037721812725067, 0.13015656173229218, 0.14317497611045837, 0.13291692733764648, 0.13101792335510254, 0.1356871873140335, 0.13091646134853363, 0.12963669002056122, 0.129619762301445, 0.1308908313512802, 0.1421239972114563, 0.13027232885360718, 0.13149678707122803, 0.132978156208992, 0.13083933293819427, 0.13544917106628418, 0.13246358931064606, 0.13055573403835297, 0.12948887050151825, 0.12979838252067566, 0.13091769814491272, 0.1318024843931198, 0.13026739656925201, 0.13004043698310852, 0.13553082942962646, 0.13156546652317047, 0.14067736268043518, 0.1322266310453415, 0.1303248405456543, 0.13244615495204926, 0.13027609884738922, 0.13418830931186676, 0.13187789916992188, 0.1344873309135437, 0.13893669843673706, 0.13159126043319702, 0.13006898760795593, 0.12860819697380066, 0.13574768602848053, 0.13136909902095795, 0.1306465119123459, 0.13163810968399048, 0.1300244778394699, 0.1326061338186264, 0.12977632880210876, 0.13003136217594147, 0.13612312078475952, 0.1316632628440857, 0.13139809668064117, 0.12964998185634613, 0.13091973960399628, 0.12858712673187256],