{"loss": [0.4991980493068695, 0.47030168771743774, 0.42697659134864807, 0.36870595812797546, 0.3093990981578827, 0.2593868672847748, 0.22261251509189606, 0.19687022268772125, 0.1793389618396759, 0.16622886061668396, 0.1573576182126999, 0.14993299543857574, 0.1451423168182373, 0.14123640954494476, 0.1375245749950409, 0.13469241559505463, 0.13278543949127197, 0.1311546266078949, 0.12948372960090637, 0.1281176060438156, 0.12723979353904724, 0.12659664452075958, 0.1256236732006073, 0.12491653859615326, 0.12531912326812744, 0.124283567070961, 0.12356618791818619, 0.1237192302942276, 0.12384920567274094, 0.12290244549512863, 0.12280082702636719, 0.12135602533817291, 0.12171567231416702, 0.12051013112068176, 0.1223023533821106, 0.12125444412231445, 0.12269873917102814, 0.12006017565727234, 0.12111242860555649, 0.11968222260475159, 0.1204875260591507, 0.1195087730884552, 0.12003910541534424, 0.11938922107219696, 0.11935751140117645, 0.11927321553230286, 0.1182839572429657, 0.11875740438699722, 0.11908484250307083, 0.11850520968437195, 0.11901576817035675, 0.11877643316984177, 0.1176462471485138, 0.11805575340986252, 0.11751438677310944, 0.11882083863019943, 0.11887791007757187, 0.11750727146863937, 0.11859822273254395, 0.11821646243333817, 0.11803405731916428, 0.11827957630157471, 0.11809494346380234, 0.11694619804620743, 0.11885014921426773, 0.11673838645219803, 0.11814499646425247, 0.11848492175340652, 0.11785773187875748, 0.1169155091047287, 0.11756516247987747, 0.11732418090105057, 0.11781378835439682, 0.11805079132318497, 0.11724415421485901, 0.11623188853263855, 0.11696670204401016, 0.11705489456653595, 0.11717846244573593, 0.11646296083927155, 0.1162765622138977, 0.11636373400688171, 0.11655347794294357, 0.11650759726762772, 0.11599170416593552, 0.11705221235752106, 0.11680570989847183, 0.11611559987068176, 0.11645817011594772, 0.11610441654920578, 0.11614769697189331, 0.11571747809648514, 0.115777388215065, 0.11635527014732361, 0.1158987283706665, 0.11628741770982742, 0.11522895842790604, 0.11677032709121704, 0.11552364379167557, 0.11520552635192871], "accuracy": [0.7997826337814331, 0.7997826337814331, 0.7998912930488586, 0.8076087236404419, 0.8598912954330444, 0.9088043570518494, 0.9265217185020447, 0.9388043284416199, 0.9454348087310791, 0.9516304135322571, 0.9532608985900879, 0.9539130330085754, 0.9553260803222656, 0.9568478465080261, 0.9574999809265137, 0.9572826027870178, 0.9571738839149475, 0.9590217471122742, 0.9579347968101501, 0.9582608938217163, 0.9595652222633362, 0.9599999785423279, 0.9605434536933899, 0.9605434536933899, 0.9590217471122742, 0.9604347944259644, 0.9613043665885925, 0.9601086974143982, 0.9599999785423279, 0.9606521725654602, 0.9605434536933899, 0.9624999761581421, 0.9607608914375305, 0.9605434536933899, 0.9601086974143982, 0.9620652198791504, 0.9615217447280884, 0.9616304636001587, 0.9610869288444519, 0.9610869288444519, 0.9617391228675842, 0.9621739387512207, 0.9624999761581421, 0.9623913168907166, 0.9615217447280884, 0.9623913168907166, 0.9633695483207703, 0.9623913168907166, 0.9620652198791504, 0.9611956477165222, 0.9619565010070801, 0.9624999761581421, 0.9624999761581421, 0.9619565010070801, 0.9618478417396545, 0.9607608914375305, 0.9613043665885925, 0.9623913168907166, 0.9616304636001587, 0.9615217447280884, 0.9621739387512207, 0.9622825980186462, 0.960869550704956, 0.9620652198791504, 0.9620652198791504, 0.9627174139022827, 0.9620652198791504, 0.9615217447280884, 0.9618478417396545, 0.9628260731697083, 0.9621739387512207, 0.9633695483207703, 0.9621739387512207, 0.9619565010070801, 0.9619565010070801, 0.9628260731697083, 0.9633695483207703, 0.9620652198791504, 0.9624999761581421, 0.9632608890533447, 0.9626086950302124, 0.9631521701812744, 0.9631521701812744, 0.9623913168907166, 0.9623913168907166, 0.9621739387512207, 0.9623913168907166, 0.9633695483207703, 0.9622825980186462, 0.9604347944259644, 0.9619565010070801, 0.9632608890533447, 0.9629347920417786, 0.9614130258560181, 0.9621739387512207, 0.9632608890533447, 0.9627174139022827, 0.9628260731697083, 0.9624999761581421, 0.9636956453323364], "val_loss": [0.4835321009159088, 0.4517759680747986, 0.3993805944919586, 0.3400542438030243, 0.2873050570487976, 0.2417229562997818, 0.2118104249238968, 0.19151131808757782, 0.17994332313537598, 0.17041899263858795, 0.16071894764900208, 0.15395060181617737, 0.1496977061033249, 0.14711548388004303, 0.1444418728351593, 0.1432485282421112, 0.1401868313550949, 0.1390010118484497, 0.13985605537891388, 0.13702990114688873, 0.14022783935070038, 0.13854417204856873, 0.14531569182872772, 0.1354813426733017, 0.13915292918682098, 0.1364029198884964, 0.13403812050819397, 0.13259150087833405, 0.13231952488422394, 0.1321203112602234, 0.134935200214386, 0.13184145092964172, 0.13171148300170898, 0.1441638171672821, 0.14353033900260925, 0.13137948513031006, 0.13261273503303528, 0.13166514039039612, 0.13402923941612244, 0.13271203637123108, 0.13102935254573822, 0.13634833693504333, 0.13451270759105682, 0.13408789038658142, 0.13327184319496155, 0.13127881288528442, 0.1309589296579361, 0.13685385882854462, 0.13086815178394318, 0.13071587681770325, 0.13013336062431335, 0.13061895966529846, 0.1305169016122818, 0.13187175989151, 0.1309104561805725, 0.13086874783039093, 0.14249847829341888, 0.13294537365436554, 0.13124196231365204, 0.12973129749298096, 0.13058829307556152, 0.13139231503009796, 0.13097618520259857, 0.1310078501701355, 0.1403977870941162, 0.1308489739894867, 0.1294795274734497, 0.13493862748146057, 0.12981641292572021, 0.13159535825252533, 0.13137875497341156, 0.1313098669052124, 0.13164910674095154, 0.13029511272907257, 0.13028280436992645, 0.1333291083574295, 0.12979061901569366, 0.14088936150074005, 0.12937627732753754, 0.13069526851177216, 0.13040252029895782, 0.12922222912311554, 0.129826620221138, 0.12993194162845612, 0.1353105753660202, 0.13012908399105072, 0.1325535625219345, 0.13121485710144043, 0.1371636688709259, 0.1300303339958191, 0.12972278892993927, 0.1295626014471054, 0.13060536980628967, 0.13241448998451233, 0.1307581216096878, 0.13138213753700256, 0.13741947710514069, 0.12938423454761505, 0.1295548975467682, 0.13154351711273193],