{"loss": [0.5108067393302917, 0.4590303301811218, 0.4245928227901459, 0.3837157189846039, 0.34004443883895874, 0.30065029859542847, 0.2655022442340851, 0.23635049164295197, 0.21292750537395477, 0.1944412738084793, 0.18067008256912231, 0.16929979622364044, 0.16110378503799438, 0.1540105640888214, 0.1489996314048767, 0.14508074522018433, 0.14064976572990417, 0.13800153136253357, 0.1354021281003952, 0.13309088349342346, 0.13133880496025085, 0.13051682710647583, 0.12883497774600983, 0.12760889530181885, 0.12715676426887512, 0.1267908662557602, 0.12575331330299377, 0.12485960870981216, 0.12418489158153534, 0.12412791699171066, 0.12296716868877411, 0.122640460729599, 0.12204761058092117, 0.1234218180179596, 0.12157516926527023, 0.12101484090089798, 0.12091897428035736, 0.12000104784965515, 0.12184479087591171, 0.12005489319562912, 0.11934416741132736, 0.11937020719051361, 0.12047558277845383, 0.11927056312561035, 0.11894448846578598, 0.11879901587963104, 0.11875633895397186, 0.11889306455850601, 0.11846835166215897, 0.11869125068187714, 0.11796427518129349, 0.11871650069952011, 0.11797887086868286, 0.11711238324642181, 0.1181035190820694, 0.11712609231472015, 0.117324098944664, 0.11786927282810211, 0.11713579297065735, 0.11755616217851639, 0.116295725107193, 0.11660241335630417, 0.11631783097982407, 0.11685829609632492, 0.11672051250934601, 0.11581937223672867, 0.11693968623876572, 0.11629681289196014, 0.11629543453454971, 0.11535000801086426, 0.11714831739664078, 0.11593062430620193, 0.11689037829637527, 0.11612506210803986, 0.11653297394514084, 0.1164797842502594, 0.11581285297870636, 0.11526734381914139, 0.11498338729143143, 0.1164802759885788, 0.11571551859378815, 0.11562564969062805, 0.11553055793046951, 0.1151847094297409, 0.11569841206073761, 0.11524084955453873, 0.11555851250886917, 0.11613593250513077, 0.11673073470592499, 0.11583874374628067, 0.11534541845321655, 0.11474527418613434, 0.11430173367261887, 0.11461671441793442, 0.11516934633255005, 0.1144665777683258, 0.11404167115688324, 0.11400864273309708, 0.11452850699424744, 0.11404982954263687], "accuracy": [0.7881521582603455, 0.7997826337814331, 0.800000011920929, 0.8109782338142395, 0.8444564938545227, 0.8795652389526367, 0.905978262424469, 0.9210869669914246, 0.9313043355941772, 0.938043475151062, 0.9416304230690002, 0.946739137172699, 0.9504348039627075, 0.9521738886833191, 0.9526087045669556, 0.9531521797180176, 0.9548913240432739, 0.9564130306243896, 0.9554347991943359, 0.9577174186706543, 0.9567391276359558, 0.9577174186706543, 0.9577174186706543, 0.9589130282402039, 0.9590217471122742, 0.9582608938217163, 0.9584782719612122, 0.9595652222633362, 0.9595652222633362, 0.959782600402832, 0.9588043689727783, 0.959782600402832, 0.9601086974143982, 0.9596739411354065, 0.9601086974143982, 0.9610869288444519, 0.9598913192749023, 0.960869550704956, 0.9604347944259644, 0.9599999785423279, 0.9607608914375305, 0.9613043665885925, 0.9601086974143982, 0.9611956477165222, 0.9619565010070801, 0.9614130258560181, 0.9611956477165222, 0.9598913192749023, 0.9611956477165222, 0.9611956477165222, 0.9614130258560181, 0.9613043665885925, 0.9606521725654602, 0.9623913168907166, 0.9609782695770264, 0.9617391228675842, 0.960326075553894, 0.9610869288444519, 0.9609782695770264, 0.9616304636001587, 0.9617391228675842, 0.9630434513092041, 0.9614130258560181, 0.9614130258560181, 0.9615217447280884, 0.9617391228675842, 0.9614130258560181, 0.9623913168907166, 0.9622825980186462, 0.9624999761581421, 0.9614130258560181, 0.9616304636001587, 0.9623913168907166, 0.9628260731697083, 0.9624999761581421, 0.9619565010070801, 0.9620652198791504, 0.9623913168907166, 0.9633695483207703, 0.960869550704956, 0.9629347920417786, 0.9618478417396545, 0.9623913168907166, 0.9624999761581421, 0.9622825980186462, 0.9626086950302124, 0.9621739387512207, 0.9630434513092041, 0.9613043665885925, 0.9621739387512207, 0.9630434513092041, 0.9629347920417786, 0.9630434513092041, 0.9622825980186462, 0.9624999761581421, 0.9618478417396545, 0.9629347920417786, 0.9621739387512207, 0.9622825980186462, 0.9633695483207703], "val_loss": [0.4741043150424957, 0.4452085494995117, 0.40734484791755676, 0.3665069043636322, 0.32426124811172485, 0.2933475375175476, 0.2557148337364197, 0.23174788057804108, 0.20998619496822357, 0.1937587708234787, 0.18189637362957, 0.17456653714179993, 0.16414473950862885, 0.15839263796806335, 0.1538093388080597, 0.1497149020433426, 0.1469053477048874, 0.14395935833454132, 0.1418159157037735, 0.14014865458011627, 0.1392247974872589, 0.1373361051082611, 0.1537366360425949, 0.13807538151741028, 0.13590016961097717, 0.13370281457901, 0.13525831699371338, 0.13381832838058472, 0.13293559849262238, 0.1317782998085022, 0.13146628439426422, 0.131916806101799, 0.13185454905033112, 0.13078655302524567, 0.13048012554645538, 0.135514497756958, 0.1316336691379547, 0.13271832466125488, 0.13005805015563965, 0.1310105323791504, 0.13163210451602936, 0.1337655782699585, 0.1325206160545349, 0.13240285217761993, 0.1296752393245697, 0.12908682227134705, 0.13069263100624084, 0.12902238965034485, 0.12969067692756653, 0.12882564961910248, 0.13096551597118378, 0.13015389442443848, 0.1289450079202652, 0.12909279763698578, 0.13704068958759308, 0.13285712897777557, 0.12888284027576447, 0.1293783187866211, 0.13801026344299316, 0.13161708414554596, 0.12876853346824646, 0.1302645057439804, 0.13192085921764374, 0.12919743359088898, 0.12964892387390137, 0.13591761887073517, 0.12864555418491364, 0.13138264417648315, 0.1338450312614441, 0.12888294458389282, 0.12796565890312195, 0.12844805419445038, 0.12850245833396912, 0.12831434607505798, 0.13460850715637207, 0.13269415497779846, 0.12845087051391602, 0.12834498286247253, 0.13620172441005707, 0.12871438264846802, 0.12825120985507965, 0.12785910069942474, 0.1281014084815979, 0.13013620674610138, 0.1315211057662964, 0.13253916800022125, 0.1289626508951187, 0.1293468177318573, 0.12771818041801453, 0.1334315836429596, 0.12809181213378906, 0.12832120060920715, 0.12857940793037415, 0.13422942161560059, 0.1281260997056961, 0.12749606370925903, 0.12861712276935577, 0.1498813033103943, 0.12775275111198425, 0.12841737270355225],