{"loss": [0.49158766865730286, 0.39343759417533875, 0.2657575011253357, 0.19491946697235107, 0.16497720777988434, 0.14943407475948334, 0.1406732201576233, 0.13654592633247375, 0.13068543374538422, 0.13159117102622986, 0.12931334972381592, 0.12672731280326843, 0.12639442086219788, 0.12365919351577759, 0.12408214807510376, 0.12586423754692078, 0.1243409514427185, 0.12529315054416656, 0.12246476858854294, 0.12251082807779312, 0.12270721793174744, 0.12249539792537689, 0.1221066415309906, 0.12231108546257019, 0.12316712737083435, 0.12171009927988052, 0.11996199935674667, 0.12161300331354141, 0.11998658627271652, 0.11987174302339554, 0.12128579616546631, 0.12058920413255692, 0.12181735038757324, 0.11952847987413406, 0.12002723664045334, 0.11972567439079285, 0.1204838752746582, 0.11929924041032791, 0.12209540605545044, 0.1199926882982254, 0.11793965101242065, 0.11891643702983856, 0.11880829930305481, 0.12206213921308517, 0.11898897588253021, 0.11921421438455582, 0.11783820390701294, 0.11904559284448624, 0.11959058791399002, 0.11812827736139297, 0.1163545697927475, 0.11950887739658356, 0.11772604286670685, 0.11725003272294998, 0.11723529547452927, 0.1184445321559906, 0.11700545251369476, 0.11811099946498871, 0.11782607436180115, 0.11702510714530945, 0.11919421702623367, 0.11671280860900879, 0.11593007296323776, 0.11931262165307999, 0.11790122836828232, 0.11746365576982498, 0.11810415238142014, 0.11947169899940491, 0.11685731261968613, 0.11625637859106064, 0.11590646207332611, 0.1153533011674881, 0.11783421784639359, 0.11591843515634537, 0.11512022465467453, 0.11859236657619476, 0.11517417430877686, 0.11657779663801193, 0.11421402543783188, 0.11524229496717453, 0.11360418051481247, 0.11514385789632797, 0.1151093989610672, 0.11656501889228821, 0.11394726485013962, 0.11591772735118866, 0.11518305540084839, 0.11410695314407349, 0.116631880402565, 0.1145375669002533, 0.1135222464799881, 0.11321298032999039, 0.11651771515607834, 0.1153276115655899, 0.11498329788446426, 0.11473944783210754, 0.11234843730926514, 0.11332269757986069, 0.11292768269777298, 0.1194586306810379], "accuracy": [0.7915217280387878, 0.8097826242446899, 0.9005434513092041, 0.9409782886505127, 0.9497826099395752, 0.9548913240432739, 0.9567391276359558, 0.955978274345398, 0.9585869312286377, 0.9578260779380798, 0.9573913216590881, 0.9598913192749023, 0.9604347944259644, 0.9609782695770264, 0.9601086974143982, 0.9614130258560181, 0.9589130282402039, 0.9602174162864685, 0.9613043665885925, 0.9604347944259644, 0.9604347944259644, 0.9606521725654602, 0.9619565010070801, 0.9606521725654602, 0.9606521725654602, 0.9610869288444519, 0.9605434536933899, 0.9604347944259644, 0.9617391228675842, 0.9605434536933899, 0.960326075553894, 0.9616304636001587, 0.9609782695770264, 0.9611956477165222, 0.9626086950302124, 0.9604347944259644, 0.9618478417396545, 0.9636956453323364, 0.9601086974143982, 0.960326075553894, 0.9620652198791504, 0.9611956477165222, 0.9620652198791504, 0.9611956477165222, 0.9615217447280884, 0.960869550704956, 0.9622825980186462, 0.9614130258560181, 0.9613043665885925, 0.9615217447280884, 0.9632608890533447, 0.959782600402832, 0.9609782695770264, 0.9619565010070801, 0.9630434513092041, 0.9629347920417786, 0.9619565010070801, 0.9640217423439026, 0.9616304636001587, 0.9627174139022827, 0.9621739387512207, 0.9616304636001587, 0.9629347920417786, 0.9615217447280884, 0.9622825980186462, 0.9615217447280884, 0.9616304636001587, 0.9621739387512207, 0.9623913168907166, 0.9623913168907166, 0.9619565010070801, 0.9641304612159729, 0.9628260731697083, 0.9639130234718323, 0.9628260731697083, 0.9615217447280884, 0.9642391204833984, 0.9617391228675842, 0.9635869860649109, 0.9639130234718323, 0.9640217423439026, 0.9638043642044067, 0.9633695483207703, 0.9629347920417786, 0.9630434513092041, 0.9628260731697083, 0.9641304612159729, 0.9640217423439026, 0.9609782695770264, 0.9617391228675842, 0.9640217423439026, 0.9631521701812744, 0.9620652198791504, 0.9617391228675842, 0.9639130234718323, 0.9615217447280884, 0.9636956453323364, 0.9632608890533447, 0.9615217447280884, 0.9610869288444519], "val_loss": [0.45894715189933777, 0.32408246397972107, 0.23394034802913666, 0.18034154176712036, 0.16089153289794922, 0.14959746599197388, 0.14552752673625946, 0.1399698257446289, 0.13758546113967896, 0.1402939409017563, 0.13531768321990967, 0.13431541621685028, 0.1340477168560028, 0.13484159111976624, 0.13462695479393005, 0.1401282101869583, 0.13258101046085358, 0.13212676346302032, 0.13450311124324799, 0.13805076479911804, 0.1350574791431427, 0.13452191650867462, 0.13137491047382355, 0.14215350151062012, 0.14295561611652374, 0.13196870684623718, 0.1375037133693695, 0.14942887425422668, 0.13107706606388092, 0.1401367038488388, 0.1305140107870102, 0.13245153427124023, 0.13043302297592163, 0.13973884284496307, 0.1434459090232849, 0.1320018321275711, 0.13877612352371216, 0.13194283843040466, 0.13052085041999817, 0.13866978883743286, 0.1338081657886505, 0.13764595985412598, 0.13151554763317108, 0.13870637118816376, 0.14113500714302063, 0.13323664665222168, 0.13170544803142548, 0.13813886046409607, 0.13169164955615997, 0.13652996718883514, 0.13329365849494934, 0.15925541520118713, 0.1321457475423813, 0.1315382719039917, 0.13348796963691711, 0.15058834850788116, 0.12933683395385742, 0.13462334871292114, 0.13092131912708282, 0.13785210251808167, 0.12939320504665375, 0.13009744882583618, 0.13641725480556488, 0.12898191809654236, 0.13169552385807037, 0.1300162971019745, 0.1389523148536682, 0.13034749031066895, 0.12932425737380981, 0.1337055116891861, 0.12967486679553986, 0.12784750759601593, 0.13089987635612488, 0.14045387506484985, 0.13068148493766785, 0.13119035959243774, 0.13013921678066254, 0.12903070449829102, 0.12840549647808075, 0.12838774919509888, 0.1280551254749298, 0.13744808733463287, 0.14510680735111237, 0.13148793578147888, 0.1303856521844864, 0.12646818161010742, 0.12787817418575287, 0.1286434680223465, 0.13528648018836975, 0.1417044997215271, 0.12851886451244354, 0.13689392805099487, 0.1442680060863495, 0.12793779373168945, 0.1286197155714035, 0.1295585334300995, 0.13001134991645813, 0.13884489238262177, 0.1522015929222107, 0.13066864013671875],