{"loss": [0.4924493730068207, 0.4004089832305908, 0.27720731496810913, 0.20375199615955353, 0.16717392206192017, 0.15090540051460266, 0.14180290699005127, 0.13664107024669647, 0.13247527182102203, 0.1298227459192276, 0.12744875252246857, 0.12795796990394592, 0.12593533098697662, 0.12507151067256927, 0.1254134178161621, 0.12360647320747375, 0.12499819695949554, 0.12321995198726654, 0.12407302111387253, 0.12187916785478592, 0.12167302519083023, 0.12280788272619247, 0.12563562393188477, 0.12027789652347565, 0.12161488085985184, 0.1236143410205841, 0.12094546109437943, 0.1203550398349762, 0.1205294281244278, 0.12111277878284454, 0.12061624228954315, 0.11904922127723694, 0.11858963966369629, 0.11960212886333466, 0.11916699260473251, 0.1187957376241684, 0.1190461665391922, 0.11988623440265656, 0.1189248114824295, 0.11885660886764526, 0.11807353049516678, 0.11876450479030609, 0.11865530163049698, 0.11903231590986252, 0.11879725009202957, 0.11860647797584534, 0.12084964662790298, 0.11772208660840988, 0.11799824237823486, 0.11699292808771133, 0.11714059859514236, 0.11693096905946732, 0.11879633367061615, 0.11603882163763046, 0.11753811687231064, 0.11590540409088135, 0.11626429110765457, 0.11737579107284546, 0.11827687174081802, 0.12060404568910599, 0.11534443497657776, 0.11927828937768936, 0.11717015504837036, 0.11615736037492752, 0.11658650636672974, 0.11554163694381714, 0.11615076661109924, 0.11632836610078812, 0.11674106866121292, 0.11809875816106796, 0.11545771360397339, 0.11742361634969711, 0.11547882109880447, 0.11479528993368149, 0.11725694686174393, 0.11510853469371796, 0.11585655063390732, 0.11543610692024231, 0.11466918885707855, 0.115536630153656, 0.11437437683343887, 0.11604280024766922, 0.11497016251087189, 0.114368736743927, 0.11355777829885483, 0.11511579155921936, 0.1133008599281311, 0.11632964015007019, 0.11358718574047089, 0.11670570820569992, 0.11286025494337082, 0.11508508026599884, 0.11592161655426025, 0.1153692752122879, 0.11362875252962112, 0.11406364291906357, 0.11722270399332047, 0.11230436712503433, 0.11476974934339523, 0.11299853771924973], "accuracy": [0.789130449295044, 0.8111956715583801, 0.8921738862991333, 0.9357608556747437, 0.9497826099395752, 0.9538043737411499, 0.9557608962059021, 0.955978274345398, 0.9582608938217163, 0.958695650100708, 0.959782600402832, 0.9593478441238403, 0.959782600402832, 0.9605434536933899, 0.9605434536933899, 0.9589130282402039, 0.95923912525177, 0.9599999785423279, 0.9596739411354065, 0.9605434536933899, 0.960869550704956, 0.9610869288444519, 0.9595652222633362, 0.9617391228675842, 0.9605434536933899, 0.9604347944259644, 0.9620652198791504, 0.9605434536933899, 0.9610869288444519, 0.9607608914375305, 0.9607608914375305, 0.9622825980186462, 0.9611956477165222, 0.9621739387512207, 0.9606521725654602, 0.9617391228675842, 0.9621739387512207, 0.9626086950302124, 0.9618478417396545, 0.9626086950302124, 0.9618478417396545, 0.9619565010070801, 0.9616304636001587, 0.9614130258560181, 0.9629347920417786, 0.9618478417396545, 0.9606521725654602, 0.9628260731697083, 0.9609782695770264, 0.9616304636001587, 0.9624999761581421, 0.9614130258560181, 0.9623913168907166, 0.9639130234718323, 0.9624999761581421, 0.9632608890533447, 0.9629347920417786, 0.9615217447280884, 0.9627174139022827, 0.9604347944259644, 0.9632608890533447, 0.9599999785423279, 0.9611956477165222, 0.9630434513092041, 0.9630434513092041, 0.9632608890533447, 0.9631521701812744, 0.9633695483207703, 0.9626086950302124, 0.9632608890533447, 0.9627174139022827, 0.9638043642044067, 0.9639130234718323, 0.9631521701812744, 0.9622825980186462, 0.9630434513092041, 0.9624999761581421, 0.9628260731697083, 0.9622825980186462, 0.9631521701812744, 0.9627174139022827, 0.9623913168907166, 0.9620652198791504, 0.9617391228675842, 0.9646739363670349, 0.9617391228675842, 0.9644564986228943, 0.9623913168907166, 0.9639130234718323, 0.9623913168907166, 0.9628260731697083, 0.9631521701812744, 0.9610869288444519, 0.9607608914375305, 0.9624999761581421, 0.9628260731697083, 0.9627174139022827, 0.9630434513092041, 0.9627174139022827, 0.9632608890533447], "val_loss": [0.4559439420700073, 0.33738836646080017, 0.23296935856342316, 0.18932051956653595, 0.16383758187294006, 0.15628334879875183, 0.14519497752189636, 0.1431882381439209, 0.13810311257839203, 0.13842621445655823, 0.15068097412586212, 0.13404589891433716, 0.14391526579856873, 0.1351892650127411, 0.14078494906425476, 0.13398203253746033, 0.13696900010108948, 0.13735105097293854, 0.14102117717266083, 0.13143616914749146, 0.14264753460884094, 0.13125520944595337, 0.14897282421588898, 0.13058389723300934, 0.13063588738441467, 0.13925690948963165, 0.1301233172416687, 0.13061842322349548, 0.138250932097435, 0.13099999725818634, 0.14510005712509155, 0.13170135021209717, 0.13576237857341766, 0.13104555010795593, 0.1328667551279068, 0.13312974572181702, 0.13109882175922394, 0.13191348314285278, 0.1326686441898346, 0.13088756799697876, 0.13024844229221344, 0.1304735392332077, 0.13376978039741516, 0.13224925100803375, 0.12990453839302063, 0.1318674236536026, 0.13091138005256653, 0.13217595219612122, 0.1407804936170578, 0.13099327683448792, 0.1296241134405136, 0.1411323845386505, 0.13234664499759674, 0.13420124351978302, 0.13026286661624908, 0.14938461780548096, 0.13050498068332672, 0.13049675524234772, 0.1289619505405426, 0.12957054376602173, 0.12965881824493408, 0.16173285245895386, 0.1298990100622177, 0.12972454726696014, 0.1287052035331726, 0.1289658546447754, 0.1374547928571701, 0.1285226047039032, 0.12855423986911774, 0.12925836443901062, 0.13423998653888702, 0.13736096024513245, 0.13074420392513275, 0.14297844469547272, 0.1312667727470398, 0.13083429634571075, 0.13140557706356049, 0.13044890761375427, 0.1338643729686737, 0.12831932306289673, 0.1354587972164154, 0.13055554032325745, 0.13091778755187988, 0.12806573510169983, 0.13297291100025177, 0.1278589516878128, 0.12679976224899292, 0.13356000185012817, 0.1281626671552658, 0.1325039118528366, 0.12927478551864624, 0.13876056671142578, 0.1287357211112976, 0.1298631876707077, 0.1336018592119217, 0.12564250826835632, 0.12701450288295746, 0.12770777940750122, 0.12684331834316254, 0.12836453318595886],