{"loss": [0.5105671286582947, 0.47270408272743225, 0.41756024956703186, 0.339376837015152, 0.26804786920547485, 0.21913419663906097, 0.18880988657474518, 0.16944603621959686, 0.15666620433330536, 0.14926037192344666, 0.14059476554393768, 0.13746313750743866, 0.13356153666973114, 0.13120268285274506, 0.12805946171283722, 0.12741054594516754, 0.12734730541706085, 0.12498676776885986, 0.12629485130310059, 0.12278205901384354, 0.12182778865098953, 0.12260086834430695, 0.122325599193573, 0.12126239389181137, 0.12123151868581772, 0.12171997129917145, 0.11973867565393448, 0.11937005072832108, 0.11944214999675751, 0.11974842846393585, 0.11859545111656189, 0.11939183622598648, 0.11824586242437363, 0.11851244419813156, 0.11832426488399506, 0.11864825338125229, 0.11877851188182831, 0.11755337566137314, 0.11793127655982971, 0.11771360784769058, 0.11688825488090515, 0.11722075194120407, 0.11793460696935654, 0.11671476811170578, 0.11723475158214569, 0.11718928068876266, 0.11727232486009598, 0.11720773577690125, 0.11674853414297104, 0.11771091818809509, 0.11616706848144531, 0.11583507061004639, 0.11675454676151276, 0.1160997748374939, 0.11593029648065567, 0.11566265672445297, 0.11546728760004044, 0.11465675383806229, 0.11800400167703629, 0.11596844345331192, 0.11437391489744186, 0.11577818542718887, 0.11593199521303177, 0.11540122330188751, 0.11498374491930008, 0.11752530187368393, 0.11442460864782333, 0.11503781378269196, 0.11422210931777954, 0.11614099889993668, 0.11468349397182465, 0.11437149345874786, 0.1153743714094162, 0.11386051028966904, 0.11451981216669083, 0.11397357285022736, 0.1149785965681076, 0.11377780884504318, 0.11438702046871185, 0.11412039399147034, 0.11376917362213135, 0.11332940310239792, 0.11425579339265823, 0.1132516860961914, 0.1128273606300354, 0.11360533535480499, 0.1138942688703537, 0.11384322494268417, 0.11182557791471481, 0.112577885389328, 0.11341523379087448, 0.11248913407325745, 0.11349387466907501, 0.11237873882055283, 0.11160314083099365, 0.11160457134246826, 0.11426748335361481, 0.11340369284152985, 0.11243734508752823, 0.11377610266208649], "accuracy": [0.7970651984214783, 0.7997826337814331, 0.8003261089324951, 0.8361956477165222, 0.9024999737739563, 0.9283695816993713, 0.9424999952316284, 0.9473913311958313, 0.9523913264274597, 0.9541304111480713, 0.9558695554733276, 0.955978274345398, 0.9567391276359558, 0.9585869312286377, 0.9590217471122742, 0.9594565033912659, 0.957608699798584, 0.9590217471122742, 0.959782600402832, 0.9598913192749023, 0.9598913192749023, 0.9605434536933899, 0.9602174162864685, 0.9618478417396545, 0.9609782695770264, 0.9602174162864685, 0.9613043665885925, 0.960869550704956, 0.9615217447280884, 0.9604347944259644, 0.9627174139022827, 0.9610869288444519, 0.9622825980186462, 0.9623913168907166, 0.9611956477165222, 0.9614130258560181, 0.9598913192749023, 0.9614130258560181, 0.9610869288444519, 0.9618478417396545, 0.9623913168907166, 0.9627174139022827, 0.9618478417396545, 0.9614130258560181, 0.9628260731697083, 0.9621739387512207, 0.9627174139022827, 0.9621739387512207, 0.9623913168907166, 0.9616304636001587, 0.9624999761581421, 0.9622825980186462, 0.9628260731697083, 0.9616304636001587, 0.9621739387512207, 0.9619565010070801, 0.9628260731697083, 0.9621739387512207, 0.9624999761581421, 0.9627174139022827, 0.9642391204833984, 0.9627174139022827, 0.9629347920417786, 0.9613043665885925, 0.9624999761581421, 0.9617391228675842, 0.9638043642044067, 0.9628260731697083, 0.9634782671928406, 0.9622825980186462, 0.9633695483207703, 0.9627174139022827, 0.9629347920417786, 0.9627174139022827, 0.9636956453323364, 0.9631521701812744, 0.9629347920417786, 0.9633695483207703, 0.9629347920417786, 0.9632608890533447, 0.9629347920417786, 0.9629347920417786, 0.9628260731697083, 0.9642391204833984, 0.9622825980186462, 0.9627174139022827, 0.9627174139022827, 0.9624999761581421, 0.9640217423439026, 0.9649999737739563, 0.9630434513092041, 0.9630434513092041, 0.9619565010070801, 0.9629347920417786, 0.9635869860649109, 0.9645652174949646, 0.9631521701812744, 0.9635869860649109, 0.9627174139022827, 0.9636956453323364], "val_loss": [0.4912508428096771, 0.4497724771499634, 0.38621750473976135, 0.3099212050437927, 0.24504946172237396, 0.20754288136959076, 0.18371222913265228, 0.16994574666023254, 0.16262488067150116, 0.15137805044651031, 0.14643718302249908, 0.14287404716014862, 0.14075690507888794, 0.1382737159729004, 0.1371641457080841, 0.14039388298988342, 0.14003250002861023, 0.1329997479915619, 0.1348336786031723, 0.13268254697322845, 0.1346708983182907, 0.132368803024292, 0.1357925683259964, 0.1337001770734787, 0.13816243410110474, 0.13194526731967926, 0.13758960366249084, 0.13106200098991394, 0.13023494184017181, 0.13068342208862305, 0.13036061823368073, 0.1310342401266098, 0.13620923459529877, 0.13853012025356293, 0.13354696333408356, 0.12968404591083527, 0.13265638053417206, 0.15036499500274658, 0.13080371916294098, 0.13155773282051086, 0.13011965155601501, 0.13410544395446777, 0.1310674399137497, 0.13005390763282776, 0.13009874522686005, 0.1322474181652069, 0.1304219365119934, 0.13134483993053436, 0.13339291512966156, 0.13100279867649078, 0.1302722692489624, 0.1310289353132248, 0.12977424263954163, 0.13008497655391693, 0.1301415115594864, 0.12987223267555237, 0.13091892004013062, 0.1392144411802292, 0.13989681005477905, 0.13425616919994354, 0.13122814893722534, 0.1322995275259018, 0.13219068944454193, 0.13297413289546967, 0.13238920271396637, 0.13813601434230804, 0.13175901770591736, 0.1299963891506195, 0.1300971508026123, 0.13039149343967438, 0.13269127905368805, 0.13050445914268494, 0.13293829560279846, 0.13411590456962585, 0.1393953412771225, 0.13036015629768372, 0.13220687210559845, 0.14262579381465912, 0.132564514875412, 0.13088268041610718, 0.13464218378067017, 0.12880155444145203, 0.1289973258972168, 0.1323682814836502, 0.14071355760097504, 0.12935256958007812, 0.13047046959400177, 0.1287163347005844, 0.12917888164520264, 0.12988194823265076, 0.12941522896289825, 0.13090331852436066, 0.13417306542396545, 0.129239022731781, 0.13054636120796204, 0.14104709029197693, 0.1431359052658081, 0.128116637468338, 0.12811505794525146, 0.1292804628610611],