{"loss": [0.5019895434379578, 0.4823681116104126, 0.46212393045425415, 0.43221548199653625, 0.3956727683544159, 0.35477787256240845, 0.3155220150947571, 0.28014764189720154, 0.2512848675251007, 0.22705237567424774, 0.20793062448501587, 0.1933750957250595, 0.1807628571987152, 0.17148204147815704, 0.163796529173851, 0.15736998617649078, 0.15244711935520172, 0.14817121624946594, 0.14419840276241302, 0.14160998165607452, 0.1387527734041214, 0.13724622130393982, 0.13506844639778137, 0.13276901841163635, 0.13189327716827393, 0.1306232511997223, 0.12976200878620148, 0.12835800647735596, 0.12783052027225494, 0.12726275622844696, 0.12682197988033295, 0.125861257314682, 0.12549933791160583, 0.12533992528915405, 0.12468627840280533, 0.12392126023769379, 0.12487021833658218, 0.1233656257390976, 0.12322406470775604, 0.1222599595785141, 0.12184876948595047, 0.12150706350803375, 0.12061259150505066, 0.12090049684047699, 0.12111431360244751, 0.12025564163923264, 0.12041060626506805, 0.12036912888288498, 0.12001615017652512, 0.12050250172615051, 0.11951614916324615, 0.11918458342552185, 0.12144502252340317, 0.11865787953138351, 0.11946646124124527, 0.11817940324544907, 0.11807548254728317, 0.11807894706726074, 0.11807180941104889, 0.1197860985994339, 0.11770378053188324, 0.11792075634002686, 0.11833229660987854, 0.11776124686002731, 0.11753437668085098, 0.11751066893339157, 0.117555171251297, 0.11696965992450714, 0.11682579666376114, 0.11620743572711945, 0.11678323149681091, 0.11707231402397156, 0.11660866439342499, 0.11672420054674149, 0.116401806473732, 0.1158871054649353, 0.11699230968952179, 0.11615455895662308, 0.1161154955625534, 0.11687172204256058, 0.11654078215360641, 0.11547490954399109, 0.11555402725934982, 0.11520566046237946, 0.11576282978057861, 0.11468934267759323, 0.11503356695175171, 0.11531221121549606, 0.1150166243314743, 0.11553116142749786, 0.11520788073539734, 0.11498812586069107, 0.11592880636453629, 0.115711510181427, 0.11461357027292252, 0.11380961537361145, 0.1140238493680954, 0.1138293594121933, 0.1147775650024414, 0.11466353386640549], "accuracy": [0.7997826337814331, 0.7997826337814331, 0.7997826337814331, 0.7997826337814331, 0.8003261089324951, 0.8167391419410706, 0.85597825050354, 0.8919565081596375, 0.9114130139350891, 0.9247826337814331, 0.9334782361984253, 0.9402173757553101, 0.9455434679985046, 0.9477173686027527, 0.9493478536605835, 0.9530434608459473, 0.9521738886833191, 0.9534782767295837, 0.9555434584617615, 0.9546738862991333, 0.9557608962059021, 0.957065224647522, 0.9566304087638855, 0.958152174949646, 0.9573913216590881, 0.9578260779380798, 0.958152174949646, 0.9584782719612122, 0.957065224647522, 0.9589130282402039, 0.9595652222633362, 0.958695650100708, 0.9594565033912659, 0.9596739411354065, 0.9588043689727783, 0.9595652222633362, 0.95923912525177, 0.9599999785423279, 0.9610869288444519, 0.9609782695770264, 0.9596739411354065, 0.960869550704956, 0.960326075553894, 0.9621739387512207, 0.960326075553894, 0.9611956477165222, 0.9613043665885925, 0.9619565010070801, 0.9619565010070801, 0.9617391228675842, 0.9609782695770264, 0.9613043665885925, 0.960326075553894, 0.9615217447280884, 0.9611956477165222, 0.9623913168907166, 0.9617391228675842, 0.9619565010070801, 0.9624999761581421, 0.9618478417396545, 0.9617391228675842, 0.9620652198791504, 0.9622825980186462, 0.9613043665885925, 0.9618478417396545, 0.9633695483207703, 0.9627174139022827, 0.9629347920417786, 0.9624999761581421, 0.9632608890533447, 0.9622825980186462, 0.9632608890533447, 0.9627174139022827, 0.9620652198791504, 0.9615217447280884, 0.9624999761581421, 0.9632608890533447, 0.9633695483207703, 0.9622825980186462, 0.9626086950302124, 0.9619565010070801, 0.9634782671928406, 0.9632608890533447, 0.9632608890533447, 0.9627174139022827, 0.9630434513092041, 0.9628260731697083, 0.9633695483207703, 0.9627174139022827, 0.9620652198791504, 0.9633695483207703, 0.9631521701812744, 0.9619565010070801, 0.9623913168907166, 0.9642391204833984, 0.9640217423439026, 0.9632608890533447, 0.9623913168907166, 0.9626086950302124, 0.9626086950302124], "val_loss": [0.4894513189792633, 0.4731329381465912, 0.4487166106700897, 0.416750431060791, 0.37627652287483215, 0.3366125226020813, 0.29982107877731323, 0.2713233530521393, 0.24566470086574554, 0.22190716862678528, 0.20678426325321198, 0.19486990571022034, 0.18282128870487213, 0.173970028758049, 0.1688670814037323, 0.16240258514881134, 0.15852338075637817, 0.1542992740869522, 0.15072964131832123, 0.14840614795684814, 0.14648984372615814, 0.1447988748550415, 0.1428184062242508, 0.14114508032798767, 0.1408538967370987, 0.1391749531030655, 0.13885587453842163, 0.13751403987407684, 0.1382552981376648, 0.1362757682800293, 0.13594360649585724, 0.13558220863342285, 0.13710537552833557, 0.13448172807693481, 0.13485343754291534, 0.13557106256484985, 0.1361229568719864, 0.13342413306236267, 0.1332804262638092, 0.1328565925359726, 0.1335243135690689, 0.13264219462871552, 0.1327141970396042, 0.13225139677524567, 0.13375800848007202, 0.13182497024536133, 0.13322800397872925, 0.13191956281661987, 0.13158069550991058, 0.13140054047107697, 0.13103587925434113, 0.13076086342334747, 0.13377779722213745, 0.13080257177352905, 0.1310851126909256, 0.13234899938106537, 0.1307782530784607, 0.13090746104717255, 0.1311398595571518, 0.1301545351743698, 0.1305679827928543, 0.13258236646652222, 0.13069236278533936, 0.13009223341941833, 0.1305273026227951, 0.13271014392375946, 0.132761150598526, 0.12980112433433533, 0.13228946924209595, 0.133039653301239, 0.1321687400341034, 0.13523542881011963, 0.13325628638267517, 0.13084101676940918, 0.13041768968105316, 0.13218162953853607, 0.13117779791355133, 0.1297731250524521, 0.13807137310504913, 0.13236942887306213, 0.13034529983997345, 0.13007625937461853, 0.13171370327472687, 0.13061106204986572, 0.13107696175575256, 0.12972718477249146, 0.1297917366027832, 0.13085201382637024, 0.1306670606136322, 0.13105183839797974, 0.1350899636745453, 0.13079169392585754, 0.12908188998699188, 0.1305668205022812, 0.13106007874011993, 0.1292055994272232, 0.12950173020362854, 0.1333245187997818, 0.13165539503097534, 0.13329742848873138],