{"loss": [0.49327805638313293, 0.45486775040626526, 0.3994419276714325, 0.32756367325782776, 0.26464444398880005, 0.22163128852844238, 0.19272230565547943, 0.17385204136371613, 0.15955081582069397, 0.15151864290237427, 0.14535880088806152, 0.14055512845516205, 0.13678845763206482, 0.1327935755252838, 0.13194794952869415, 0.12918010354042053, 0.12750600278377533, 0.12744440138339996, 0.12498671561479568, 0.12483908236026764, 0.12429926544427872, 0.12297647446393967, 0.12363409996032715, 0.12254510074853897, 0.12172508984804153, 0.12185755372047424, 0.12138305604457855, 0.1212112307548523, 0.12019521743059158, 0.12131479382514954, 0.12110587954521179, 0.12085431814193726, 0.12045284360647202, 0.12027033418416977, 0.11962008476257324, 0.11976683139801025, 0.11934270709753036, 0.12011255323886871, 0.11934974044561386, 0.11886117607355118, 0.11931249499320984, 0.11904559284448624, 0.11815311759710312, 0.11872225254774094, 0.11834881454706192, 0.11899512261152267, 0.11898178607225418, 0.11750039458274841, 0.11854162067174911, 0.11909124255180359, 0.11713430285453796, 0.1182897537946701, 0.11668450385332108, 0.11674817651510239, 0.11895060539245605, 0.11752985417842865, 0.1178785115480423, 0.11637692898511887, 0.11740097403526306, 0.11739660054445267, 0.11687850207090378, 0.11693020910024643, 0.11582701653242111, 0.11667894572019577, 0.11639001965522766, 0.11783567816019058, 0.11590848118066788, 0.1170722097158432, 0.11555904150009155, 0.11473936587572098, 0.11610111594200134, 0.11613189429044724, 0.11496173590421677, 0.11589254438877106, 0.11597729474306107, 0.11453045159578323, 0.11492165178060532, 0.11546438187360764, 0.11479854583740234, 0.11534872651100159, 0.11501471698284149, 0.11528130620718002, 0.11488156765699387, 0.11469361931085587, 0.1143464595079422, 0.11448049545288086, 0.11506558954715729, 0.11581405997276306, 0.11580736190080643, 0.11544035375118256, 0.11584901064634323, 0.11583144217729568, 0.11442220956087112, 0.11354581266641617, 0.11484608799219131, 0.11501368135213852, 0.11451734602451324, 0.1145404577255249, 0.11469238251447678, 0.11388159543275833], "accuracy": [0.7997826337814331, 0.7997826337814331, 0.8014130592346191, 0.8452174067497253, 0.9023913145065308, 0.9281522035598755, 0.9411956667900085, 0.9481521844863892, 0.9519565105438232, 0.9528260827064514, 0.9554347991943359, 0.9553260803222656, 0.957608699798584, 0.9572826027870178, 0.9579347968101501, 0.9588043689727783, 0.9582608938217163, 0.9598913192749023, 0.9594565033912659, 0.960326075553894, 0.9594565033912659, 0.9606521725654602, 0.9601086974143982, 0.9598913192749023, 0.9599999785423279, 0.958695650100708, 0.959782600402832, 0.9605434536933899, 0.9611956477165222, 0.9619565010070801, 0.960326075553894, 0.9621739387512207, 0.9614130258560181, 0.9615217447280884, 0.960326075553894, 0.9605434536933899, 0.9611956477165222, 0.9613043665885925, 0.9619565010070801, 0.9605434536933899, 0.9611956477165222, 0.9604347944259644, 0.9620652198791504, 0.9627174139022827, 0.9613043665885925, 0.9620652198791504, 0.9609782695770264, 0.9628260731697083, 0.9605434536933899, 0.9620652198791504, 0.9627174139022827, 0.9626086950302124, 0.9619565010070801, 0.9626086950302124, 0.9614130258560181, 0.9622825980186462, 0.9630434513092041, 0.9631521701812744, 0.9619565010070801, 0.9628260731697083, 0.9622825980186462, 0.9615217447280884, 0.9623913168907166, 0.9630434513092041, 0.9629347920417786, 0.9615217447280884, 0.9628260731697083, 0.9623913168907166, 0.9633695483207703, 0.9634782671928406, 0.9617391228675842, 0.9628260731697083, 0.9626086950302124, 0.9626086950302124, 0.9630434513092041, 0.9627174139022827, 0.9642391204833984, 0.9620652198791504, 0.9633695483207703, 0.9627174139022827, 0.9623913168907166, 0.9622825980186462, 0.9622825980186462, 0.9629347920417786, 0.9635869860649109, 0.9628260731697083, 0.9626086950302124, 0.9630434513092041, 0.9639130234718323, 0.9624999761581421, 0.9631521701812744, 0.9622825980186462, 0.9617391228675842, 0.9635869860649109, 0.9627174139022827, 0.9621739387512207, 0.9631521701812744, 0.9633695483207703, 0.9620652198791504, 0.9631521701812744], "val_loss": [0.4729118049144745, 0.43174049258232117, 0.3678925037384033, 0.2984001934528351, 0.24546119570732117, 0.21656915545463562, 0.1885620802640915, 0.18109646439552307, 0.16748712956905365, 0.1555069386959076, 0.1545373946428299, 0.15137633681297302, 0.14586752653121948, 0.14637091755867004, 0.13917933404445648, 0.13823570311069489, 0.14350834488868713, 0.13570746779441833, 0.13561031222343445, 0.1361444741487503, 0.13348758220672607, 0.13334737718105316, 0.13450846076011658, 0.13662242889404297, 0.14076605439186096, 0.1348944455385208, 0.13238149881362915, 0.13176099956035614, 0.13309568166732788, 0.13214163482189178, 0.13200847804546356, 0.131981760263443, 0.13478319346904755, 0.13134369254112244, 0.13226798176765442, 0.13066312670707703, 0.13063675165176392, 0.13039007782936096, 0.1345144510269165, 0.13265515863895416, 0.1324116587638855, 0.13088738918304443, 0.13215522468090057, 0.13000085949897766, 0.14990761876106262, 0.13006915152072906, 0.13662980496883392, 0.1307378113269806, 0.13067597150802612, 0.1305076628923416, 0.13251212239265442, 0.1344795525074005, 0.13009755313396454, 0.13021303713321686, 0.12973423302173615, 0.13399770855903625, 0.1291959434747696, 0.13105396926403046, 0.1293777972459793, 0.13298742473125458, 0.13019192218780518, 0.12932012975215912, 0.13000115752220154, 0.1311292201280594, 0.12934884428977966, 0.12967070937156677, 0.13061483204364777, 0.12990204989910126, 0.12987279891967773, 0.12972508370876312, 0.1301170140504837, 0.12949572503566742, 0.12957678735256195, 0.12971509993076324, 0.1326431930065155, 0.12999744713306427, 0.13257592916488647, 0.13114938139915466, 0.13708437979221344, 0.12938866019248962, 0.13167263567447662, 0.12979866564273834, 0.13555461168289185, 0.1285616010427475, 0.1304270178079605, 0.12918387353420258, 0.13518740236759186, 0.12885916233062744, 0.12972141802310944, 0.12931165099143982, 0.12920208275318146, 0.1308993548154831, 0.13046938180923462, 0.13863898813724518, 0.1285392791032791, 0.13619700074195862, 0.12856462597846985, 0.12826929986476898, 0.13095419108867645, 0.13051486015319824],