{"loss": [0.4825124740600586, 0.37843239307403564, 0.25425973534584045, 0.1873491257429123, 0.15806399285793304, 0.1446387618780136, 0.14023041725158691, 0.13573701679706573, 0.1311146467924118, 0.1284911334514618, 0.12764032185077667, 0.12615151703357697, 0.12809021770954132, 0.12587736546993256, 0.12449654191732407, 0.12387216091156006, 0.12462186068296432, 0.1262349933385849, 0.12321672588586807, 0.12215477973222733, 0.12246712297201157, 0.12126646935939789, 0.1222388744354248, 0.1239520013332367, 0.12363533675670624, 0.12201094627380371, 0.12010443955659866, 0.12259859591722488, 0.12237969785928726, 0.12074404209852219, 0.11910327523946762, 0.12251635640859604, 0.12195704877376556, 0.12014380097389221, 0.11928688734769821, 0.11890232563018799, 0.12038453668355942, 0.11833024024963379, 0.11907459795475006, 0.12151360511779785, 0.11969929933547974, 0.11948702484369278, 0.12104593217372894, 0.1207476407289505, 0.12032406777143478, 0.11898831278085709, 0.11871939152479172, 0.1195492297410965, 0.1197824627161026, 0.11999297887086868, 0.11975102871656418, 0.11888100206851959, 0.12008588761091232, 0.12032579630613327, 0.11796130985021591, 0.11785292625427246, 0.12154848873615265, 0.11747375130653381, 0.12310971319675446, 0.11875149607658386, 0.11936450749635696, 0.11766719818115234, 0.11778636276721954, 0.11848550289869308, 0.11725305765867233, 0.11576194316148758, 0.11677058786153793, 0.11850573867559433, 0.11995100229978561, 0.11806955188512802, 0.11936255544424057, 0.11682397127151489, 0.11780259013175964, 0.11666100472211838, 0.11606140434741974, 0.11857348680496216, 0.11633570492267609, 0.11511507630348206, 0.1169794350862503, 0.117793008685112, 0.11638301610946655, 0.11608759313821793, 0.11428440362215042, 0.11677106469869614, 0.11783062666654587, 0.1150321513414383, 0.11682187020778656, 0.11434981971979141, 0.11515680700540543, 0.11495526134967804, 0.11530609428882599, 0.11680133640766144, 0.11528369039297104, 0.11499352753162384, 0.11710989475250244, 0.11479705572128296, 0.11647592484951019, 0.11465046554803848, 0.11601228266954422, 0.1157582551240921], "accuracy": [0.8002173900604248, 0.8227173686027527, 0.9105435013771057, 0.9423912763595581, 0.9496738910675049, 0.9553260803222656, 0.9547826051712036, 0.9569565057754517, 0.957608699798584, 0.959782600402832, 0.9578260779380798, 0.9596739411354065, 0.95923912525177, 0.9589130282402039, 0.9599999785423279, 0.9607608914375305, 0.9604347944259644, 0.959782600402832, 0.960326075553894, 0.9624999761581421, 0.9614130258560181, 0.9611956477165222, 0.9604347944259644, 0.9605434536933899, 0.9610869288444519, 0.9610869288444519, 0.9621739387512207, 0.9617391228675842, 0.9619565010070801, 0.960326075553894, 0.9621739387512207, 0.9605434536933899, 0.9604347944259644, 0.9626086950302124, 0.9613043665885925, 0.9630434513092041, 0.9616304636001587, 0.9624999761581421, 0.9623913168907166, 0.9604347944259644, 0.9623913168907166, 0.9616304636001587, 0.9617391228675842, 0.9614130258560181, 0.9604347944259644, 0.9609782695770264, 0.9624999761581421, 0.9607608914375305, 0.9615217447280884, 0.9615217447280884, 0.9611956477165222, 0.9624999761581421, 0.960326075553894, 0.960869550704956, 0.9622825980186462, 0.9626086950302124, 0.9614130258560181, 0.9616304636001587, 0.960326075553894, 0.9629347920417786, 0.9624999761581421, 0.9624999761581421, 0.9630434513092041, 0.9626086950302124, 0.9631521701812744, 0.9642391204833984, 0.9613043665885925, 0.9626086950302124, 0.9618478417396545, 0.9620652198791504, 0.9626086950302124, 0.9609782695770264, 0.9620652198791504, 0.9624999761581421, 0.9620652198791504, 0.9617391228675842, 0.9624999761581421, 0.9639130234718323, 0.9629347920417786, 0.9617391228675842, 0.9642391204833984, 0.9630434513092041, 0.9640217423439026, 0.9626086950302124, 0.9620652198791504, 0.9636956453323364, 0.9617391228675842, 0.9630434513092041, 0.9632608890533447, 0.9642391204833984, 0.9616304636001587, 0.9634782671928406, 0.9635869860649109, 0.9638043642044067, 0.9629347920417786, 0.9623913168907166, 0.9633695483207703, 0.9626086950302124, 0.9631521701812744, 0.9641304612159729], "val_loss": [0.4454180896282196, 0.31018373370170593, 0.22411689162254333, 0.17989741265773773, 0.15727557241916656, 0.14740633964538574, 0.1467588245868683, 0.13984332978725433, 0.14204710721969604, 0.14293327927589417, 0.1366811990737915, 0.13468287885189056, 0.13654454052448273, 0.14558978378772736, 0.13425754010677338, 0.132748544216156, 0.13589909672737122, 0.13288864493370056, 0.1318635642528534, 0.13211990892887115, 0.13336507976055145, 0.13882555067539215, 0.1320294588804245, 0.13537995517253876, 0.13475719094276428, 0.13276886940002441, 0.1352212280035019, 0.13350850343704224, 0.1337602138519287, 0.1328119933605194, 0.13322466611862183, 0.14385686814785004, 0.13342222571372986, 0.13315051794052124, 0.1383109986782074, 0.14103345572948456, 0.13207818567752838, 0.1362728625535965, 0.13243451714515686, 0.13411054015159607, 0.13910314440727234, 0.13573172688484192, 0.13128778338432312, 0.14015483856201172, 0.13353052735328674, 0.14175932109355927, 0.13065361976623535, 0.13301682472229004, 0.13724133372306824, 0.16373619437217712, 0.13142412900924683, 0.13622413575649261, 0.13487166166305542, 0.14099140465259552, 0.14717347919940948, 0.13418956100940704, 0.1309865117073059, 0.13659021258354187, 0.13204094767570496, 0.13095885515213013, 0.13027770817279816, 0.13406965136528015, 0.13617323338985443, 0.1306968480348587, 0.1390697956085205, 0.13067956268787384, 0.13117782771587372, 0.13157077133655548, 0.13287678360939026, 0.13309314846992493, 0.13025404512882233, 0.13387495279312134, 0.12937434017658234, 0.14719872176647186, 0.13010059297084808, 0.12897159159183502, 0.1305779218673706, 0.13212335109710693, 0.13164587318897247, 0.15811723470687866, 0.14487189054489136, 0.13729168474674225, 0.14066682755947113, 0.13123761117458344, 0.13230690360069275, 0.1304457038640976, 0.13922186195850372, 0.12850531935691833, 0.1282924860715866, 0.12931211292743683, 0.13986529409885406, 0.12869390845298767, 0.1276952475309372, 0.12778612971305847, 0.13062216341495514, 0.1341768205165863, 0.13687628507614136, 0.1305142194032669, 0.12948663532733917, 0.12925279140472412],