{"loss": [0.5504518151283264, 0.49619728326797485, 0.4903236925601959, 0.482597291469574, 0.47277089953422546, 0.4605724513530731, 0.44582995772361755, 0.42869043350219727, 0.40925803780555725, 0.3889409899711609, 0.367995023727417, 0.34768760204315186, 0.32782360911369324, 0.30904486775398254, 0.2912300229072571, 0.2753811180591583, 0.26067546010017395, 0.24747739732265472, 0.23558013141155243, 0.22458727657794952, 0.21482141315937042, 0.20597940683364868, 0.19844263792037964, 0.19107182323932648, 0.18483074009418488, 0.1792624443769455, 0.17375031113624573, 0.16918815672397614, 0.16536791622638702, 0.16107484698295593, 0.15803992748260498, 0.15496036410331726, 0.15205349028110504, 0.1495492309331894, 0.14713895320892334, 0.14534595608711243, 0.1430920660495758, 0.1416279673576355, 0.13985128700733185, 0.13853205740451813, 0.13730743527412415, 0.1360016167163849, 0.13467440009117126, 0.13359442353248596, 0.1327551305294037, 0.13169580698013306, 0.13127942383289337, 0.13026395440101624, 0.12950028479099274, 0.12851279973983765, 0.12798148393630981, 0.1283482164144516, 0.12710146605968475, 0.12655135989189148, 0.12605208158493042, 0.12545008957386017, 0.12566345930099487, 0.12485641986131668, 0.12410112470388412, 0.12416279315948486, 0.12376312166452408, 0.12339875847101212, 0.12336146831512451, 0.12289448827505112, 0.12283089011907578, 0.12234189361333847, 0.1220574676990509, 0.12176831066608429, 0.12157103419303894, 0.12148211896419525, 0.12088275700807571, 0.12085258215665817, 0.12061397731304169, 0.1205911785364151, 0.12032636255025864, 0.12032613903284073, 0.1200723648071289, 0.11947616189718246, 0.11998032033443451, 0.11964081972837448, 0.11951251327991486, 0.11964152753353119, 0.11945490539073944, 0.11960865557193756, 0.11922845989465714, 0.11919896304607391, 0.11870481818914413, 0.11870153248310089, 0.11865125596523285, 0.1183549016714096, 0.1183866560459137, 0.11839297413825989, 0.11801804602146149, 0.11817680299282074, 0.11780988425016403, 0.11880653351545334, 0.11782831698656082, 0.11742829531431198, 0.11732915788888931, 0.1176956295967102], "accuracy": [0.7470652461051941, 0.7997826337814331, 0.7997826337814331, 0.7997826337814331, 0.7997826337814331, 0.7997826337814331, 0.7997826337814331, 0.7997826337814331, 0.800543487071991, 0.8073912858963013, 0.8214130401611328, 0.8366304636001587, 0.856521725654602, 0.8747826218605042, 0.8884782791137695, 0.8992391228675842, 0.9083695411682129, 0.9153260588645935, 0.9204347729682922, 0.926630437374115, 0.9301086664199829, 0.9341304302215576, 0.9366304278373718, 0.9386956691741943, 0.9407608509063721, 0.9431521892547607, 0.9455434679985046, 0.9459782838821411, 0.9473913311958313, 0.9495652318000793, 0.9501087069511414, 0.9527173638343811, 0.9523913264274597, 0.9534782767295837, 0.9535869359970093, 0.9546738862991333, 0.9556521773338318, 0.9552174210548401, 0.9544565081596375, 0.9569565057754517, 0.95652174949646, 0.9566304087638855, 0.9572826027870178, 0.9580434560775757, 0.957608699798584, 0.9580434560775757, 0.9584782719612122, 0.9585869312286377, 0.9577174186706543, 0.9580434560775757, 0.9571738839149475, 0.9585869312286377, 0.9582608938217163, 0.9596739411354065, 0.9583695530891418, 0.9585869312286377, 0.9594565033912659, 0.95923912525177, 0.9589130282402039, 0.9595652222633362, 0.9595652222633362, 0.9598913192749023, 0.95923912525177, 0.9601086974143982, 0.9598913192749023, 0.9595652222633362, 0.9598913192749023, 0.9599999785423279, 0.9602174162864685, 0.9602174162864685, 0.9602174162864685, 0.9602174162864685, 0.9601086974143982, 0.960326075553894, 0.9605434536933899, 0.9605434536933899, 0.9599999785423279, 0.9606521725654602, 0.9609782695770264, 0.9606521725654602, 0.9605434536933899, 0.9604347944259644, 0.9617391228675842, 0.9602174162864685, 0.9611956477165222, 0.9614130258560181, 0.9610869288444519, 0.9614130258560181, 0.9620652198791504, 0.9617391228675842, 0.9610869288444519, 0.9616304636001587, 0.9616304636001587, 0.9606521725654602, 0.9614130258560181, 0.9617391228675842, 0.9614130258560181, 0.9610869288444519, 0.9610869288444519, 0.9611956477165222], "val_loss": [0.49923595786094666, 0.4934242069721222, 0.48680582642555237, 0.47848987579345703, 0.46793773770332336, 0.45523956418037415, 0.4399237036705017, 0.42107564210891724, 0.40410327911376953, 0.3816871643066406, 0.36144036054611206, 0.34352463483810425, 0.322742760181427, 0.30487000942230225, 0.28841689229011536, 0.2739518880844116, 0.26080194115638733, 0.24882709980010986, 0.23748114705085754, 0.2265612781047821, 0.217266246676445, 0.20979292690753937, 0.20173810422420502, 0.19536399841308594, 0.18985231220722198, 0.18395397067070007, 0.17905868589878082, 0.17484839260578156, 0.1713937222957611, 0.1676279604434967, 0.1645757108926773, 0.16161881387233734, 0.1600145846605301, 0.15658746659755707, 0.15448631346225739, 0.1528189480304718, 0.15135589241981506, 0.1493426114320755, 0.14783528447151184, 0.14651243388652802, 0.14565177261829376, 0.14434054493904114, 0.14333011209964752, 0.14306670427322388, 0.14136119186878204, 0.14066170156002045, 0.13983334600925446, 0.13915225863456726, 0.13898563385009766, 0.13819585740566254, 0.13734063506126404, 0.13718734681606293, 0.13633465766906738, 0.1372566521167755, 0.13580946624279022, 0.13628791272640228, 0.13491147756576538, 0.1344359964132309, 0.13850674033164978, 0.13496293127536774, 0.1335742175579071, 0.13409210741519928, 0.1331246942281723, 0.1330692619085312, 0.13264228403568268, 0.13431361317634583, 0.13240444660186768, 0.13221852481365204, 0.1319224238395691, 0.1343822330236435, 0.13168755173683167, 0.13247253000736237, 0.1319103091955185, 0.134464293718338, 0.1314704418182373, 0.1321611851453781, 0.13152189552783966, 0.13087163865566254, 0.13070222735404968, 0.1306154578924179, 0.13200461864471436, 0.13043983280658722, 0.13040240108966827, 0.13046056032180786, 0.13023899495601654, 0.13046850264072418, 0.1301366537809372, 0.13205060362815857, 0.13010843098163605, 0.12996163964271545, 0.13119414448738098, 0.12988804280757904, 0.13042160868644714, 0.13243155181407928, 0.1345047950744629, 0.1303824633359909, 0.13040538132190704, 0.12960942089557648, 0.1296139359474182, 0.1295442432165146],