{"loss": [0.7287764549255371, 0.4907875061035156, 0.48596885800361633, 0.4830547869205475, 0.47926440834999084, 0.47443994879722595, 0.4686657190322876, 0.460940957069397, 0.45161116123199463, 0.44034403562545776, 0.4257274866104126, 0.40921738743782043, 0.39022591710090637, 0.3701362609863281, 0.34751033782958984, 0.31998294591903687, 0.2925565838813782, 0.2681688070297241, 0.24671463668346405, 0.2290859818458557, 0.21340057253837585, 0.1996101438999176, 0.18854770064353943, 0.17928993701934814, 0.1715579479932785, 0.1652267873287201, 0.1593664288520813, 0.1545122265815735, 0.15052849054336548, 0.14678288996219635, 0.14407841861248016, 0.14198459684848785, 0.13942797482013702, 0.13801772892475128, 0.13613690435886383, 0.13469825685024261, 0.13267196714878082, 0.13176697492599487, 0.13071021437644958, 0.13058197498321533, 0.12878885865211487, 0.12835615873336792, 0.12778310477733612, 0.12677504122257233, 0.1262531280517578, 0.12616802752017975, 0.12508049607276917, 0.12525857985019684, 0.12423926591873169, 0.12379512935876846, 0.12312717735767365, 0.12388686835765839, 0.12314904481172562, 0.12229397892951965, 0.1226131021976471, 0.12201111018657684, 0.12213589996099472, 0.12141445279121399, 0.12113124877214432, 0.12099375575780869, 0.1212000697851181, 0.12102174013853073, 0.12075773626565933, 0.12025021761655807, 0.11995822936296463, 0.11989367753267288, 0.11988753825426102, 0.1198684424161911, 0.11972732841968536, 0.11940591782331467, 0.11940928548574448, 0.11879431456327438, 0.11904776096343994, 0.11886066943407059, 0.11903788894414902, 0.11851241439580917, 0.11853107064962387, 0.1185302585363388, 0.11836414039134979, 0.1177167147397995, 0.11847192049026489, 0.11823432147502899, 0.11807334423065186, 0.11759912967681885, 0.11793981492519379, 0.11750555783510208, 0.11779572814702988, 0.11763402819633484, 0.11805905401706696, 0.11760305613279343, 0.11783188581466675, 0.11744359880685806, 0.11674708873033524, 0.11666953563690186, 0.11711202561855316, 0.11690366268157959, 0.11784950643777847, 0.11691516637802124, 0.11676421761512756, 0.11670209467411041], "accuracy": [0.5199999809265137, 0.7997826337814331, 0.7997826337814331, 0.7997826337814331, 0.7997826337814331, 0.7997826337814331, 0.7997826337814331, 0.7997826337814331, 0.7997826337814331, 0.7997826337814331, 0.7997826337814331, 0.7997826337814331, 0.8001086711883545, 0.8031522035598755, 0.8177173733711243, 0.8491304516792297, 0.8783695697784424, 0.9005434513092041, 0.9143478274345398, 0.9241304397583008, 0.9340217113494873, 0.9390217661857605, 0.9439130425453186, 0.9465217590332031, 0.9486956596374512, 0.949999988079071, 0.9522826075553894, 0.9530434608459473, 0.9538043737411499, 0.9552174210548401, 0.9552174210548401, 0.9567391276359558, 0.955978274345398, 0.957608699798584, 0.9568478465080261, 0.9574999809265137, 0.9579347968101501, 0.958695650100708, 0.9591304063796997, 0.958152174949646, 0.9590217471122742, 0.9584782719612122, 0.9596739411354065, 0.9591304063796997, 0.959782600402832, 0.9601086974143982, 0.958695650100708, 0.9598913192749023, 0.9599999785423279, 0.9599999785423279, 0.9605434536933899, 0.9590217471122742, 0.9605434536933899, 0.9605434536933899, 0.960869550704956, 0.9595652222633362, 0.960869550704956, 0.9601086974143982, 0.960869550704956, 0.9598913192749023, 0.9606521725654602, 0.9609782695770264, 0.9616304636001587, 0.960869550704956, 0.9613043665885925, 0.9617391228675842, 0.9611956477165222, 0.9615217447280884, 0.9611956477165222, 0.9621739387512207, 0.9621739387512207, 0.9621739387512207, 0.9620652198791504, 0.9619565010070801, 0.9629347920417786, 0.9620652198791504, 0.9616304636001587, 0.9621739387512207, 0.9614130258560181, 0.9621739387512207, 0.9616304636001587, 0.9620652198791504, 0.9614130258560181, 0.9621739387512207, 0.9619565010070801, 0.9627174139022827, 0.9619565010070801, 0.9629347920417786, 0.9618478417396545, 0.9617391228675842, 0.9614130258560181, 0.9620652198791504, 0.9628260731697083, 0.9630434513092041, 0.9623913168907166, 0.9626086950302124, 0.9613043665885925, 0.9621739387512207, 0.9630434513092041, 0.9626086950302124], "val_loss": [0.5058543086051941, 0.4859285056591034, 0.4833346903324127, 0.48008882999420166, 0.4759080708026886, 0.4707062542438507, 0.4641713500022888, 0.45610031485557556, 0.44591015577316284, 0.43332231044769287, 0.418230265378952, 0.4016060531139374, 0.38165056705474854, 0.3614993095397949, 0.33677390217781067, 0.308523565530777, 0.28296059370040894, 0.2625356912612915, 0.241957888007164, 0.22578547894954681, 0.21146079897880554, 0.19984185695648193, 0.19126462936401367, 0.18117794394493103, 0.1746882200241089, 0.1694323718547821, 0.16360202431678772, 0.15973089635372162, 0.15671402215957642, 0.15347331762313843, 0.15702565014362335, 0.14869920909404755, 0.1483757644891739, 0.14586617052555084, 0.14640477299690247, 0.14227935671806335, 0.14090211689472198, 0.1412253975868225, 0.14169417321681976, 0.13848502933979034, 0.13832566142082214, 0.13741855323314667, 0.13685038685798645, 0.13806362450122833, 0.1355098932981491, 0.1348368376493454, 0.13537463545799255, 0.13417744636535645, 0.13386620581150055, 0.13475705683231354, 0.1334395408630371, 0.13306458294391632, 0.13334651291370392, 0.1327584832906723, 0.13245593011379242, 0.13230276107788086, 0.13241080939769745, 0.13391396403312683, 0.13173417747020721, 0.13163341581821442, 0.1325472891330719, 0.13236093521118164, 0.13131730258464813, 0.13213057816028595, 0.1309763789176941, 0.13110792636871338, 0.13105598092079163, 0.13168145716190338, 0.13043250143527985, 0.1325424164533615, 0.13088148832321167, 0.13017332553863525, 0.13074703514575958, 0.13005144894123077, 0.13085778057575226, 0.13355772197246552, 0.13447430729866028, 0.13030503690242767, 0.1297968029975891, 0.12991254031658173, 0.130230113863945, 0.12965470552444458, 0.12977159023284912, 0.12973272800445557, 0.13084474205970764, 0.12977807223796844, 0.1294238269329071, 0.132943794131279, 0.13059592247009277, 0.12930771708488464, 0.12994419038295746, 0.12967170774936676, 0.13118956983089447, 0.13452544808387756, 0.12998241186141968, 0.1419478952884674, 0.1294327825307846, 0.13026364147663116, 0.12980766594409943, 0.13051238656044006],