{"loss": [0.4806819558143616, 0.36500707268714905, 0.24284842610359192, 0.18109937012195587, 0.15973709523677826, 0.14451178908348083, 0.1377384215593338, 0.13615097105503082, 0.13107571005821228, 0.13075010478496552, 0.12682554125785828, 0.12788498401641846, 0.12785591185092926, 0.12684571743011475, 0.1259501874446869, 0.1233859658241272, 0.12605483829975128, 0.12418121099472046, 0.12269638478755951, 0.12322600185871124, 0.1224563866853714, 0.12459144741296768, 0.12251601368188858, 0.12340348958969116, 0.12193895131349564, 0.12243901938199997, 0.1210586279630661, 0.1221417784690857, 0.12306218594312668, 0.12080986052751541, 0.11980360001325607, 0.12259923666715622, 0.12055661529302597, 0.12235535681247711, 0.12156153470277786, 0.12044379115104675, 0.11906126886606216, 0.1212201863527298, 0.12089873105287552, 0.11932703107595444, 0.12120074778795242, 0.11980625241994858, 0.11805152148008347, 0.12001880258321762, 0.12045145034790039, 0.11910805106163025, 0.12013450264930725, 0.11841199547052383, 0.12125016003847122, 0.11820869892835617, 0.12125415354967117, 0.11807412654161453, 0.11790868639945984, 0.11753729730844498, 0.11909259110689163, 0.11950301378965378, 0.12125398218631744, 0.11814836412668228, 0.11909528821706772, 0.12040217965841293, 0.11983045190572739, 0.11716794222593307, 0.12080918997526169, 0.11871754378080368, 0.11876170337200165, 0.11870700865983963, 0.1169733852148056, 0.11981892585754395, 0.11793719977140427, 0.11881344765424728, 0.11574748158454895, 0.12082779407501221, 0.11967527866363525, 0.11785462498664856, 0.11875906586647034, 0.1166767030954361, 0.11898307502269745, 0.11714884638786316, 0.11622057110071182, 0.11655232310295105, 0.11781113594770432, 0.1184125542640686, 0.11905600875616074, 0.11596503108739853, 0.11504046618938446, 0.11551489681005478, 0.1194491982460022, 0.11667908728122711, 0.11539861559867859, 0.116127610206604, 0.11758419871330261, 0.1151423305273056, 0.11710945516824722, 0.11546371132135391, 0.11402242630720139, 0.11734872311353683, 0.11553818732500076, 0.11521627753973007, 0.11660498380661011, 0.11662288755178452], "accuracy": [0.7951086759567261, 0.8259782791137695, 0.9172825813293457, 0.9465217590332031, 0.9506521821022034, 0.9564130306243896, 0.955978274345398, 0.9564130306243896, 0.9589130282402039, 0.958152174949646, 0.9590217471122742, 0.9585869312286377, 0.9585869312286377, 0.9584782719612122, 0.9594565033912659, 0.9605434536933899, 0.95923912525177, 0.9609782695770264, 0.960869550704956, 0.9599999785423279, 0.9624999761581421, 0.9601086974143982, 0.9602174162864685, 0.9614130258560181, 0.960326075553894, 0.9610869288444519, 0.9607608914375305, 0.9596739411354065, 0.959782600402832, 0.9605434536933899, 0.9622825980186462, 0.9610869288444519, 0.960869550704956, 0.9613043665885925, 0.9599999785423279, 0.960869550704956, 0.9628260731697083, 0.9614130258560181, 0.9606521725654602, 0.9609782695770264, 0.9626086950302124, 0.9610869288444519, 0.9619565010070801, 0.9619565010070801, 0.9620652198791504, 0.9623913168907166, 0.9594565033912659, 0.9613043665885925, 0.9619565010070801, 0.9618478417396545, 0.9607608914375305, 0.9629347920417786, 0.9622825980186462, 0.9627174139022827, 0.9610869288444519, 0.960326075553894, 0.9622825980186462, 0.9618478417396545, 0.9607608914375305, 0.9620652198791504, 0.9620652198791504, 0.9621739387512207, 0.9593478441238403, 0.9630434513092041, 0.9626086950302124, 0.9613043665885925, 0.9630434513092041, 0.9628260731697083, 0.9633695483207703, 0.9624999761581421, 0.9616304636001587, 0.9626086950302124, 0.9619565010070801, 0.9622825980186462, 0.9628260731697083, 0.9626086950302124, 0.9611956477165222, 0.9618478417396545, 0.9630434513092041, 0.9619565010070801, 0.9636956453323364, 0.9624999761581421, 0.9622825980186462, 0.9616304636001587, 0.9639130234718323, 0.9623913168907166, 0.958695650100708, 0.9617391228675842, 0.9631521701812744, 0.9623913168907166, 0.960326075553894, 0.9628260731697083, 0.9626086950302124, 0.9630434513092041, 0.9630434513092041, 0.9619565010070801, 0.9630434513092041, 0.9627174139022827, 0.9607608914375305, 0.9629347920417786], "val_loss": [0.44048142433166504, 0.2968731224536896, 0.21972690522670746, 0.17457959055900574, 0.16610518097877502, 0.1551845371723175, 0.141973614692688, 0.14086325466632843, 0.14031362533569336, 0.13603606820106506, 0.13517694175243378, 0.1407831609249115, 0.13506552577018738, 0.18125824630260468, 0.1346491426229477, 0.1332862228155136, 0.13609573245048523, 0.13171160221099854, 0.13311456143856049, 0.13456855714321136, 0.13708709180355072, 0.13208749890327454, 0.13636165857315063, 0.13214877247810364, 0.1324634701013565, 0.13160555064678192, 0.13251373171806335, 0.13276995718479156, 0.13173480331897736, 0.1321459412574768, 0.13252827525138855, 0.1306956708431244, 0.1457691490650177, 0.1327039897441864, 0.13038577139377594, 0.13106927275657654, 0.13632117211818695, 0.13224363327026367, 0.13779351115226746, 0.13012248277664185, 0.13103318214416504, 0.1383247822523117, 0.13226521015167236, 0.13210196793079376, 0.1329779028892517, 0.13157124817371368, 0.13035738468170166, 0.13768571615219116, 0.13571244478225708, 0.13425326347351074, 0.13159307837486267, 0.13041958212852478, 0.13443803787231445, 0.13497044146060944, 0.13232451677322388, 0.13263073563575745, 0.13262446224689484, 0.13780933618545532, 0.13570213317871094, 0.14351597428321838, 0.1312786191701889, 0.13073422014713287, 0.13057149946689606, 0.13073992729187012, 0.1313028335571289, 0.12921994924545288, 0.13709606230258942, 0.14138659834861755, 0.135641410946846, 0.12907612323760986, 0.13587842881679535, 0.1305132508277893, 0.13304780423641205, 0.14920800924301147, 0.13261279463768005, 0.13133704662322998, 0.13582049310207367, 0.1401078850030899, 0.13008703291416168, 0.13253018260002136, 0.13300517201423645, 0.12928679585456848, 0.1287035346031189, 0.13048820197582245, 0.12872444093227386, 0.13079282641410828, 0.1294144243001938, 0.12933441996574402, 0.14158624410629272, 0.12918438017368317, 0.12786902487277985, 0.1309169977903366, 0.1309933364391327, 0.13011159002780914, 0.12940847873687744, 0.136389821767807, 0.13163985311985016, 0.12683919072151184, 0.13591961562633514, 0.12980340421199799],