{"loss": [0.5052837133407593, 0.46039900183677673, 0.3914318382740021, 0.31399232149124146, 0.2472054362297058, 0.20507539808750153, 0.179914191365242, 0.16316692531108856, 0.15323969721794128, 0.14500539004802704, 0.13980670273303986, 0.13664261996746063, 0.13290350139141083, 0.13087120652198792, 0.13105720281600952, 0.1273743212223053, 0.1275506615638733, 0.1266942173242569, 0.12651079893112183, 0.12470315396785736, 0.12497799098491669, 0.12500187754631042, 0.12629632651805878, 0.12241201847791672, 0.12087038904428482, 0.12177159637212753, 0.12152072042226791, 0.12028589844703674, 0.12077108770608902, 0.12076500803232193, 0.12044981867074966, 0.11989185959100723, 0.12005725502967834, 0.12013404816389084, 0.11943582445383072, 0.12035167962312698, 0.11852587014436722, 0.11896701902151108, 0.1193685531616211, 0.1183236837387085, 0.11894132196903229, 0.11887200176715851, 0.11712455749511719, 0.11839120835065842, 0.11932575702667236, 0.11809241026639938, 0.11737726628780365, 0.11757533997297287, 0.11704043298959732, 0.11738773435354233, 0.11802241951227188, 0.11787188798189163, 0.11707018315792084, 0.11708632856607437, 0.11574742943048477, 0.11563881486654282, 0.1165655106306076, 0.11565001308917999, 0.11687534302473068, 0.11622747033834457, 0.1162848174571991, 0.11562035232782364, 0.11485949903726578, 0.11604924499988556, 0.11507772654294968, 0.1169823706150055, 0.11599082499742508, 0.11478789150714874, 0.11622276157140732, 0.11487951129674911, 0.11498365551233292, 0.11445978283882141, 0.1143587976694107, 0.11506708711385727, 0.11709630489349365, 0.11528944969177246, 0.11494000256061554, 0.11420401185750961, 0.11455493420362473, 0.11553148180246353, 0.11386825889348984, 0.11491517722606659, 0.11393965780735016, 0.11564259231090546, 0.11321718990802765, 0.11396046727895737, 0.11398378014564514, 0.11488822847604752, 0.11378651857376099, 0.11343774199485779, 0.11402926594018936, 0.11296465247869492, 0.11551982164382935, 0.11408557742834091, 0.11296845972537994, 0.11394597589969635, 0.11238536238670349, 0.11444821208715439, 0.11300007998943329, 0.11305046826601028], "accuracy": [0.7895652055740356, 0.7997826337814331, 0.8042391538619995, 0.8638043403625488, 0.9142391085624695, 0.9357608556747437, 0.9459782838821411, 0.9521738886833191, 0.9522826075553894, 0.9544565081596375, 0.9558695554733276, 0.9571738839149475, 0.957608699798584, 0.958152174949646, 0.9588043689727783, 0.9588043689727783, 0.9605434536933899, 0.9578260779380798, 0.9590217471122742, 0.9596739411354065, 0.9595652222633362, 0.9595652222633362, 0.9591304063796997, 0.960326075553894, 0.9621739387512207, 0.9605434536933899, 0.9604347944259644, 0.9618478417396545, 0.9613043665885925, 0.9601086974143982, 0.9610869288444519, 0.960869550704956, 0.9609782695770264, 0.9613043665885925, 0.9619565010070801, 0.9616304636001587, 0.9632608890533447, 0.9624999761581421, 0.9615217447280884, 0.9616304636001587, 0.9621739387512207, 0.9615217447280884, 0.9618478417396545, 0.9609782695770264, 0.960869550704956, 0.9615217447280884, 0.9621739387512207, 0.9614130258560181, 0.9609782695770264, 0.9629347920417786, 0.9629347920417786, 0.9613043665885925, 0.9627174139022827, 0.9624999761581421, 0.9621739387512207, 0.9632608890533447, 0.9624999761581421, 0.9631521701812744, 0.9611956477165222, 0.9619565010070801, 0.9616304636001587, 0.9632608890533447, 0.9628260731697083, 0.9622825980186462, 0.9630434513092041, 0.9620652198791504, 0.9633695483207703, 0.9634782671928406, 0.9624999761581421, 0.9628260731697083, 0.9619565010070801, 0.9638043642044067, 0.9634782671928406, 0.9629347920417786, 0.9619565010070801, 0.9622825980186462, 0.9624999761581421, 0.9631521701812744, 0.9611956477165222, 0.9622825980186462, 0.9633695483207703, 0.9616304636001587, 0.9634782671928406, 0.9619565010070801, 0.9639130234718323, 0.9632608890533447, 0.9630434513092041, 0.9627174139022827, 0.9635869860649109, 0.9630434513092041, 0.9631521701812744, 0.9644564986228943, 0.9638043642044067, 0.9622825980186462, 0.9633695483207703, 0.9634782671928406, 0.9651086926460266, 0.9621739387512207, 0.9620652198791504, 0.9630434513092041], "val_loss": [0.4799472689628601, 0.43426257371902466, 0.34966614842414856, 0.27822163701057434, 0.23013879358768463, 0.1967727243900299, 0.1800871044397354, 0.16901478171348572, 0.156639963388443, 0.15169240534305573, 0.1457844227552414, 0.1469733864068985, 0.14028729498386383, 0.13919700682163239, 0.13816611468791962, 0.14114713668823242, 0.13526196777820587, 0.13527312874794006, 0.13467486202716827, 0.13397707045078278, 0.13475853204727173, 0.15054628252983093, 0.13329604268074036, 0.14043882489204407, 0.14479543268680573, 0.14153623580932617, 0.1311105489730835, 0.13332107663154602, 0.13086554408073425, 0.13078179955482483, 0.13567058742046356, 0.1302209496498108, 0.1323501616716385, 0.13330677151679993, 0.13146547973155975, 0.13109436631202698, 0.12999854981899261, 0.13878899812698364, 0.12967920303344727, 0.13506492972373962, 0.1336740404367447, 0.12907883524894714, 0.14191456139087677, 0.1338896006345749, 0.1289091408252716, 0.12994946539402008, 0.13012626767158508, 0.12990044057369232, 0.12845835089683533, 0.132426455616951, 0.13036879897117615, 0.12902764976024628, 0.13086657226085663, 0.12856177985668182, 0.12821032106876373, 0.12807950377464294, 0.128012016415596, 0.12846170365810394, 0.12945188581943512, 0.12912485003471375, 0.12857727706432343, 0.13231869041919708, 0.13362927734851837, 0.12801340222358704, 0.14072132110595703, 0.1357027292251587, 0.14664340019226074, 0.12812510132789612, 0.1303108185529709, 0.1295216679573059, 0.12708961963653564, 0.13053131103515625, 0.1310368925333023, 0.1286030411720276, 0.12994378805160522, 0.12761442363262177, 0.12843872606754303, 0.12835055589675903, 0.1331985592842102, 0.12763670086860657, 0.15308213233947754, 0.12769611179828644, 0.1280784010887146, 0.13304156064987183, 0.1286526471376419, 0.13187390565872192, 0.1276782900094986, 0.12762977182865143, 0.12670525908470154, 0.13643507659435272, 0.13033431768417358, 0.12658067047595978, 0.12593388557434082, 0.13154342770576477, 0.13167151808738708, 0.12896990776062012, 0.12811337411403656, 0.12563122808933258, 0.12950153648853302, 0.12667101621627808],