{"loss": [0.4865533709526062, 0.3914378881454468, 0.26776933670043945, 0.19793488085269928, 0.16524729132652283, 0.14922843873500824, 0.14155007898807526, 0.13551807403564453, 0.13238900899887085, 0.12950927019119263, 0.12795837223529816, 0.12692385911941528, 0.12475409358739853, 0.12571029365062714, 0.12725138664245605, 0.1263311803340912, 0.12460782378911972, 0.12501278519630432, 0.12288310378789902, 0.1220608651638031, 0.12217732518911362, 0.12190762907266617, 0.12191765755414963, 0.12107802927494049, 0.12091509997844696, 0.12066143751144409, 0.12089788168668747, 0.1212456226348877, 0.12064816802740097, 0.1219910979270935, 0.11933460086584091, 0.12051302939653397, 0.11971764266490936, 0.11935528367757797, 0.12047267705202103, 0.12091327458620071, 0.11966793984174728, 0.12264890968799591, 0.11900151520967484, 0.12093407660722733, 0.123114675283432, 0.11906183511018753, 0.12129274755716324, 0.11845532059669495, 0.11930432170629501, 0.11737067252397537, 0.12114755064249039, 0.11902008205652237, 0.11964280158281326, 0.1200418770313263, 0.11837372928857803, 0.11972206085920334, 0.11865227669477463, 0.11813067644834518, 0.11991552263498306, 0.11982996761798859, 0.11792051792144775, 0.11835511773824692, 0.11755320429801941, 0.11925209313631058, 0.1204996258020401, 0.11884967237710953, 0.11756669729948044, 0.11782383173704147, 0.11746132373809814, 0.11700435727834702, 0.1173277497291565, 0.11628001183271408, 0.1172170490026474, 0.11791295558214188, 0.11697659641504288, 0.11813206970691681, 0.11861428618431091, 0.11864092200994492, 0.11550687998533249, 0.1173284649848938, 0.11757814884185791, 0.11822126060724258, 0.11549309641122818, 0.11567409336566925, 0.11946813017129898, 0.11786546558141708, 0.11721110343933105, 0.11494165658950806, 0.11752016842365265, 0.11581111699342728, 0.11538064479827881, 0.11662156134843826, 0.11527135223150253, 0.11849881708621979, 0.11571692675352097, 0.11537494510412216, 0.11677056550979614, 0.11532681435346603, 0.11628719419240952, 0.11490096151828766, 0.11597120016813278, 0.11642251908779144, 0.1156272441148758, 0.11753659695386887], "accuracy": [0.7997826337814331, 0.8107608556747437, 0.8994565010070801, 0.9395652413368225, 0.9496738910675049, 0.9541304111480713, 0.9560869336128235, 0.9577174186706543, 0.9578260779380798, 0.9577174186706543, 0.9599999785423279, 0.9585869312286377, 0.960326075553894, 0.9601086974143982, 0.9585869312286377, 0.9598913192749023, 0.9602174162864685, 0.9601086974143982, 0.9609782695770264, 0.9602174162864685, 0.9605434536933899, 0.9610869288444519, 0.9609782695770264, 0.9591304063796997, 0.9617391228675842, 0.9620652198791504, 0.9610869288444519, 0.9606521725654602, 0.9620652198791504, 0.9605434536933899, 0.9618478417396545, 0.9620652198791504, 0.9616304636001587, 0.9613043665885925, 0.9617391228675842, 0.9616304636001587, 0.9613043665885925, 0.9616304636001587, 0.9627174139022827, 0.9596739411354065, 0.9589130282402039, 0.9613043665885925, 0.9594565033912659, 0.9616304636001587, 0.9623913168907166, 0.9626086950302124, 0.9594565033912659, 0.9614130258560181, 0.9618478417396545, 0.9610869288444519, 0.9613043665885925, 0.9618478417396545, 0.9622825980186462, 0.9626086950302124, 0.9613043665885925, 0.9621739387512207, 0.9622825980186462, 0.9621739387512207, 0.9627174139022827, 0.9627174139022827, 0.9620652198791504, 0.9621739387512207, 0.9627174139022827, 0.9617391228675842, 0.9623913168907166, 0.9635869860649109, 0.9631521701812744, 0.9623913168907166, 0.9631521701812744, 0.9630434513092041, 0.9633695483207703, 0.9626086950302124, 0.9616304636001587, 0.9610869288444519, 0.9630434513092041, 0.9627174139022827, 0.9627174139022827, 0.9615217447280884, 0.9619565010070801, 0.9646739363670349, 0.9615217447280884, 0.9614130258560181, 0.9622825980186462, 0.9626086950302124, 0.9632608890533447, 0.9626086950302124, 0.9635869860649109, 0.9631521701812744, 0.9620652198791504, 0.9615217447280884, 0.9632608890533447, 0.9628260731697083, 0.9619565010070801, 0.9628260731697083, 0.9634782671928406, 0.9628260731697083, 0.9632608890533447, 0.9638043642044067, 0.9635869860649109, 0.9620652198791504], "val_loss": [0.4503072500228882, 0.32426998019218445, 0.22697053849697113, 0.18301774561405182, 0.16459432244300842, 0.1511816382408142, 0.14454354345798492, 0.1406824141740799, 0.13841620087623596, 0.13764382898807526, 0.13554905354976654, 0.138368159532547, 0.13398140668869019, 0.13349013030529022, 0.1370101124048233, 0.13282978534698486, 0.1408172994852066, 0.13306282460689545, 0.1321323812007904, 0.13192719221115112, 0.13251927495002747, 0.13179674744606018, 0.13637012243270874, 0.13227830827236176, 0.13447685539722443, 0.1325511932373047, 0.1316981464624405, 0.145094633102417, 0.13309398293495178, 0.13418281078338623, 0.13142114877700806, 0.14004984498023987, 0.14444154500961304, 0.13243259489536285, 0.13468866050243378, 0.1468089371919632, 0.13867488503456116, 0.13084399700164795, 0.13124391436576843, 0.13399821519851685, 0.14500324428081512, 0.15712545812129974, 0.1314910650253296, 0.13310809433460236, 0.1301840841770172, 0.15698181092739105, 0.1361340880393982, 0.13188563287258148, 0.13356417417526245, 0.14231762290000916, 0.1320410817861557, 0.13410988450050354, 0.13127201795578003, 0.13534030318260193, 0.13058984279632568, 0.13080035150051117, 0.1323397308588028, 0.13225021958351135, 0.13742731511592865, 0.13099753856658936, 0.1406627893447876, 0.13471649587154388, 0.13340593874454498, 0.130949005484581, 0.13145168125629425, 0.1340692639350891, 0.1292066127061844, 0.13131830096244812, 0.1336737871170044, 0.1426011323928833, 0.14436979591846466, 0.13054132461547852, 0.13361579179763794, 0.12956446409225464, 0.1316700577735901, 0.1292213797569275, 0.13476447761058807, 0.13036194443702698, 0.13088496029376984, 0.13006378710269928, 0.13220062851905823, 0.13089698553085327, 0.13148286938667297, 0.1291726678609848, 0.12836241722106934, 0.1313931941986084, 0.12899981439113617, 0.13327643275260925, 0.1313491016626358, 0.13773180544376373, 0.1295175403356552, 0.1289951205253601, 0.13402870297431946, 0.1282985806465149, 0.1325209140777588, 0.12792880833148956, 0.13267111778259277, 0.15204639732837677, 0.13312895596027374, 0.12864333391189575],