{"loss": [0.5138676762580872, 0.4750082194805145, 0.4520174562931061, 0.4056133031845093, 0.35003092885017395, 0.2975206673145294, 0.25550374388694763, 0.22385384142398834, 0.2000034600496292, 0.1837887465953827, 0.17058947682380676, 0.16134123504161835, 0.15382283926010132, 0.14784295856952667, 0.14327161014080048, 0.13961756229400635, 0.13710127770900726, 0.13433659076690674, 0.13240396976470947, 0.12983952462673187, 0.12867730855941772, 0.12707355618476868, 0.1260315626859665, 0.12626419961452484, 0.12483126670122147, 0.12474994361400604, 0.12323922663927078, 0.12304016202688217, 0.12263203412294388, 0.12238544970750809, 0.12111157923936844, 0.12141069769859314, 0.12055201083421707, 0.12146501988172531, 0.1194949597120285, 0.11999525129795074, 0.11922704428434372, 0.11891043186187744, 0.11955185234546661, 0.11888149380683899, 0.11890683323144913, 0.11898438632488251, 0.11888119578361511, 0.11752677708864212, 0.11781718581914902, 0.11793548613786697, 0.11790070682764053, 0.11863376945257187, 0.11728443950414658, 0.1171020120382309, 0.11719579249620438, 0.11702433973550797, 0.11671043187379837, 0.11660218983888626, 0.11804058402776718, 0.11666598170995712, 0.11667048186063766, 0.11641842871904373, 0.11606051027774811, 0.11637336015701294, 0.11635234206914902, 0.11627309024333954, 0.11645086854696274, 0.11599414050579071, 0.11600036919116974, 0.1163017749786377, 0.11590620130300522, 0.11638598889112473, 0.11627470701932907, 0.11392910033464432, 0.11665748804807663, 0.11586831510066986, 0.11544385552406311, 0.11514247953891754, 0.115400031208992, 0.11531414836645126, 0.1159958690404892, 0.11562223732471466, 0.11503545194864273, 0.11626365035772324, 0.11597748845815659, 0.11457162350416183, 0.11462204903364182, 0.11559443920850754, 0.11495470255613327, 0.11442435532808304, 0.11428865045309067, 0.1138121634721756, 0.11477594822645187, 0.11375955492258072, 0.11468484997749329, 0.11537045985460281, 0.11426686495542526, 0.11533260345458984, 0.11416619271039963, 0.11375834792852402, 0.11397545784711838, 0.11450950056314468, 0.11366020888090134, 0.11505001038312912], "accuracy": [0.7819564938545227, 0.7997826337814331, 0.7997826337814331, 0.800543487071991, 0.824999988079071, 0.8782608509063721, 0.9091304540634155, 0.9265217185020447, 0.9376087188720703, 0.9433695673942566, 0.9473913311958313, 0.9508695602416992, 0.9522826075553894, 0.9529348015785217, 0.955978274345398, 0.9560869336128235, 0.9569565057754517, 0.9572826027870178, 0.9582608938217163, 0.9585869312286377, 0.9582608938217163, 0.9590217471122742, 0.9599999785423279, 0.9591304063796997, 0.959782600402832, 0.960326075553894, 0.9602174162864685, 0.959782600402832, 0.960326075553894, 0.960326075553894, 0.9601086974143982, 0.9605434536933899, 0.9610869288444519, 0.9593478441238403, 0.9598913192749023, 0.9615217447280884, 0.9623913168907166, 0.9617391228675842, 0.9610869288444519, 0.9616304636001587, 0.9610869288444519, 0.9614130258560181, 0.9616304636001587, 0.9627174139022827, 0.9618478417396545, 0.9614130258560181, 0.9610869288444519, 0.9607608914375305, 0.9622825980186462, 0.9622825980186462, 0.9615217447280884, 0.9622825980186462, 0.9627174139022827, 0.9626086950302124, 0.9619565010070801, 0.9624999761581421, 0.9617391228675842, 0.9631521701812744, 0.9620652198791504, 0.9619565010070801, 0.9622825980186462, 0.9620652198791504, 0.9614130258560181, 0.9620652198791504, 0.9628260731697083, 0.9623913168907166, 0.9631521701812744, 0.9618478417396545, 0.9627174139022827, 0.9639130234718323, 0.9617391228675842, 0.9635869860649109, 0.9623913168907166, 0.9632608890533447, 0.9629347920417786, 0.9633695483207703, 0.9619565010070801, 0.9621739387512207, 0.9629347920417786, 0.9628260731697083, 0.9621739387512207, 0.9634782671928406, 0.9627174139022827, 0.9620652198791504, 0.9624999761581421, 0.9622825980186462, 0.9628260731697083, 0.9634782671928406, 0.9631521701812744, 0.9634782671928406, 0.9627174139022827, 0.9620652198791504, 0.9627174139022827, 0.9628260731697083, 0.9638043642044067, 0.9634782671928406, 0.9639130234718323, 0.9624999761581421, 0.9626086950302124, 0.9624999761581421], "val_loss": [0.48197242617607117, 0.46662741899490356, 0.43309181928634644, 0.379873663187027, 0.32537129521369934, 0.27917876839637756, 0.24328911304473877, 0.21682541072368622, 0.19734427332878113, 0.18337014317512512, 0.17243249714374542, 0.16537751257419586, 0.15815596282482147, 0.15341255068778992, 0.14991801977157593, 0.14699944853782654, 0.1439172625541687, 0.1420098841190338, 0.13978615403175354, 0.13913296163082123, 0.14297491312026978, 0.13758844137191772, 0.14035722613334656, 0.13450482487678528, 0.13796065747737885, 0.13418236374855042, 0.1325770616531372, 0.13239392638206482, 0.13367651402950287, 0.1323232650756836, 0.13177801668643951, 0.1312081217765808, 0.13289488852024078, 0.1312553584575653, 0.1304633766412735, 0.1301136165857315, 0.1299680471420288, 0.13666394352912903, 0.12960028648376465, 0.13053666055202484, 0.12922435998916626, 0.1290377676486969, 0.1289665549993515, 0.13559643924236298, 0.1353515237569809, 0.1286175400018692, 0.1297621876001358, 0.12937523424625397, 0.12858036160469055, 0.12966597080230713, 0.13049070537090302, 0.13024094700813293, 0.12822723388671875, 0.1321054995059967, 0.1283283233642578, 0.12900368869304657, 0.12870310246944427, 0.13058820366859436, 0.13055364787578583, 0.1283697634935379, 0.12838053703308105, 0.13379116356372833, 0.1285800337791443, 0.12801243364810944, 0.12871940433979034, 0.130428284406662, 0.1280559003353119, 0.132426455616951, 0.13404618203639984, 0.12957406044006348, 0.12802955508232117, 0.12812073528766632, 0.1311894804239273, 0.1280200332403183, 0.13018319010734558, 0.13143877685070038, 0.12967534363269806, 0.1288483440876007, 0.13250665366649628, 0.1285240799188614, 0.133762389421463, 0.1292841136455536, 0.12961633503437042, 0.1284102201461792, 0.12786489725112915, 0.12790915369987488, 0.1285659670829773, 0.13100413978099823, 0.12944933772087097, 0.12872648239135742, 0.1302143782377243, 0.12855327129364014, 0.12961553037166595, 0.12746202945709229, 0.12806427478790283, 0.12928728759288788, 0.12826211750507355, 0.1279265582561493, 0.1342141479253769, 0.12830328941345215],