{"loss": [0.5010238885879517, 0.44110071659088135, 0.34683236479759216, 0.25538119673728943, 0.19975727796554565, 0.17105871438980103, 0.15494918823242188, 0.14417997002601624, 0.13842853903770447, 0.1339152306318283, 0.13205008208751678, 0.12964247167110443, 0.12754403054714203, 0.12640133500099182, 0.12630189955234528, 0.1239018589258194, 0.12276086956262589, 0.1230253279209137, 0.12411412596702576, 0.12272334843873978, 0.12238766998052597, 0.12068083137273788, 0.12045170366764069, 0.1201460063457489, 0.12100636214017868, 0.12105055898427963, 0.12018906325101852, 0.11946737766265869, 0.12215935438871384, 0.11875656992197037, 0.1192253828048706, 0.11838587373495102, 0.11871934682130814, 0.1184576153755188, 0.11897595971822739, 0.12024843692779541, 0.11953120678663254, 0.12035953998565674, 0.11821417510509491, 0.11966479569673538, 0.12126786261796951, 0.11789759248495102, 0.116300567984581, 0.11790130287408829, 0.11780674010515213, 0.11874911189079285, 0.11844498664140701, 0.11680594086647034, 0.11806860566139221, 0.11658287048339844, 0.11805213987827301, 0.11854328960180283, 0.11741673946380615, 0.11743362993001938, 0.11625299602746964, 0.11708216369152069, 0.1172182708978653, 0.1158372312784195, 0.11658866703510284, 0.11663040518760681, 0.11656036227941513, 0.11502210795879364, 0.11449547857046127, 0.11463142931461334, 0.11449010670185089, 0.11543361842632294, 0.11458281427621841, 0.11445783823728561, 0.11493788659572601, 0.11624202877283096, 0.11572008579969406, 0.11471226066350937, 0.11550874263048172, 0.11452159285545349, 0.11300039291381836, 0.11547248810529709, 0.11474436521530151, 0.11884141713380814, 0.114179328083992, 0.11385297775268555, 0.11403987556695938, 0.11453229933977127, 0.11610037088394165, 0.11570175737142563, 0.11282827705144882, 0.11357870697975159, 0.11479511857032776, 0.11384695023298264, 0.11341863125562668, 0.11354720592498779, 0.11420431733131409, 0.1134730875492096, 0.11196145415306091, 0.11302795261144638, 0.11313557624816895, 0.113475501537323, 0.11169503629207611, 0.11480357497930527, 0.11295522749423981, 0.1142117828130722], "accuracy": [0.7969565391540527, 0.7997826337814331, 0.835326075553894, 0.9113043546676636, 0.9363043308258057, 0.9470652341842651, 0.9529348015785217, 0.9560869336128235, 0.957065224647522, 0.957608699798584, 0.9582608938217163, 0.95923912525177, 0.9579347968101501, 0.9594565033912659, 0.9591304063796997, 0.9601086974143982, 0.960326075553894, 0.9611956477165222, 0.959782600402832, 0.9607608914375305, 0.9605434536933899, 0.9605434536933899, 0.9606521725654602, 0.9631521701812744, 0.9615217447280884, 0.960326075553894, 0.9605434536933899, 0.9628260731697083, 0.9609782695770264, 0.9619565010070801, 0.9622825980186462, 0.9621739387512207, 0.9622825980186462, 0.9611956477165222, 0.9615217447280884, 0.9627174139022827, 0.9618478417396545, 0.9617391228675842, 0.9624999761581421, 0.9614130258560181, 0.9615217447280884, 0.9621739387512207, 0.9631521701812744, 0.9614130258560181, 0.9628260731697083, 0.9622825980186462, 0.9626086950302124, 0.9628260731697083, 0.9619565010070801, 0.9633695483207703, 0.960869550704956, 0.9617391228675842, 0.9613043665885925, 0.9632608890533447, 0.9636956453323364, 0.9626086950302124, 0.9617391228675842, 0.9621739387512207, 0.9623913168907166, 0.9631521701812744, 0.9623913168907166, 0.9635869860649109, 0.9620652198791504, 0.9622825980186462, 0.9626086950302124, 0.9634782671928406, 0.9634782671928406, 0.9644564986228943, 0.9627174139022827, 0.9629347920417786, 0.9630434513092041, 0.9633695483207703, 0.9622825980186462, 0.9630434513092041, 0.9642391204833984, 0.9628260731697083, 0.9626086950302124, 0.9615217447280884, 0.9629347920417786, 0.9627174139022827, 0.9631521701812744, 0.9635869860649109, 0.9609782695770264, 0.9622825980186462, 0.9638043642044067, 0.9629347920417786, 0.9613043665885925, 0.9639130234718323, 0.9631521701812744, 0.9628260731697083, 0.9631521701812744, 0.9629347920417786, 0.9651086926460266, 0.9632608890533447, 0.9620652198791504, 0.9642391204833984, 0.9641304612159729, 0.9626086950302124, 0.9635869860649109, 0.9624999761581421], "val_loss": [0.47498658299446106, 0.39833760261535645, 0.2979293167591095, 0.22712169587612152, 0.1935083568096161, 0.16765902936458588, 0.15798920392990112, 0.14828073978424072, 0.14323918521404266, 0.1425793468952179, 0.1379968672990799, 0.1380370706319809, 0.13683868944644928, 0.1412704735994339, 0.1349307894706726, 0.1330513060092926, 0.13531872630119324, 0.13233935832977295, 0.13439978659152985, 0.13372626900672913, 0.1319591999053955, 0.13150225579738617, 0.1365669220685959, 0.1349315494298935, 0.13122588396072388, 0.13426275551319122, 0.13254132866859436, 0.13457296788692474, 0.13311414420604706, 0.13361531496047974, 0.13116814196109772, 0.13324908912181854, 0.13080167770385742, 0.13200189173221588, 0.13077647984027863, 0.1299557089805603, 0.140285924077034, 0.1306600421667099, 0.13150784373283386, 0.13069799542427063, 0.13027262687683105, 0.14997784793376923, 0.13119296729564667, 0.13108280301094055, 0.1301378309726715, 0.13036218285560608, 0.15171457827091217, 0.12980133295059204, 0.14646920561790466, 0.12952832877635956, 0.1305106282234192, 0.1298634260892868, 0.12948060035705566, 0.13056163489818573, 0.13183005154132843, 0.13199111819267273, 0.13235944509506226, 0.12927353382110596, 0.12956848740577698, 0.13371308147907257, 0.13124343752861023, 0.13082009553909302, 0.13061125576496124, 0.13879668712615967, 0.13227882981300354, 0.12860998511314392, 0.12947699427604675, 0.12811322510242462, 0.1280754804611206, 0.13159307837486267, 0.13064642250537872, 0.12767064571380615, 0.1279839426279068, 0.12785570323467255, 0.12943072617053986, 0.1292683631181717, 0.12977918982505798, 0.12734568119049072, 0.13330954313278198, 0.12925446033477783, 0.1361243575811386, 0.12822909653186798, 0.14450496435165405, 0.12807562947273254, 0.12784269452095032, 0.1332305371761322, 0.14123868942260742, 0.13557599484920502, 0.12813563644886017, 0.1303839087486267, 0.12918050587177277, 0.12577496469020844, 0.12596726417541504, 0.12842592597007751, 0.13017603754997253, 0.12542107701301575, 0.12976409494876862, 0.13126419484615326, 0.1318863034248352, 0.13266919553279877],