{"loss": [0.48969802260398865, 0.38885498046875, 0.25469931960105896, 0.18433921039104462, 0.15880164504051208, 0.14562025666236877, 0.1367867887020111, 0.13278397917747498, 0.13230203092098236, 0.12872526049613953, 0.12795257568359375, 0.12556426227092743, 0.12646029889583588, 0.1268247812986374, 0.12358361482620239, 0.12356942892074585, 0.12205163389444351, 0.12285539507865906, 0.12421977519989014, 0.12187446653842926, 0.12270115315914154, 0.12372507899999619, 0.12352077662944794, 0.12217678874731064, 0.1219603568315506, 0.12218497693538666, 0.12176383286714554, 0.12099524587392807, 0.12099045515060425, 0.12104792147874832, 0.12028775364160538, 0.1196853518486023, 0.12522555887699127, 0.12300825119018555, 0.11967381834983826, 0.1193697601556778, 0.1202307641506195, 0.11850637942552567, 0.1204548180103302, 0.11863920837640762, 0.11951164156198502, 0.11726097017526627, 0.12312468141317368, 0.11779727786779404, 0.11758008599281311, 0.11854257434606552, 0.11886866390705109, 0.12010235339403152, 0.11897026747465134, 0.1172424852848053, 0.11847134679555893, 0.12120559066534042, 0.11783453822135925, 0.11835938692092896, 0.11814373731613159, 0.11700964719057083, 0.11981678754091263, 0.11964137852191925, 0.11732221394777298, 0.12232646346092224, 0.11880241334438324, 0.11720257252454758, 0.11880729347467422, 0.11939677596092224, 0.11854291707277298, 0.11775414645671844, 0.11942820996046066, 0.11891306936740875, 0.11918742209672928, 0.1170729249715805, 0.11689068377017975, 0.1165798008441925, 0.1164596825838089, 0.11783389002084732, 0.11711373925209045, 0.11765022575855255, 0.11650702357292175, 0.11667459458112717, 0.116182342171669, 0.11568032950162888, 0.11675852537155151, 0.11740625649690628, 0.11614509671926498, 0.11489620059728622, 0.11565402150154114, 0.11612298339605331, 0.11723363399505615, 0.11679709702730179, 0.11539682000875473, 0.11510824412107468, 0.11685255169868469, 0.11658518761396408, 0.11630009114742279, 0.11708452552556992, 0.1169700175523758, 0.11475423723459244, 0.11460594832897186, 0.11492056399583817, 0.1140245795249939, 0.11584418267011642], "accuracy": [0.7926086783409119, 0.8138043284416199, 0.9101086854934692, 0.9442391395568848, 0.9514130353927612, 0.9534782767295837, 0.9567391276359558, 0.9578260779380798, 0.9580434560775757, 0.9589130282402039, 0.9593478441238403, 0.9602174162864685, 0.9606521725654602, 0.960326075553894, 0.9585869312286377, 0.9610869288444519, 0.9605434536933899, 0.960869550704956, 0.9604347944259644, 0.9613043665885925, 0.9613043665885925, 0.9606521725654602, 0.9595652222633362, 0.959782600402832, 0.9591304063796997, 0.9621739387512207, 0.9604347944259644, 0.9615217447280884, 0.9617391228675842, 0.9616304636001587, 0.9616304636001587, 0.9602174162864685, 0.9599999785423279, 0.9611956477165222, 0.9617391228675842, 0.9629347920417786, 0.9617391228675842, 0.9627174139022827, 0.9601086974143982, 0.9622825980186462, 0.9610869288444519, 0.9632608890533447, 0.9604347944259644, 0.9615217447280884, 0.9631521701812744, 0.9602174162864685, 0.9611956477165222, 0.9616304636001587, 0.9632608890533447, 0.9618478417396545, 0.9610869288444519, 0.9606521725654602, 0.9615217447280884, 0.9605434536933899, 0.9627174139022827, 0.9620652198791504, 0.9618478417396545, 0.9606521725654602, 0.9626086950302124, 0.9601086974143982, 0.9622825980186462, 0.9618478417396545, 0.9620652198791504, 0.9610869288444519, 0.9616304636001587, 0.9620652198791504, 0.9618478417396545, 0.9614130258560181, 0.9623913168907166, 0.9627174139022827, 0.9619565010070801, 0.9638043642044067, 0.9627174139022827, 0.9617391228675842, 0.9613043665885925, 0.9622825980186462, 0.9633695483207703, 0.9616304636001587, 0.9629347920417786, 0.9632608890533447, 0.9622825980186462, 0.9614130258560181, 0.9632608890533447, 0.9630434513092041, 0.9630434513092041, 0.9626086950302124, 0.9620652198791504, 0.9636956453323364, 0.9623913168907166, 0.9617391228675842, 0.9620652198791504, 0.9618478417396545, 0.9609782695770264, 0.9626086950302124, 0.9619565010070801, 0.9643478393554688, 0.9613043665885925, 0.9628260731697083, 0.9627174139022827, 0.9630434513092041], "val_loss": [0.45282232761383057, 0.31833240389823914, 0.2231031209230423, 0.17413024604320526, 0.16168776154518127, 0.15653656423091888, 0.14122577011585236, 0.1380922794342041, 0.14931337535381317, 0.13972654938697815, 0.13438177108764648, 0.14230020344257355, 0.17026105523109436, 0.13809466361999512, 0.13474702835083008, 0.1394895315170288, 0.13827410340309143, 0.13835562765598297, 0.1396837830543518, 0.13245870172977448, 0.13758696615695953, 0.14179615676403046, 0.13234460353851318, 0.13217949867248535, 0.13306766748428345, 0.13235700130462646, 0.13226951658725739, 0.13450227677822113, 0.13255688548088074, 0.13648474216461182, 0.13350515067577362, 0.1735692322254181, 0.1325242817401886, 0.13930194079875946, 0.13256265223026276, 0.1333508938550949, 0.13276894390583038, 0.13794268667697906, 0.13247135281562805, 0.13364335894584656, 0.13751469552516937, 0.13582415878772736, 0.13236656785011292, 0.13293613493442535, 0.13449734449386597, 0.13381327688694, 0.1333465725183487, 0.13255365192890167, 0.14296896755695343, 0.14581243693828583, 0.15283210575580597, 0.13199813663959503, 0.1413886994123459, 0.13201189041137695, 0.13626566529273987, 0.1368434727191925, 0.13702838122844696, 0.13203753530979156, 0.13164633512496948, 0.13287042081356049, 0.1329580545425415, 0.1338023543357849, 0.13229146599769592, 0.1327071189880371, 0.13152794539928436, 0.13284453749656677, 0.1356114149093628, 0.14315956830978394, 0.13408592343330383, 0.13404154777526855, 0.13100233674049377, 0.1345839947462082, 0.13216440379619598, 0.1314462274312973, 0.14756441116333008, 0.13230696320533752, 0.1333116590976715, 0.14103588461875916, 0.14380699396133423, 0.13508059084415436, 0.15123862028121948, 0.130980983376503, 0.13167178630828857, 0.1463363617658615, 0.1402425318956375, 0.14059774577617645, 0.1486058086156845, 0.13035106658935547, 0.14223936200141907, 0.12957099080085754, 0.13177934288978577, 0.13850155472755432, 0.13099588453769684, 0.13067558407783508, 0.13111470639705658, 0.1302235722541809, 0.13396424055099487, 0.13081468641757965, 0.13172592222690582, 0.1303018480539322],