{"loss": [0.4976534843444824, 0.4396722912788391, 0.3423447012901306, 0.2588621973991394, 0.20607976615428925, 0.1772603690624237, 0.16149412095546722, 0.14962449669837952, 0.14270026981830597, 0.1384500116109848, 0.13430923223495483, 0.13346314430236816, 0.1300964653491974, 0.12962228059768677, 0.12796100974082947, 0.12682309746742249, 0.12610101699829102, 0.12507246434688568, 0.12592948973178864, 0.12338457256555557, 0.12302820384502411, 0.12334807217121124, 0.12285756319761276, 0.1227564811706543, 0.12236398458480835, 0.12192817777395248, 0.12184012681245804, 0.12178006023168564, 0.12114772945642471, 0.12096292525529861, 0.12046965211629868, 0.11991384625434875, 0.12040848284959793, 0.11988966912031174, 0.12011030316352844, 0.12001234292984009, 0.11956102401018143, 0.11931084841489792, 0.12009087949991226, 0.12080679088830948, 0.12258953601121902, 0.11841640621423721, 0.11835251748561859, 0.11924475431442261, 0.12008629739284515, 0.11868957430124283, 0.11863934248685837, 0.11858655512332916, 0.11804620176553726, 0.11866483092308044, 0.11829754710197449, 0.11735609173774719, 0.11709367483854294, 0.11689884215593338, 0.11903474479913712, 0.1183546930551529, 0.11812863498926163, 0.11853764951229095, 0.11923172324895859, 0.11649420857429504, 0.11654505133628845, 0.11683421581983566, 0.11765951663255692, 0.11795905232429504, 0.11843778938055038, 0.11676943302154541, 0.11687608808279037, 0.11638609319925308, 0.11679204553365707, 0.1169596016407013, 0.11688823997974396, 0.11652693897485733, 0.11724099516868591, 0.11715584248304367, 0.11743296682834625, 0.11654623597860336, 0.1165010929107666, 0.11618636548519135, 0.11660989373922348, 0.11658547818660736, 0.11608394235372543, 0.11730265617370605, 0.11636712402105331, 0.11689537763595581, 0.11534275114536285, 0.11579620093107224, 0.1161804348230362, 0.11555538326501846, 0.11634156852960587, 0.11626007407903671, 0.11598847806453705, 0.11594902724027634, 0.11625254899263382, 0.11739969998598099, 0.11531418561935425, 0.1173422783613205, 0.11715533584356308, 0.11521293222904205, 0.11460050195455551, 0.1160275787115097], "accuracy": [0.7997826337814331, 0.800000011920929, 0.8396739363670349, 0.9085869789123535, 0.935326099395752, 0.9435869455337524, 0.9504348039627075, 0.9554347991943359, 0.9567391276359558, 0.9558695554733276, 0.957065224647522, 0.9574999809265137, 0.9589130282402039, 0.958695650100708, 0.95923912525177, 0.9595652222633362, 0.9591304063796997, 0.9590217471122742, 0.9593478441238403, 0.9607608914375305, 0.9609782695770264, 0.9601086974143982, 0.959782600402832, 0.9616304636001587, 0.9614130258560181, 0.9606521725654602, 0.9619565010070801, 0.960869550704956, 0.9601086974143982, 0.960326075553894, 0.9615217447280884, 0.9614130258560181, 0.9613043665885925, 0.9613043665885925, 0.9607608914375305, 0.9607608914375305, 0.960326075553894, 0.9614130258560181, 0.9611956477165222, 0.9607608914375305, 0.9606521725654602, 0.9618478417396545, 0.9621739387512207, 0.9623913168907166, 0.9613043665885925, 0.9620652198791504, 0.9619565010070801, 0.9621739387512207, 0.9629347920417786, 0.9617391228675842, 0.9635869860649109, 0.9616304636001587, 0.9636956453323364, 0.9621739387512207, 0.9621739387512207, 0.960869550704956, 0.9624999761581421, 0.9622825980186462, 0.9618478417396545, 0.9626086950302124, 0.9626086950302124, 0.9635869860649109, 0.9610869288444519, 0.9619565010070801, 0.9624999761581421, 0.9621739387512207, 0.9633695483207703, 0.9610869288444519, 0.9624999761581421, 0.9624999761581421, 0.9605434536933899, 0.9621739387512207, 0.9623913168907166, 0.9615217447280884, 0.9624999761581421, 0.9622825980186462, 0.9624999761581421, 0.9635869860649109, 0.9638043642044067, 0.9614130258560181, 0.9620652198791504, 0.9620652198791504, 0.9629347920417786, 0.9622825980186462, 0.9629347920417786, 0.9614130258560181, 0.9624999761581421, 0.9636956453323364, 0.9631521701812744, 0.9615217447280884, 0.9622825980186462, 0.9616304636001587, 0.9628260731697083, 0.9616304636001587, 0.9632608890533447, 0.9615217447280884, 0.9606521725654602, 0.9626086950302124, 0.9644564986228943, 0.9627174139022827], "val_loss": [0.4733814001083374, 0.3960888683795929, 0.2963850796222687, 0.23505474627017975, 0.1953798532485962, 0.1764555275440216, 0.16117878258228302, 0.15263226628303528, 0.15468277037143707, 0.14399656653404236, 0.1447596698999405, 0.13864775002002716, 0.14057576656341553, 0.14007683098316193, 0.13818193972110748, 0.13821254670619965, 0.13499893248081207, 0.1566154956817627, 0.14261494576931, 0.13246601819992065, 0.13512687385082245, 0.13174119591712952, 0.1313921958208084, 0.13263419270515442, 0.1317223459482193, 0.13055528700351715, 0.13194122910499573, 0.13185732066631317, 0.13292524218559265, 0.13172997534275055, 0.13036711513996124, 0.13198712468147278, 0.13344010710716248, 0.13999123871326447, 0.13379982113838196, 0.13043206930160522, 0.131010964512825, 0.1298179030418396, 0.13089880347251892, 0.13037076592445374, 0.13296009600162506, 0.13200251758098602, 0.139464870095253, 0.13751517236232758, 0.14342711865901947, 0.1323787271976471, 0.13740544021129608, 0.13258473575115204, 0.13338686525821686, 0.13144707679748535, 0.1301274597644806, 0.13178788125514984, 0.13063080608844757, 0.132858544588089, 0.1301976889371872, 0.12971997261047363, 0.1313420981168747, 0.14193467795848846, 0.1372857391834259, 0.13125285506248474, 0.13089439272880554, 0.13263563811779022, 0.1318722367286682, 0.13004513084888458, 0.14790458977222443, 0.12942366302013397, 0.1310310661792755, 0.1290147751569748, 0.13034528493881226, 0.12994015216827393, 0.1369151920080185, 0.13254119455814362, 0.14057055115699768, 0.1316155642271042, 0.13013587892055511, 0.13051556050777435, 0.1316523551940918, 0.13271698355674744, 0.13412891328334808, 0.13372372090816498, 0.1328987181186676, 0.1310456395149231, 0.13087859749794006, 0.12866058945655823, 0.12943756580352783, 0.12866681814193726, 0.12797369062900543, 0.1419937014579773, 0.1414571851491928, 0.13443560898303986, 0.13005144894123077, 0.1315988153219223, 0.1306219846010208, 0.13060492277145386, 0.13235552608966827, 0.12946327030658722, 0.12683627009391785, 0.12892112135887146, 0.1331399381160736, 0.1298186480998993],