{"loss": [0.4928339421749115, 0.39594972133636475, 0.261218786239624, 0.19092440605163574, 0.16051934659481049, 0.14761513471603394, 0.13965514302253723, 0.13387104868888855, 0.13256612420082092, 0.12791918218135834, 0.1303422898054123, 0.12773120403289795, 0.12583820521831512, 0.12501581013202667, 0.1247243881225586, 0.12473654001951218, 0.12416943162679672, 0.12405011802911758, 0.12389352917671204, 0.123956099152565, 0.12311124056577682, 0.12168905138969421, 0.12202409654855728, 0.12155023962259293, 0.12125493586063385, 0.12052016705274582, 0.12083498388528824, 0.12059945613145828, 0.1216343492269516, 0.12096736580133438, 0.11954901367425919, 0.12163268774747849, 0.1221545934677124, 0.12216369807720184, 0.11911237984895706, 0.119321808218956, 0.11978883296251297, 0.11885305494070053, 0.11897462606430054, 0.12223540991544724, 0.12053882330656052, 0.11928648501634598, 0.11865268647670746, 0.11801507323980331, 0.11818268895149231, 0.11867079883813858, 0.11977516859769821, 0.12017416208982468, 0.11998265981674194, 0.11761778593063354, 0.11923564225435257, 0.11867786943912506, 0.12015367299318314, 0.11854680627584457, 0.11858877539634705, 0.11825427412986755, 0.11981632560491562, 0.11856178939342499, 0.11978796869516373, 0.11892713606357574, 0.11919144541025162, 0.11795562505722046, 0.11898145824670792, 0.11796848475933075, 0.11769333481788635, 0.1187773048877716, 0.11769495159387589, 0.11616716533899307, 0.11863038688898087, 0.11846335977315903, 0.1164877712726593, 0.11884831637144089, 0.11832577735185623, 0.1181328147649765, 0.11638710647821426, 0.11703141033649445, 0.118370920419693, 0.11632099002599716, 0.11983131617307663, 0.11743921786546707, 0.11790663003921509, 0.11667624861001968, 0.11736156791448593, 0.11770468205213547, 0.11791010200977325, 0.1181088238954544, 0.11662224680185318, 0.11692924052476883, 0.11590277403593063, 0.11787795275449753, 0.1171414852142334, 0.11767168343067169, 0.11733230948448181, 0.1158234179019928, 0.11834798008203506, 0.11619601398706436, 0.11810443550348282, 0.11592571437358856, 0.1164361983537674, 0.11634048819541931], "accuracy": [0.7978261113166809, 0.8120652437210083, 0.9051086902618408, 0.9402173757553101, 0.9495652318000793, 0.9539130330085754, 0.9564130306243896, 0.9569565057754517, 0.9579347968101501, 0.9594565033912659, 0.9583695530891418, 0.9583695530891418, 0.95923912525177, 0.9611956477165222, 0.9599999785423279, 0.9599999785423279, 0.9604347944259644, 0.9594565033912659, 0.9605434536933899, 0.9610869288444519, 0.9604347944259644, 0.9606521725654602, 0.9609782695770264, 0.9611956477165222, 0.9611956477165222, 0.9602174162864685, 0.9619565010070801, 0.9598913192749023, 0.9621739387512207, 0.9594565033912659, 0.9618478417396545, 0.9627174139022827, 0.9609782695770264, 0.9615217447280884, 0.9622825980186462, 0.9609782695770264, 0.9626086950302124, 0.9626086950302124, 0.9613043665885925, 0.9607608914375305, 0.9616304636001587, 0.9611956477165222, 0.9635869860649109, 0.9624999761581421, 0.9631521701812744, 0.9634782671928406, 0.9616304636001587, 0.9604347944259644, 0.9610869288444519, 0.9626086950302124, 0.9622825980186462, 0.9615217447280884, 0.9613043665885925, 0.9627174139022827, 0.9623913168907166, 0.9621739387512207, 0.9620652198791504, 0.9617391228675842, 0.960869550704956, 0.9632608890533447, 0.9606521725654602, 0.9619565010070801, 0.9622825980186462, 0.9617391228675842, 0.9620652198791504, 0.9607608914375305, 0.9621739387512207, 0.9623913168907166, 0.9630434513092041, 0.9614130258560181, 0.9616304636001587, 0.9611956477165222, 0.9619565010070801, 0.9618478417396545, 0.9623913168907166, 0.9617391228675842, 0.960869550704956, 0.9629347920417786, 0.960326075553894, 0.9615217447280884, 0.9616304636001587, 0.9620652198791504, 0.9622825980186462, 0.9615217447280884, 0.9627174139022827, 0.9618478417396545, 0.9634782671928406, 0.9626086950302124, 0.9635869860649109, 0.9614130258560181, 0.9613043665885925, 0.9627174139022827, 0.9613043665885925, 0.9634782671928406, 0.9614130258560181, 0.9626086950302124, 0.9616304636001587, 0.9632608890533447, 0.9631521701812744, 0.9622825980186462], "val_loss": [0.45710524916648865, 0.3250044286251068, 0.22823451459407806, 0.17786383628845215, 0.15834414958953857, 0.1482677012681961, 0.14532068371772766, 0.13935691118240356, 0.1372208446264267, 0.15772400796413422, 0.13628217577934265, 0.13534797728061676, 0.13740885257720947, 0.1328289657831192, 0.14670342206954956, 0.13642020523548126, 0.1349448561668396, 0.13221941888332367, 0.13307738304138184, 0.13301080465316772, 0.13172894716262817, 0.13173805177211761, 0.1453305035829544, 0.1331479400396347, 0.1502445638179779, 0.13753363490104675, 0.14727897942066193, 0.13190166652202606, 0.1317734718322754, 0.13264690339565277, 0.13307571411132812, 0.13268524408340454, 0.13121379911899567, 0.13920260965824127, 0.13289159536361694, 0.13880053162574768, 0.13226458430290222, 0.1326611340045929, 0.13284356892108917, 0.16640150547027588, 0.13553637266159058, 0.13293999433517456, 0.14047197997570038, 0.13607506453990936, 0.13117128610610962, 0.13242685794830322, 0.13176031410694122, 0.13217514753341675, 0.14079584181308746, 0.13542477786540985, 0.13095179200172424, 0.1341436207294464, 0.13184890151023865, 0.1325005143880844, 0.13121838867664337, 0.13100916147232056, 0.13344858586788177, 0.13164713978767395, 0.1316385269165039, 0.14602415263652802, 0.13248279690742493, 0.14433331787586212, 0.1323133260011673, 0.15603461861610413, 0.13291363418102264, 0.13308724761009216, 0.1376478374004364, 0.1361897885799408, 0.1321299970149994, 0.13211286067962646, 0.15151017904281616, 0.13506639003753662, 0.13254718482494354, 0.1359017789363861, 0.1506042182445526, 0.1336195319890976, 0.1398746520280838, 0.13132454454898834, 0.13870780169963837, 0.13158783316612244, 0.13929584622383118, 0.12976793944835663, 0.13044406473636627, 0.13137055933475494, 0.13016393780708313, 0.1354677379131317, 0.13092760741710663, 0.13015657663345337, 0.13085190951824188, 0.1361897885799408, 0.1307825893163681, 0.13054294884204865, 0.1360270380973816, 0.14687542617321014, 0.13349221646785736, 0.13086944818496704, 0.12803252041339874, 0.1324860155582428, 0.12909124791622162, 0.13258227705955505],