{"loss": [0.48851510882377625, 0.38416439294815063, 0.26276129484176636, 0.1938600093126297, 0.16311854124069214, 0.14954662322998047, 0.1405067890882492, 0.1342490017414093, 0.1336895227432251, 0.1305454522371292, 0.12953044474124908, 0.12703382968902588, 0.12497635185718536, 0.12569548189640045, 0.12607142329216003, 0.12469904124736786, 0.12309137731790543, 0.12256934493780136, 0.12402389198541641, 0.12236045300960541, 0.12483122199773788, 0.12189812958240509, 0.12243562191724777, 0.12239926308393478, 0.12291885912418365, 0.12002311646938324, 0.12061715871095657, 0.12123101204633713, 0.120231032371521, 0.12127531319856644, 0.12206435203552246, 0.11923464387655258, 0.12120458483695984, 0.11991468071937561, 0.12122475355863571, 0.12052587419748306, 0.12088974565267563, 0.11875222623348236, 0.12010377645492554, 0.11969736963510513, 0.12033122032880783, 0.11808807402849197, 0.11918844282627106, 0.12038270384073257, 0.1198236346244812, 0.11803504079580307, 0.1202227771282196, 0.11839523911476135, 0.11782814562320709, 0.11918844282627106, 0.11930686980485916, 0.11947489529848099, 0.11884953826665878, 0.11995025724172592, 0.11863391101360321, 0.11697740852832794, 0.11746339499950409, 0.1179504245519638, 0.11912539601325989, 0.11791744083166122, 0.1170223206281662, 0.11736199259757996, 0.11703110486268997, 0.11844474822282791, 0.11829371005296707, 0.11630527675151825, 0.11714153736829758, 0.11714661866426468, 0.11701945215463638, 0.11645263433456421, 0.11700370162725449, 0.11622181534767151, 0.114956334233284, 0.11775428801774979, 0.11525748670101166, 0.11651699244976044, 0.11569278687238693, 0.1145646721124649, 0.11642668396234512, 0.1169067770242691, 0.11782797425985336, 0.11401247978210449, 0.11524645984172821, 0.11490727961063385, 0.11483550816774368, 0.11723791807889938, 0.11518493294715881, 0.11450834572315216, 0.11700062453746796, 0.11526064574718475, 0.11483350396156311, 0.1165187656879425, 0.11362448334693909, 0.11320953071117401, 0.11717192083597183, 0.1131608635187149, 0.11586255580186844, 0.1157630980014801, 0.114333376288414, 0.11507286876440048], "accuracy": [0.7961956262588501, 0.814673900604248, 0.9035869836807251, 0.9416304230690002, 0.948369562625885, 0.9543478488922119, 0.9563043713569641, 0.9567391276359558, 0.9573913216590881, 0.9589130282402039, 0.9585869312286377, 0.9585869312286377, 0.9598913192749023, 0.9594565033912659, 0.958695650100708, 0.9598913192749023, 0.9604347944259644, 0.9622825980186462, 0.9604347944259644, 0.9622825980186462, 0.9613043665885925, 0.9626086950302124, 0.9609782695770264, 0.9609782695770264, 0.9606521725654602, 0.9623913168907166, 0.9611956477165222, 0.9613043665885925, 0.9622825980186462, 0.9619565010070801, 0.958695650100708, 0.9621739387512207, 0.9606521725654602, 0.9615217447280884, 0.960326075553894, 0.9605434536933899, 0.9614130258560181, 0.9610869288444519, 0.9618478417396545, 0.9627174139022827, 0.9604347944259644, 0.9631521701812744, 0.9621739387512207, 0.9617391228675842, 0.9606521725654602, 0.9613043665885925, 0.9609782695770264, 0.9628260731697083, 0.9629347920417786, 0.9618478417396545, 0.9607608914375305, 0.9620652198791504, 0.9620652198791504, 0.9593478441238403, 0.960869550704956, 0.9635869860649109, 0.9616304636001587, 0.9613043665885925, 0.9626086950302124, 0.9639130234718323, 0.9623913168907166, 0.9618478417396545, 0.9623913168907166, 0.9615217447280884, 0.9624999761581421, 0.9617391228675842, 0.9607608914375305, 0.9622825980186462, 0.9620652198791504, 0.9632608890533447, 0.9623913168907166, 0.9622825980186462, 0.9630434513092041, 0.9610869288444519, 0.9633695483207703, 0.9627174139022827, 0.9619565010070801, 0.9623913168907166, 0.9624999761581421, 0.9626086950302124, 0.9604347944259644, 0.9629347920417786, 0.9628260731697083, 0.9636956453323364, 0.9629347920417786, 0.9621739387512207, 0.9638043642044067, 0.9627174139022827, 0.9621739387512207, 0.9630434513092041, 0.9629347920417786, 0.9634782671928406, 0.9647825956344604, 0.9627174139022827, 0.9620652198791504, 0.9635869860649109, 0.9622825980186462, 0.9627174139022827, 0.9632608890533447, 0.9623913168907166], "val_loss": [0.44610315561294556, 0.320597767829895, 0.22391201555728912, 0.18583577871322632, 0.1674414724111557, 0.16486856341362, 0.14526690542697906, 0.1427939236164093, 0.141664519906044, 0.142349511384964, 0.13598020374774933, 0.13604901731014252, 0.13412979245185852, 0.13408033549785614, 0.14157168567180634, 0.13296979665756226, 0.13380756974220276, 0.1358121633529663, 0.1329362690448761, 0.13414211571216583, 0.14323095977306366, 0.13649101555347443, 0.136000856757164, 0.1328269988298416, 0.1480957567691803, 0.13454937934875488, 0.13057619333267212, 0.13157063722610474, 0.1308949589729309, 0.1310904324054718, 0.1321077048778534, 0.13787487149238586, 0.1324155628681183, 0.13542330265045166, 0.1300591379404068, 0.13630665838718414, 0.12947937846183777, 0.13256801664829254, 0.13096453249454498, 0.13161282241344452, 0.13789010047912598, 0.1312723159790039, 0.1299193650484085, 0.13621068000793457, 0.13485725224018097, 0.1339942365884781, 0.13078352808952332, 0.12979446351528168, 0.13761915266513824, 0.13679644465446472, 0.13178524374961853, 0.1296270787715912, 0.12873972952365875, 0.12983158230781555, 0.1290719360113144, 0.1301954984664917, 0.1451304703950882, 0.13035765290260315, 0.1307864636182785, 0.12934470176696777, 0.13416871428489685, 0.12951524555683136, 0.14248709380626678, 0.12871627509593964, 0.12961053848266602, 0.12873728573322296, 0.12840993702411652, 0.12858939170837402, 0.13049183785915375, 0.12860749661922455, 0.13317140936851501, 0.1290498673915863, 0.13008923828601837, 0.12823858857154846, 0.14325833320617676, 0.1371980756521225, 0.13110221922397614, 0.1279919594526291, 0.1333693265914917, 0.1307675987482071, 0.1289708912372589, 0.128742516040802, 0.13907209038734436, 0.12740902602672577, 0.13278008997440338, 0.12659426033496857, 0.1271105408668518, 0.12780438363552094, 0.130583256483078, 0.12949512898921967, 0.13056732714176178, 0.12764523923397064, 0.1290648877620697, 0.140688955783844, 0.12637834250926971, 0.1314435750246048, 0.13189518451690674, 0.13343501091003418, 0.12748350203037262, 0.12785325944423676],