{"loss": [0.48880499601364136, 0.42731624841690063, 0.33733174204826355, 0.2570555508136749, 0.2050466686487198, 0.17603211104869843, 0.16013675928115845, 0.1490163803100586, 0.1417800486087799, 0.13675758242607117, 0.13512758910655975, 0.1318081170320511, 0.12973815202713013, 0.12729762494564056, 0.12759946286678314, 0.12733279168605804, 0.1259508579969406, 0.12519945204257965, 0.1251005232334137, 0.12329888343811035, 0.1238577663898468, 0.12205471098423004, 0.12205223739147186, 0.12231457233428955, 0.12172404676675797, 0.12177920341491699, 0.1230393499135971, 0.12179459631443024, 0.12162765860557556, 0.12011230736970901, 0.12159708887338638, 0.12067168951034546, 0.11879060417413712, 0.12059058248996735, 0.12257568538188934, 0.12273316830396652, 0.11965113133192062, 0.11990334093570709, 0.11992160975933075, 0.11971130222082138, 0.1198759377002716, 0.12030934542417526, 0.11828213930130005, 0.11839189380407333, 0.11821986734867096, 0.11918412148952484, 0.11868778616189957, 0.1175287663936615, 0.11843856424093246, 0.11805751919746399, 0.11918526142835617, 0.11761932075023651, 0.11844053864479065, 0.11830749362707138, 0.11734817177057266, 0.11858940124511719, 0.11713497340679169, 0.11784706264734268, 0.1189882755279541, 0.11794141680002213, 0.11866194009780884, 0.11767452210187912, 0.11664963513612747, 0.11993321776390076, 0.11776714771986008, 0.11764076352119446, 0.11767778545618057, 0.11591826379299164, 0.11713261157274246, 0.11777535825967789, 0.11787763237953186, 0.11667829751968384, 0.11635411530733109, 0.11565259844064713, 0.11677554249763489, 0.1165185421705246, 0.11687388271093369, 0.11769165098667145, 0.11631859838962555, 0.11610368639230728, 0.11655635386705399, 0.11696035414934158, 0.11674642562866211, 0.11753058433532715, 0.11562316864728928, 0.11627914011478424, 0.11474183201789856, 0.11576808989048004, 0.11645504087209702, 0.11520807445049286, 0.1156739592552185, 0.11585529893636703, 0.1144934892654419, 0.11466783285140991, 0.11485794931650162, 0.11530603468418121, 0.11365076154470444, 0.1153382807970047, 0.11516421288251877, 0.11474733799695969], "accuracy": [0.7997826337814331, 0.7997826337814331, 0.8409782648086548, 0.9098913073539734, 0.9355434775352478, 0.9444565176963806, 0.9506521821022034, 0.9540217518806458, 0.9549999833106995, 0.9573913216590881, 0.9563043713569641, 0.957065224647522, 0.9590217471122742, 0.95923912525177, 0.95923912525177, 0.9582608938217163, 0.958695650100708, 0.9595652222633362, 0.9589130282402039, 0.95923912525177, 0.960326075553894, 0.9613043665885925, 0.9602174162864685, 0.960326075553894, 0.9602174162864685, 0.9601086974143982, 0.95923912525177, 0.9602174162864685, 0.9593478441238403, 0.9604347944259644, 0.9610869288444519, 0.9613043665885925, 0.9615217447280884, 0.9607608914375305, 0.9604347944259644, 0.9598913192749023, 0.9610869288444519, 0.9617391228675842, 0.9623913168907166, 0.960869550704956, 0.9611956477165222, 0.9619565010070801, 0.9628260731697083, 0.9628260731697083, 0.9626086950302124, 0.9629347920417786, 0.9622825980186462, 0.9615217447280884, 0.9630434513092041, 0.9620652198791504, 0.9611956477165222, 0.9631521701812744, 0.9609782695770264, 0.9621739387512207, 0.9628260731697083, 0.9626086950302124, 0.9620652198791504, 0.9630434513092041, 0.9617391228675842, 0.9618478417396545, 0.9627174139022827, 0.9627174139022827, 0.9642391204833984, 0.960869550704956, 0.9633695483207703, 0.9620652198791504, 0.9615217447280884, 0.9633695483207703, 0.9617391228675842, 0.9627174139022827, 0.9621739387512207, 0.9635869860649109, 0.9633695483207703, 0.9622825980186462, 0.9626086950302124, 0.9626086950302124, 0.9621739387512207, 0.9614130258560181, 0.9627174139022827, 0.9626086950302124, 0.9631521701812744, 0.9606521725654602, 0.9619565010070801, 0.9610869288444519, 0.9633695483207703, 0.9631521701812744, 0.9634782671928406, 0.9619565010070801, 0.9628260731697083, 0.9630434513092041, 0.9631521701812744, 0.9632608890533447, 0.9634782671928406, 0.9620652198791504, 0.9629347920417786, 0.9619565010070801, 0.9642391204833984, 0.9631521701812744, 0.9640217423439026, 0.9641304612159729], "val_loss": [0.4636476933956146, 0.38659653067588806, 0.29576748609542847, 0.23252035677433014, 0.19372940063476562, 0.17295241355895996, 0.16075116395950317, 0.15296858549118042, 0.15394942462444305, 0.14243142306804657, 0.14000633358955383, 0.13817378878593445, 0.13882438838481903, 0.13589289784431458, 0.1344870626926422, 0.1375412791967392, 0.13598895072937012, 0.13367010653018951, 0.1538749486207962, 0.13275131583213806, 0.13390547037124634, 0.14581991732120514, 0.13135960698127747, 0.15044918656349182, 0.13630156219005585, 0.1351211965084076, 0.13216786086559296, 0.1353664994239807, 0.13303644955158234, 0.13079263269901276, 0.13085027039051056, 0.1322445422410965, 0.13115884363651276, 0.13319769501686096, 0.13051074743270874, 0.13188469409942627, 0.13114400207996368, 0.1310877650976181, 0.13098491728305817, 0.14475584030151367, 0.1316249817609787, 0.13795903325080872, 0.1331271529197693, 0.14230813086032867, 0.13682958483695984, 0.1316010057926178, 0.13032777607440948, 0.13206259906291962, 0.13347603380680084, 0.13112978637218475, 0.13186751306056976, 0.13013006746768951, 0.12985801696777344, 0.13095779716968536, 0.1304994374513626, 0.1329330950975418, 0.1305454671382904, 0.13957294821739197, 0.13789230585098267, 0.1435859352350235, 0.15955547988414764, 0.13664664328098297, 0.13026539981365204, 0.13471174240112305, 0.130684033036232, 0.12978266179561615, 0.13024750351905823, 0.13035038113594055, 0.14098238945007324, 0.13136745989322662, 0.13233065605163574, 0.13183382153511047, 0.13309964537620544, 0.14273419976234436, 0.13760565221309662, 0.14782504737377167, 0.13012634217739105, 0.13113711774349213, 0.13033917546272278, 0.1300918608903885, 0.130513995885849, 0.13080698251724243, 0.1301904022693634, 0.13038820028305054, 0.13029944896697998, 0.12897643446922302, 0.12881094217300415, 0.13099510967731476, 0.12961642444133759, 0.13034576177597046, 0.1291426122188568, 0.13105183839797974, 0.13706769049167633, 0.12939411401748657, 0.12956847250461578, 0.1296173334121704, 0.14213387668132782, 0.13766621053218842, 0.1296951323747635, 0.12847177684307098],