{"loss": [0.48873913288116455, 0.43247920274734497, 0.33610183000564575, 0.24838057160377502, 0.19730763137340546, 0.16866746544837952, 0.15408022701740265, 0.14304611086845398, 0.1380409300327301, 0.13551278412342072, 0.13118834793567657, 0.12988229095935822, 0.12806513905525208, 0.12660235166549683, 0.12710396945476532, 0.12479538470506668, 0.12754982709884644, 0.1233551949262619, 0.12279210984706879, 0.12294094264507294, 0.12390809506177902, 0.12379605323076248, 0.12225069850683212, 0.12251231074333191, 0.12250366061925888, 0.12069184333086014, 0.12231654673814774, 0.12057057023048401, 0.12034385651350021, 0.12038224935531616, 0.120155930519104, 0.12001220881938934, 0.12074971199035645, 0.12211304903030396, 0.12320633232593536, 0.12031824886798859, 0.11940395087003708, 0.11906176060438156, 0.12111703306436539, 0.11871200054883957, 0.11938212811946869, 0.12092666327953339, 0.11786574870347977, 0.11989784240722656, 0.11804179102182388, 0.11958622187376022, 0.12009409070014954, 0.11916607618331909, 0.11770232021808624, 0.1178840845823288, 0.11852098256349564, 0.11745106428861618, 0.11700549721717834, 0.11758893728256226, 0.1195913553237915, 0.11708962917327881, 0.11744210869073868, 0.12013252824544907, 0.11865927278995514, 0.1170048862695694, 0.11930084228515625, 0.11603023111820221, 0.118491530418396, 0.1165103167295456, 0.1189565360546112, 0.1166703850030899, 0.11602302640676498, 0.11679800599813461, 0.11767996102571487, 0.11848647147417068, 0.11739175766706467, 0.11563176661729813, 0.1172182559967041, 0.11620660126209259, 0.11849824339151382, 0.11732887476682663, 0.11768940836191177, 0.1172088235616684, 0.11494296044111252, 0.11913295835256577, 0.11631795018911362, 0.11630697548389435, 0.11588956415653229, 0.1169101744890213, 0.11635378748178482, 0.11653048545122147, 0.11691664904356003, 0.11456535011529922, 0.11700110137462616, 0.11612779647111893, 0.11596151441335678, 0.11503572016954422, 0.11660832911729813, 0.11585389822721481, 0.11504499614238739, 0.11615357547998428, 0.11451845616102219, 0.11438428610563278, 0.11491257697343826, 0.11490955948829651], "accuracy": [0.7997826337814331, 0.800000011920929, 0.8419564962387085, 0.9136956334114075, 0.9384782314300537, 0.9501087069511414, 0.9529348015785217, 0.9554347991943359, 0.9577174186706543, 0.9583695530891418, 0.957608699798584, 0.9588043689727783, 0.9585869312286377, 0.9583695530891418, 0.959782600402832, 0.9606521725654602, 0.9590217471122742, 0.9611956477165222, 0.9599999785423279, 0.9602174162864685, 0.9606521725654602, 0.9601086974143982, 0.9607608914375305, 0.9593478441238403, 0.9620652198791504, 0.9616304636001587, 0.9613043665885925, 0.9607608914375305, 0.9614130258560181, 0.9606521725654602, 0.9627174139022827, 0.9611956477165222, 0.9607608914375305, 0.9605434536933899, 0.9605434536933899, 0.9604347944259644, 0.9617391228675842, 0.9620652198791504, 0.9619565010070801, 0.9626086950302124, 0.9616304636001587, 0.960869550704956, 0.9624999761581421, 0.9607608914375305, 0.9626086950302124, 0.9611956477165222, 0.9607608914375305, 0.9616304636001587, 0.9613043665885925, 0.9628260731697083, 0.9622825980186462, 0.9629347920417786, 0.9624999761581421, 0.9620652198791504, 0.9618478417396545, 0.9614130258560181, 0.9616304636001587, 0.960869550704956, 0.9634782671928406, 0.9623913168907166, 0.9620652198791504, 0.9628260731697083, 0.9624999761581421, 0.9618478417396545, 0.9627174139022827, 0.9619565010070801, 0.9624999761581421, 0.9623913168907166, 0.9624999761581421, 0.9619565010070801, 0.9610869288444519, 0.9635869860649109, 0.9618478417396545, 0.9635869860649109, 0.9626086950302124, 0.9621739387512207, 0.9620652198791504, 0.9618478417396545, 0.9638043642044067, 0.9610869288444519, 0.9629347920417786, 0.9611956477165222, 0.9631521701812744, 0.9623913168907166, 0.9616304636001587, 0.9616304636001587, 0.9629347920417786, 0.9616304636001587, 0.9617391228675842, 0.9628260731697083, 0.9628260731697083, 0.9629347920417786, 0.9622825980186462, 0.9626086950302124, 0.9624999761581421, 0.9629347920417786, 0.9626086950302124, 0.9635869860649109, 0.9647825956344604, 0.9628260731697083], "val_loss": [0.4657677114009857, 0.38592249155044556, 0.2905175983905792, 0.22160455584526062, 0.18966194987297058, 0.1748080998659134, 0.15452340245246887, 0.14747129380702972, 0.14376628398895264, 0.14144407212734222, 0.1435730755329132, 0.13718479871749878, 0.14591443538665771, 0.1347350925207138, 0.1340690553188324, 0.13335664570331573, 0.13395677506923676, 0.14024846255779266, 0.14056909084320068, 0.13566039502620697, 0.13213030993938446, 0.13253909349441528, 0.13499945402145386, 0.14281950891017914, 0.13616374135017395, 0.1390063762664795, 0.1339501440525055, 0.13352082669734955, 0.1317770779132843, 0.13144537806510925, 0.13398312032222748, 0.1373639553785324, 0.14401575922966003, 0.14192986488342285, 0.13105084002017975, 0.13721023499965668, 0.13101902604103088, 0.1315212994813919, 0.1313234269618988, 0.13155238330364227, 0.13047495484352112, 0.1328393518924713, 0.13241514563560486, 0.1311844140291214, 0.13302618265151978, 0.14185792207717896, 0.1308015137910843, 0.13550642132759094, 0.14387597143650055, 0.13138596713542938, 0.13299624621868134, 0.12962262332439423, 0.1427602767944336, 0.13010385632514954, 0.13663072884082794, 0.1489306092262268, 0.13725781440734863, 0.13787652552127838, 0.13172297179698944, 0.13659514486789703, 0.129555806517601, 0.1436232477426529, 0.12907028198242188, 0.12943963706493378, 0.13000689446926117, 0.13202904164791107, 0.13179004192352295, 0.13940198719501495, 0.1305631548166275, 0.13155308365821838, 0.12956762313842773, 0.13152357935905457, 0.13059687614440918, 0.14248915016651154, 0.13788826763629913, 0.13104631006717682, 0.14482907950878143, 0.1299879252910614, 0.1295478641986847, 0.12878307700157166, 0.12877552211284637, 0.1327190101146698, 0.1338382512331009, 0.12870380282402039, 0.1292383372783661, 0.1467362493276596, 0.13122308254241943, 0.13344967365264893, 0.13009054958820343, 0.12825466692447662, 0.14076311886310577, 0.1375950425863266, 0.1299179047346115, 0.13516758382320404, 0.1284690499305725, 0.12863650918006897, 0.13681258261203766, 0.13634413480758667, 0.13236688077449799, 0.1305522322654724],