{"loss": [0.48585745692253113, 0.41345131397247314, 0.30669543147087097, 0.22527052462100983, 0.18280448019504547, 0.16093328595161438, 0.14821065962314606, 0.14092585444450378, 0.13472148776054382, 0.13357742130756378, 0.13156341016292572, 0.1308562010526657, 0.12959212064743042, 0.12706942856311798, 0.12691299617290497, 0.12598136067390442, 0.12432487308979034, 0.12581706047058105, 0.12517406046390533, 0.12318423390388489, 0.12368921935558319, 0.12346222996711731, 0.122654989361763, 0.1236240416765213, 0.12221018970012665, 0.12416854500770569, 0.12271911650896072, 0.12416472285985947, 0.12217732518911362, 0.12005552649497986, 0.1198609471321106, 0.11967415362596512, 0.12143170088529587, 0.12048594653606415, 0.12200166285037994, 0.12131175398826599, 0.12045634537935257, 0.12124470621347427, 0.1197199821472168, 0.119539275765419, 0.11997571587562561, 0.12256807833909988, 0.11961883306503296, 0.11799303442239761, 0.11965581774711609, 0.12036207318305969, 0.11978641897439957, 0.11863941699266434, 0.11947105079889297, 0.11787650734186172, 0.11791050434112549, 0.11932981014251709, 0.12159695476293564, 0.11810705065727234, 0.11787904053926468, 0.11829023063182831, 0.11906072497367859, 0.11901741474866867, 0.11734750866889954, 0.11765401810407639, 0.11825881153345108, 0.11981979012489319, 0.11900638788938522, 0.11800987273454666, 0.11688679456710815, 0.11700067669153214, 0.11960834264755249, 0.1177772581577301, 0.11784128099679947, 0.11785721778869629, 0.11644340306520462, 0.12076310068368912, 0.11849579960107803, 0.11627966910600662, 0.1164182722568512, 0.11893580853939056, 0.1162988692522049, 0.11725400388240814, 0.1164156049489975, 0.11739057302474976, 0.1179807186126709, 0.11569742113351822, 0.11816518753767014, 0.11755520850419998, 0.11694882810115814, 0.11544366180896759, 0.1170627772808075, 0.11728455871343613, 0.11712199449539185, 0.11682047694921494, 0.11944250017404556, 0.11695677042007446, 0.1189739853143692, 0.11560036242008209, 0.11551617085933685, 0.11558493226766586, 0.1156994104385376, 0.11557790637016296, 0.11709533631801605, 0.11675646156072617], "accuracy": [0.7997826337814331, 0.801630437374115, 0.8697826266288757, 0.9281522035598755, 0.9441304206848145, 0.9501087069511414, 0.9544565081596375, 0.9564130306243896, 0.9582608938217163, 0.957065224647522, 0.958152174949646, 0.958152174949646, 0.9589130282402039, 0.959782600402832, 0.9593478441238403, 0.9595652222633362, 0.9602174162864685, 0.9590217471122742, 0.9596739411354065, 0.9602174162864685, 0.959782600402832, 0.9609782695770264, 0.9602174162864685, 0.960869550704956, 0.9607608914375305, 0.9601086974143982, 0.960869550704956, 0.9601086974143982, 0.959782600402832, 0.9609782695770264, 0.9627174139022827, 0.9618478417396545, 0.9605434536933899, 0.960869550704956, 0.9613043665885925, 0.9614130258560181, 0.9611956477165222, 0.9601086974143982, 0.9610869288444519, 0.9629347920417786, 0.9629347920417786, 0.959782600402832, 0.9606521725654602, 0.9633695483207703, 0.9618478417396545, 0.9609782695770264, 0.9610869288444519, 0.9629347920417786, 0.9619565010070801, 0.9624999761581421, 0.9610869288444519, 0.9610869288444519, 0.9595652222633362, 0.9628260731697083, 0.9628260731697083, 0.9626086950302124, 0.9611956477165222, 0.9620652198791504, 0.9627174139022827, 0.9628260731697083, 0.9609782695770264, 0.9628260731697083, 0.9626086950302124, 0.9616304636001587, 0.9638043642044067, 0.9626086950302124, 0.9609782695770264, 0.9609782695770264, 0.9617391228675842, 0.9622825980186462, 0.9623913168907166, 0.9615217447280884, 0.9621739387512207, 0.9627174139022827, 0.9632608890533447, 0.9610869288444519, 0.9619565010070801, 0.9632608890533447, 0.9629347920417786, 0.9620652198791504, 0.9621739387512207, 0.9623913168907166, 0.9613043665885925, 0.9627174139022827, 0.9611956477165222, 0.9622825980186462, 0.9627174139022827, 0.9616304636001587, 0.9626086950302124, 0.9630434513092041, 0.9619565010070801, 0.9609782695770264, 0.9621739387512207, 0.9630434513092041, 0.9630434513092041, 0.9626086950302124, 0.9631521701812744, 0.9623913168907166, 0.9620652198791504, 0.9630434513092041], "val_loss": [0.45762795209884644, 0.36393365263938904, 0.2635997533798218, 0.21278521418571472, 0.1794806867837906, 0.15966804325580597, 0.16378264129161835, 0.14547397196292877, 0.14274774491786957, 0.14387570321559906, 0.1379362791776657, 0.13679085671901703, 0.1397743821144104, 0.13553185760974884, 0.1468495875597, 0.14189450442790985, 0.13425825536251068, 0.1411033719778061, 0.13308025896549225, 0.13246633112430573, 0.1324193775653839, 0.1323390007019043, 0.13708356022834778, 0.146934375166893, 0.13206548988819122, 0.16026169061660767, 0.13106349110603333, 0.1338554322719574, 0.13359040021896362, 0.13199973106384277, 0.13566584885120392, 0.1368357539176941, 0.13261379301548004, 0.1321752667427063, 0.1515161693096161, 0.13064156472682953, 0.1399143636226654, 0.1326369047164917, 0.13545390963554382, 0.13179472088813782, 0.14541961252689362, 0.13861697912216187, 0.13603146374225616, 0.13521642982959747, 0.13156434893608093, 0.13240684568881989, 0.1322174370288849, 0.13114795088768005, 0.13302507996559143, 0.13658581674098969, 0.14635328948497772, 0.1421404778957367, 0.1320534497499466, 0.13569152355194092, 0.1312398910522461, 0.1369968205690384, 0.13109417259693146, 0.13119539618492126, 0.13422837853431702, 0.13397614657878876, 0.1404372751712799, 0.13099531829357147, 0.13611216843128204, 0.13900667428970337, 0.1342432200908661, 0.13106369972229004, 0.1295912116765976, 0.13182593882083893, 0.13436315953731537, 0.13063058257102966, 0.12914831936359406, 0.1310151070356369, 0.1304924339056015, 0.13270045816898346, 0.1449795812368393, 0.14380177855491638, 0.1439763754606247, 0.13143259286880493, 0.13019506633281708, 0.13223852217197418, 0.13106119632720947, 0.14132694900035858, 0.13995438814163208, 0.13197468221187592, 0.13116534054279327, 0.14572873711585999, 0.12957386672496796, 0.13009074330329895, 0.13142956793308258, 0.1328074336051941, 0.1335870325565338, 0.14970208704471588, 0.12983621656894684, 0.13882328569889069, 0.13200116157531738, 0.129743754863739, 0.12946859002113342, 0.12905314564704895, 0.13543516397476196, 0.13275261223316193],