{"loss": [0.495844304561615, 0.4263800084590912, 0.3236922323703766, 0.24151302874088287, 0.1923733949661255, 0.16704268753528595, 0.15405897796154022, 0.1440887153148651, 0.13833914697170258, 0.1336040496826172, 0.1316002756357193, 0.13045747578144073, 0.12797911465168, 0.1269475519657135, 0.12584511935710907, 0.1240958571434021, 0.12303955107927322, 0.12460789084434509, 0.1217038482427597, 0.12388522177934647, 0.12211094051599503, 0.12196656316518784, 0.12320452183485031, 0.12164144963026047, 0.12163183838129044, 0.12125390022993088, 0.11957181245088577, 0.12057144939899445, 0.11996904760599136, 0.11916965991258621, 0.12040628492832184, 0.11838249117136002, 0.12005522102117538, 0.1198069304227829, 0.1205669492483139, 0.11827901005744934, 0.11930102854967117, 0.11918213963508606, 0.11810523271560669, 0.11999708414077759, 0.1197245866060257, 0.11759777367115021, 0.11946666985750198, 0.11822156608104706, 0.11808117479085922, 0.11829124391078949, 0.11715357005596161, 0.11960291117429733, 0.11827538162469864, 0.11904295533895493, 0.1173727810382843, 0.11885589361190796, 0.11735554784536362, 0.11864462494850159, 0.11709640920162201, 0.11746776103973389, 0.1177825778722763, 0.11669956147670746, 0.1190156638622284, 0.11703784763813019, 0.11788802593946457, 0.11704320460557938, 0.1168193519115448, 0.11930204927921295, 0.11800877749919891, 0.11793048679828644, 0.1162233054637909, 0.11703933030366898, 0.11838788539171219, 0.11678474396467209, 0.116503044962883, 0.11726140230894089, 0.11588768661022186, 0.1143992692232132, 0.11805243790149689, 0.11735193431377411, 0.1161942332983017, 0.11512190848588943, 0.11601666361093521, 0.11805754154920578, 0.11711062490940094, 0.11565759032964706, 0.11695259064435959, 0.11511733382940292, 0.11506973952054977, 0.11669058352708817, 0.11494214832782745, 0.11592517048120499, 0.11592793464660645, 0.11742398142814636, 0.11565446853637695, 0.11716367304325104, 0.11579611152410507, 0.11600016802549362, 0.11495878547430038, 0.1160484254360199, 0.11578413099050522, 0.11475669592618942, 0.11463194340467453, 0.11729342490434647], "accuracy": [0.7964130640029907, 0.7998912930488586, 0.85326087474823, 0.9166304469108582, 0.9427173733711243, 0.9495652318000793, 0.9527173638343811, 0.9556521773338318, 0.95652174949646, 0.9585869312286377, 0.9584782719612122, 0.9580434560775757, 0.9584782719612122, 0.9611956477165222, 0.9593478441238403, 0.960326075553894, 0.9601086974143982, 0.9602174162864685, 0.9616304636001587, 0.9598913192749023, 0.9613043665885925, 0.9626086950302124, 0.9593478441238403, 0.9619565010070801, 0.9619565010070801, 0.9613043665885925, 0.9605434536933899, 0.9619565010070801, 0.9619565010070801, 0.9622825980186462, 0.9613043665885925, 0.960869550704956, 0.9616304636001587, 0.9615217447280884, 0.960869550704956, 0.9621739387512207, 0.9615217447280884, 0.9622825980186462, 0.9617391228675842, 0.9618478417396545, 0.9614130258560181, 0.9617391228675842, 0.9614130258560181, 0.9619565010070801, 0.9616304636001587, 0.9620652198791504, 0.9619565010070801, 0.9611956477165222, 0.9607608914375305, 0.9613043665885925, 0.9634782671928406, 0.9624999761581421, 0.9620652198791504, 0.9618478417396545, 0.9627174139022827, 0.9617391228675842, 0.9623913168907166, 0.9619565010070801, 0.9618478417396545, 0.9624999761581421, 0.9624999761581421, 0.9626086950302124, 0.9633695483207703, 0.9617391228675842, 0.9619565010070801, 0.9622825980186462, 0.9642391204833984, 0.9617391228675842, 0.9615217447280884, 0.9621739387512207, 0.9621739387512207, 0.9623913168907166, 0.9634782671928406, 0.9624999761581421, 0.9630434513092041, 0.9618478417396545, 0.9617391228675842, 0.9641304612159729, 0.9630434513092041, 0.9616304636001587, 0.9614130258560181, 0.9627174139022827, 0.9626086950302124, 0.9628260731697083, 0.9624999761581421, 0.9634782671928406, 0.9634782671928406, 0.9617391228675842, 0.9622825980186462, 0.9616304636001587, 0.9621739387512207, 0.9618478417396545, 0.9621739387512207, 0.9616304636001587, 0.9643478393554688, 0.9635869860649109, 0.9628260731697083, 0.9626086950302124, 0.9620652198791504, 0.9631521701812744], "val_loss": [0.4665413200855255, 0.3842511475086212, 0.292453795671463, 0.21733428537845612, 0.1839705854654312, 0.1730927973985672, 0.15431532263755798, 0.15179049968719482, 0.14869144558906555, 0.1444905400276184, 0.13785280287265778, 0.13994072377681732, 0.13525982201099396, 0.13598358631134033, 0.13385330140590668, 0.13425594568252563, 0.1446806937456131, 0.1326686590909958, 0.13671033084392548, 0.13260114192962646, 0.13253651559352875, 0.13326606154441833, 0.13236573338508606, 0.13150127232074738, 0.13350893557071686, 0.13442128896713257, 0.13211342692375183, 0.13021332025527954, 0.1323559582233429, 0.13402903079986572, 0.13009648025035858, 0.13329865038394928, 0.1383606195449829, 0.14300920069217682, 0.13317203521728516, 0.13155807554721832, 0.13059264421463013, 0.1312454342842102, 0.13023021817207336, 0.1323002278804779, 0.13354255259037018, 0.13739539682865143, 0.13014957308769226, 0.1388051062822342, 0.13227693736553192, 0.1312374323606491, 0.1344098448753357, 0.13198712468147278, 0.13368703424930573, 0.1301465928554535, 0.13838253915309906, 0.13039334118366241, 0.13644520938396454, 0.13272464275360107, 0.13109099864959717, 0.129140242934227, 0.1319052129983902, 0.1293552815914154, 0.13037258386611938, 0.13077186048030853, 0.13363641500473022, 0.14373038709163666, 0.1312357783317566, 0.12985102832317352, 0.13023610413074493, 0.12999233603477478, 0.13280367851257324, 0.13071522116661072, 0.13074003159999847, 0.1299852877855301, 0.13099640607833862, 0.13222366571426392, 0.12910139560699463, 0.13010308146476746, 0.13184382021427155, 0.13562177121639252, 0.1299419403076172, 0.12850849330425262, 0.15314728021621704, 0.13102175295352936, 0.1297658532857895, 0.13020730018615723, 0.12996768951416016, 0.13236217200756073, 0.13025347888469696, 0.12901394069194794, 0.1359272599220276, 0.12952852249145508, 0.12798702716827393, 0.12925934791564941, 0.13090509176254272, 0.13064123690128326, 0.14361193776130676, 0.12883196771144867, 0.12867803871631622, 0.12854830920696259, 0.1349247395992279, 0.12771566212177277, 0.12900085747241974, 0.14566481113433838],