{"loss": [0.4913236200809479, 0.3857634961605072, 0.2553448975086212, 0.1877238005399704, 0.15931659936904907, 0.1475050151348114, 0.1378975361585617, 0.1346297711133957, 0.13425050675868988, 0.12971951067447662, 0.12760934233665466, 0.1277507245540619, 0.12488652765750885, 0.12452521175146103, 0.12716487050056458, 0.12541091442108154, 0.1234523206949234, 0.12545011937618256, 0.12292313575744629, 0.12395600974559784, 0.12320347130298615, 0.12169424444437027, 0.12262438982725143, 0.12246591597795486, 0.12339485436677933, 0.1212061196565628, 0.12134017050266266, 0.12188328057527542, 0.12040168046951294, 0.120221346616745, 0.12006796151399612, 0.1203971654176712, 0.12049044668674469, 0.12389715015888214, 0.12201990187168121, 0.12063699215650558, 0.1207333654165268, 0.1199384331703186, 0.11983935534954071, 0.12007780373096466, 0.12096557766199112, 0.11940376460552216, 0.12060913443565369, 0.12015875428915024, 0.11756917834281921, 0.11933454126119614, 0.12083864957094193, 0.12324537336826324, 0.12036938220262527, 0.1198420524597168, 0.11830922216176987, 0.11981458216905594, 0.11776059120893478, 0.11948858946561813, 0.11859484016895294, 0.11904047429561615, 0.12010934948921204, 0.12141866981983185, 0.11911740154027939, 0.11703209578990936, 0.12085273116827011, 0.12025230377912521, 0.1169806718826294, 0.11684254556894302, 0.11746351420879364, 0.11721435189247131, 0.11771049350500107, 0.11795151233673096, 0.11784354597330093, 0.11953368782997131, 0.11899027973413467, 0.1158960610628128, 0.11687503755092621, 0.11726206541061401, 0.1199907660484314, 0.11656682193279266, 0.11629440635442734, 0.11929130554199219, 0.11627260595560074, 0.11776002496480942, 0.1177765280008316, 0.11609678715467453, 0.11635788530111313, 0.11533606797456741, 0.11616861075162888, 0.11696752160787582, 0.11771724373102188, 0.1148073673248291, 0.11742130666971207, 0.1142180860042572, 0.11703293770551682, 0.11546045541763306, 0.11578257381916046, 0.11703688651323318, 0.11485112458467484, 0.11521945148706436, 0.11826937645673752, 0.11574919521808624, 0.11476286500692368, 0.11560007929801941], "accuracy": [0.7911956310272217, 0.8155434727668762, 0.9075000286102295, 0.9427173733711243, 0.9516304135322571, 0.9540217518806458, 0.9589130282402039, 0.9578260779380798, 0.9577174186706543, 0.9584782719612122, 0.9582608938217163, 0.959782600402832, 0.9591304063796997, 0.9609782695770264, 0.9591304063796997, 0.9602174162864685, 0.960869550704956, 0.9596739411354065, 0.9613043665885925, 0.9605434536933899, 0.9598913192749023, 0.9604347944259644, 0.9605434536933899, 0.9599999785423279, 0.9607608914375305, 0.9620652198791504, 0.9614130258560181, 0.9619565010070801, 0.9623913168907166, 0.959782600402832, 0.9616304636001587, 0.9623913168907166, 0.9618478417396545, 0.9617391228675842, 0.9609782695770264, 0.9620652198791504, 0.9613043665885925, 0.9620652198791504, 0.9615217447280884, 0.9614130258560181, 0.9618478417396545, 0.9619565010070801, 0.9611956477165222, 0.9619565010070801, 0.9629347920417786, 0.9627174139022827, 0.9617391228675842, 0.9610869288444519, 0.9622825980186462, 0.9611956477165222, 0.9628260731697083, 0.9620652198791504, 0.9631521701812744, 0.9620652198791504, 0.9615217447280884, 0.9623913168907166, 0.9610869288444519, 0.9615217447280884, 0.9618478417396545, 0.9607608914375305, 0.9614130258560181, 0.9606521725654602, 0.9626086950302124, 0.9626086950302124, 0.9621739387512207, 0.9616304636001587, 0.9622825980186462, 0.9618478417396545, 0.9622825980186462, 0.9631521701812744, 0.960869550704956, 0.9626086950302124, 0.9626086950302124, 0.9633695483207703, 0.9615217447280884, 0.9628260731697083, 0.9623913168907166, 0.9610869288444519, 0.9633695483207703, 0.9638043642044067, 0.9618478417396545, 0.9622825980186462, 0.9620652198791504, 0.9627174139022827, 0.9635869860649109, 0.9615217447280884, 0.9621739387512207, 0.9627174139022827, 0.9618478417396545, 0.9636956453323364, 0.9611956477165222, 0.9626086950302124, 0.9629347920417786, 0.9621739387512207, 0.9630434513092041, 0.9630434513092041, 0.9602174162864685, 0.9628260731697083, 0.9632608890533447, 0.9633695483207703], "val_loss": [0.45083606243133545, 0.31394162774086, 0.2144690901041031, 0.1737799197435379, 0.16033758223056793, 0.14816993474960327, 0.14568299055099487, 0.14040254056453705, 0.13715559244155884, 0.15119977295398712, 0.13722899556159973, 0.13764862716197968, 0.13390043377876282, 0.1574208289384842, 0.14493387937545776, 0.13309833407402039, 0.1501893401145935, 0.13149316608905792, 0.13725458085536957, 0.1363092064857483, 0.13195858895778656, 0.13233385980129242, 0.14752866327762604, 0.14460089802742004, 0.15909095108509064, 0.13212773203849792, 0.1323288232088089, 0.13061730563640594, 0.13289447128772736, 0.13134515285491943, 0.13856273889541626, 0.13333265483379364, 0.13449162244796753, 0.1323828548192978, 0.13250744342803955, 0.13132049143314362, 0.13172993063926697, 0.1372642070055008, 0.13982614874839783, 0.13329751789569855, 0.13162574172019958, 0.13417619466781616, 0.15603379905223846, 0.13169224560260773, 0.15470550954341888, 0.13373340666294098, 0.13197100162506104, 0.13669289648532867, 0.13331611454486847, 0.1371959000825882, 0.13038833439350128, 0.13037483394145966, 0.13663816452026367, 0.14103828370571136, 0.1307205706834793, 0.13626840710639954, 0.13515476882457733, 0.13868820667266846, 0.13044311106204987, 0.13145020604133606, 0.13132084906101227, 0.1305207908153534, 0.13208502531051636, 0.13793453574180603, 0.13095596432685852, 0.13212572038173676, 0.13019032776355743, 0.1406024992465973, 0.13973356783390045, 0.13105817139148712, 0.13136740028858185, 0.1340259462594986, 0.1329912394285202, 0.1437290459871292, 0.1285184919834137, 0.1290985494852066, 0.12891684472560883, 0.130095437169075, 0.1311289221048355, 0.13012860715389252, 0.1363411247730255, 0.12970609962940216, 0.13088089227676392, 0.13264478743076324, 0.1296507716178894, 0.12806113064289093, 0.13591967523097992, 0.1471042037010193, 0.1308448761701584, 0.13032229244709015, 0.14324578642845154, 0.12707222998142242, 0.1329830139875412, 0.12985342741012573, 0.12859173119068146, 0.13576118648052216, 0.12882475554943085, 0.13332247734069824, 0.1317255049943924, 0.12759213149547577],