{"loss": [0.5072234869003296, 0.43716999888420105, 0.3352920114994049, 0.24779073894023895, 0.19555017352104187, 0.16816149652004242, 0.15219475328922272, 0.14384126663208008, 0.13710403442382812, 0.13358990848064423, 0.13033276796340942, 0.1297607570886612, 0.13063274323940277, 0.12621286511421204, 0.12734615802764893, 0.12367314845323563, 0.12327495962381363, 0.1228717565536499, 0.12290573865175247, 0.12493215501308441, 0.12252896279096603, 0.12212046980857849, 0.12400401383638382, 0.12229201942682266, 0.12121344357728958, 0.12011922895908356, 0.1224890649318695, 0.12063182145357132, 0.1184566468000412, 0.12052354961633682, 0.12033940851688385, 0.12138380110263824, 0.12036427110433578, 0.11904847621917725, 0.11912670731544495, 0.12124946713447571, 0.11792788654565811, 0.11788048595190048, 0.12228398770093918, 0.11872517317533493, 0.11855307221412659, 0.11843769997358322, 0.11751262098550797, 0.11717567592859268, 0.1175285130739212, 0.11891896277666092, 0.11714513599872589, 0.11731959134340286, 0.11670316010713577, 0.11889705806970596, 0.11687201261520386, 0.11741039901971817, 0.11889620870351791, 0.11686445027589798, 0.11679507046937943, 0.11549369245767593, 0.1169816255569458, 0.11702120304107666, 0.11547233164310455, 0.11641628295183182, 0.11602991819381714, 0.11586299538612366, 0.11516963690519333, 0.11604221165180206, 0.11574109643697739, 0.11519119888544083, 0.11710000783205032, 0.11566349118947983, 0.11529123038053513, 0.11542009562253952, 0.11508893966674805, 0.11515043675899506, 0.11486716568470001, 0.11514025181531906, 0.11440003663301468, 0.11361254006624222, 0.1135016530752182, 0.11375981569290161, 0.11382106691598892, 0.11289083957672119, 0.11658105999231339, 0.11427946388721466, 0.11291360855102539, 0.11433908343315125, 0.11585068702697754, 0.11471077054738998, 0.11219998449087143, 0.1124407947063446, 0.11177437007427216, 0.11185131222009659, 0.11238832026720047, 0.11367844045162201, 0.11256778985261917, 0.1131981760263443, 0.11351315677165985, 0.11352206021547318, 0.1133713573217392, 0.11169023811817169, 0.11146774888038635, 0.11196766793727875], "accuracy": [0.7790217399597168, 0.800000011920929, 0.8426086902618408, 0.9167391061782837, 0.9410869479179382, 0.9492391347885132, 0.9529348015785217, 0.9549999833106995, 0.9564130306243896, 0.9569565057754517, 0.957608699798584, 0.958152174949646, 0.9579347968101501, 0.9588043689727783, 0.9591304063796997, 0.960326075553894, 0.9610869288444519, 0.9593478441238403, 0.9601086974143982, 0.9607608914375305, 0.9605434536933899, 0.9606521725654602, 0.9602174162864685, 0.9605434536933899, 0.9602174162864685, 0.9615217447280884, 0.9602174162864685, 0.9602174162864685, 0.9621739387512207, 0.960869550704956, 0.9611956477165222, 0.9618478417396545, 0.9614130258560181, 0.9621739387512207, 0.960869550704956, 0.9606521725654602, 0.9620652198791504, 0.9614130258560181, 0.9594565033912659, 0.9618478417396545, 0.9613043665885925, 0.9619565010070801, 0.9626086950302124, 0.9619565010070801, 0.9620652198791504, 0.9611956477165222, 0.9628260731697083, 0.9623913168907166, 0.9630434513092041, 0.9613043665885925, 0.9622825980186462, 0.9629347920417786, 0.9613043665885925, 0.9618478417396545, 0.9626086950302124, 0.9631521701812744, 0.9624999761581421, 0.9626086950302124, 0.9626086950302124, 0.9629347920417786, 0.9609782695770264, 0.9633695483207703, 0.9615217447280884, 0.9629347920417786, 0.9627174139022827, 0.9634782671928406, 0.9626086950302124, 0.9615217447280884, 0.9624999761581421, 0.9626086950302124, 0.9631521701812744, 0.9629347920417786, 0.9623913168907166, 0.9613043665885925, 0.9639130234718323, 0.9628260731697083, 0.9644564986228943, 0.9638043642044067, 0.9632608890533447, 0.9619565010070801, 0.9623913168907166, 0.9618478417396545, 0.9641304612159729, 0.9632608890533447, 0.9628260731697083, 0.9626086950302124, 0.9646739363670349, 0.9635869860649109, 0.9632608890533447, 0.9624999761581421, 0.9644564986228943, 0.9622825980186462, 0.9636956453323364, 0.9638043642044067, 0.9631521701812744, 0.9627174139022827, 0.9634782671928406, 0.9638043642044067, 0.9653260707855225, 0.9647825956344604], "val_loss": [0.47275233268737793, 0.3918003439903259, 0.2861596643924713, 0.2210453599691391, 0.18530137836933136, 0.16496270895004272, 0.16933894157409668, 0.15096420049667358, 0.15036164224147797, 0.14056037366390228, 0.14232522249221802, 0.1358380764722824, 0.13473209738731384, 0.13911034166812897, 0.1333484798669815, 0.13366763293743134, 0.1328313648700714, 0.13512659072875977, 0.13258478045463562, 0.131665900349617, 0.1318848431110382, 0.14073817431926727, 0.13442771136760712, 0.1443096250295639, 0.13146980106830597, 0.1535908728837967, 0.13096462190151215, 0.13150140643119812, 0.1308770477771759, 0.13168902695178986, 0.131808802485466, 0.13687847554683685, 0.1350690871477127, 0.1384323090314865, 0.15412722527980804, 0.1401398777961731, 0.1303747296333313, 0.1373014748096466, 0.13156658411026, 0.14186522364616394, 0.13405194878578186, 0.1407603919506073, 0.1332051157951355, 0.13025720417499542, 0.12992657721042633, 0.13122083246707916, 0.13051487505435944, 0.133341446518898, 0.13239674270153046, 0.13751356303691864, 0.13170276582241058, 0.13508819043636322, 0.13594235479831696, 0.13621819019317627, 0.13078510761260986, 0.13189205527305603, 0.1295476257801056, 0.13128407299518585, 0.13398486375808716, 0.1303974688053131, 0.14845843613147736, 0.13689666986465454, 0.13917170464992523, 0.12914519011974335, 0.1301015317440033, 0.12914691865444183, 0.12959003448486328, 0.1291183978319168, 0.12911565601825714, 0.1285015344619751, 0.1301356852054596, 0.12861420214176178, 0.12837116420269012, 0.12837889790534973, 0.13073106110095978, 0.13508564233779907, 0.12852899730205536, 0.1344057321548462, 0.13157132267951965, 0.14386753737926483, 0.13486428558826447, 0.1309022754430771, 0.1287633776664734, 0.12842760980129242, 0.12920251488685608, 0.12909972667694092, 0.12750062346458435, 0.12737752497196198, 0.12765684723854065, 0.12779608368873596, 0.13595078885555267, 0.12697593867778778, 0.12891151010990143, 0.12671136856079102, 0.1265975683927536, 0.13745611906051636, 0.14535139501094818, 0.13601617515087128, 0.12902924418449402, 0.12785662710666656],