{"loss": [0.47841909527778625, 0.36311787366867065, 0.24196551740169525, 0.18037839233875275, 0.15509985387325287, 0.14283686876296997, 0.13643598556518555, 0.13367220759391785, 0.1309690922498703, 0.1310432404279709, 0.1280084252357483, 0.12494756281375885, 0.12545976042747498, 0.12526018917560577, 0.12353146821260452, 0.12382320314645767, 0.12354898452758789, 0.1223134696483612, 0.12279466539621353, 0.12366942316293716, 0.12166095525026321, 0.12218670547008514, 0.12144414335489273, 0.12467523664236069, 0.12135015428066254, 0.12239162623882294, 0.1213417649269104, 0.12137570232152939, 0.12111930549144745, 0.12113550305366516, 0.1202489584684372, 0.11915437132120132, 0.11849187314510345, 0.12161149084568024, 0.12007645517587662, 0.11972909420728683, 0.11862056702375412, 0.12074149399995804, 0.1224958747625351, 0.12037456035614014, 0.11881829053163528, 0.11896166205406189, 0.12269033491611481, 0.12129305303096771, 0.11899557709693909, 0.11940646171569824, 0.1186532974243164, 0.12004364281892776, 0.11932163685560226, 0.11968299001455307, 0.11989207565784454, 0.12135445326566696, 0.118935227394104, 0.11898963153362274, 0.11781200766563416, 0.11774152517318726, 0.11859481036663055, 0.1177355945110321, 0.1185411810874939, 0.11890266835689545, 0.11653845757246017, 0.1167590469121933, 0.1179690808057785, 0.11754698306322098, 0.11957714706659317, 0.11730301380157471, 0.11661072075366974, 0.11854582279920578, 0.11936792731285095, 0.1167822927236557, 0.11907059699296951, 0.11780313402414322, 0.11800343543291092, 0.11748496443033218, 0.11794967949390411, 0.11715708673000336, 0.11767030507326126, 0.11850405484437943, 0.11538288742303848, 0.11569557338953018, 0.11654950678348541, 0.11892994493246078, 0.11588156223297119, 0.11660965532064438, 0.1145114153623581, 0.11845425516366959, 0.1171913594007492, 0.11793409287929535, 0.11780393123626709, 0.11434034258127213, 0.1152360737323761, 0.11558876186609268, 0.11633790284395218, 0.11620772629976273, 0.11715085059404373, 0.11777400970458984, 0.11807513982057571, 0.1158972829580307, 0.1154261976480484, 0.11503708362579346], "accuracy": [0.7977173924446106, 0.8272826075553894, 0.919021725654602, 0.9458695650100708, 0.9514130353927612, 0.9552174210548401, 0.9564130306243896, 0.958152174949646, 0.9588043689727783, 0.958152174949646, 0.9594565033912659, 0.9610869288444519, 0.9605434536933899, 0.9601086974143982, 0.9602174162864685, 0.960326075553894, 0.9606521725654602, 0.9605434536933899, 0.9604347944259644, 0.960869550704956, 0.9609782695770264, 0.9616304636001587, 0.9606521725654602, 0.9602174162864685, 0.9615217447280884, 0.9606521725654602, 0.9616304636001587, 0.9598913192749023, 0.9610869288444519, 0.9605434536933899, 0.9631521701812744, 0.9617391228675842, 0.9617391228675842, 0.9616304636001587, 0.9610869288444519, 0.9613043665885925, 0.9605434536933899, 0.959782600402832, 0.9606521725654602, 0.960869550704956, 0.960869550704956, 0.9615217447280884, 0.9596739411354065, 0.9604347944259644, 0.9609782695770264, 0.9614130258560181, 0.9620652198791504, 0.9613043665885925, 0.9622825980186462, 0.9623913168907166, 0.960869550704956, 0.9616304636001587, 0.9617391228675842, 0.9623913168907166, 0.9614130258560181, 0.9621739387512207, 0.9621739387512207, 0.9622825980186462, 0.9611956477165222, 0.9623913168907166, 0.9611956477165222, 0.9611956477165222, 0.9633695483207703, 0.9613043665885925, 0.9621739387512207, 0.9615217447280884, 0.9626086950302124, 0.9623913168907166, 0.9602174162864685, 0.9615217447280884, 0.9618478417396545, 0.9629347920417786, 0.9617391228675842, 0.9614130258560181, 0.9623913168907166, 0.9623913168907166, 0.9619565010070801, 0.9607608914375305, 0.9624999761581421, 0.9621739387512207, 0.9609782695770264, 0.9611956477165222, 0.9645652174949646, 0.9635869860649109, 0.9634782671928406, 0.9618478417396545, 0.9618478417396545, 0.9616304636001587, 0.9621739387512207, 0.9640217423439026, 0.9638043642044067, 0.9623913168907166, 0.9616304636001587, 0.9630434513092041, 0.960869550704956, 0.9614130258560181, 0.9613043665885925, 0.9627174139022827, 0.9620652198791504, 0.9623913168907166], "val_loss": [0.44246551394462585, 0.29223814606666565, 0.20939846336841583, 0.17044800519943237, 0.15541064739227295, 0.14543484151363373, 0.14306695759296417, 0.14002546668052673, 0.14113599061965942, 0.13758419454097748, 0.13684850931167603, 0.1331063210964203, 0.1346719115972519, 0.14551600813865662, 0.13353534042835236, 0.13393566012382507, 0.13290075957775116, 0.1350335329771042, 0.1328454613685608, 0.1350727677345276, 0.1355704963207245, 0.1338377743959427, 0.1380258947610855, 0.13710564374923706, 0.14144636690616608, 0.13814777135849, 0.15010370314121246, 0.135584756731987, 0.13593116402626038, 0.1322471797466278, 0.13536353409290314, 0.1325497031211853, 0.1323738396167755, 0.13384407758712769, 0.13397866487503052, 0.1356145292520523, 0.13452905416488647, 0.1329992115497589, 0.1345129758119583, 0.13370198011398315, 0.1323263943195343, 0.13270172476768494, 0.1321820169687271, 0.13314642012119293, 0.14917811751365662, 0.13389994204044342, 0.19086718559265137, 0.1331842988729477, 0.1323600560426712, 0.13304002583026886, 0.13253085315227509, 0.1352844387292862, 0.13192634284496307, 0.1362011730670929, 0.13796378672122955, 0.1342376172542572, 0.13639886677265167, 0.13215824961662292, 0.14716579020023346, 0.13306057453155518, 0.13519756495952606, 0.13639724254608154, 0.13193440437316895, 0.1339862048625946, 0.13484369218349457, 0.1383008360862732, 0.1438574194908142, 0.1317589282989502, 0.1317356377840042, 0.13978850841522217, 0.14793792366981506, 0.16124537587165833, 0.1350029706954956, 0.131711944937706, 0.13294683396816254, 0.1440943330526352, 0.14185938239097595, 0.13119648396968842, 0.1336701214313507, 0.13236600160598755, 0.14736707508563995, 0.13151238858699799, 0.13652178645133972, 0.13439558446407318, 0.14101488888263702, 0.13178955018520355, 0.1545255184173584, 0.1349439024925232, 0.13338254392147064, 0.1304619461297989, 0.13504837453365326, 0.13098891079425812, 0.13030487298965454, 0.13535338640213013, 0.12990577518939972, 0.13198131322860718, 0.13178972899913788, 0.13144195079803467, 0.1343715339899063, 0.1293148249387741],