{"loss": [0.4968163073062897, 0.4187189042568207, 0.3194763660430908, 0.2387351095676422, 0.19077402353286743, 0.1657157987356186, 0.15283355116844177, 0.14287713170051575, 0.13662099838256836, 0.13424457609653473, 0.1307109296321869, 0.12946556508541107, 0.12759274244308472, 0.12609070539474487, 0.12522658705711365, 0.12473011761903763, 0.12465839087963104, 0.12538237869739532, 0.12264090031385422, 0.12240457534790039, 0.12148533016443253, 0.12201961129903793, 0.12312079221010208, 0.12041071057319641, 0.12140732258558273, 0.11927971988916397, 0.12006009370088577, 0.11877482384443283, 0.12058861553668976, 0.11944852024316788, 0.1189327985048294, 0.11992985010147095, 0.11935659497976303, 0.11901693791151047, 0.11968962103128433, 0.1186857521533966, 0.11826959997415543, 0.11964814364910126, 0.11826951056718826, 0.11767131090164185, 0.11968787014484406, 0.11767525225877762, 0.11803723871707916, 0.11813964694738388, 0.11676689982414246, 0.11754731833934784, 0.11819923669099808, 0.1190710961818695, 0.11757292598485947, 0.11870094388723373, 0.11704189330339432, 0.11735881119966507, 0.11705224215984344, 0.11646348983049393, 0.11642453074455261, 0.11530978977680206, 0.1152724027633667, 0.11729035526514053, 0.11601237207651138, 0.1163046658039093, 0.1173994392156601, 0.11784966289997101, 0.11547762900590897, 0.11622516065835953, 0.11597714573144913, 0.11596236377954483, 0.11588817834854126, 0.11545375734567642, 0.11447488516569138, 0.11646999418735504, 0.11663874238729477, 0.11425497382879257, 0.11410952359437943, 0.1138107031583786, 0.1146443635225296, 0.11361658573150635, 0.11534375697374344, 0.11403175443410873, 0.11597935110330582, 0.11420927941799164, 0.11290207505226135, 0.11339303851127625, 0.11390823870897293, 0.1133497804403305, 0.11558324098587036, 0.11321836709976196, 0.11374727636575699, 0.11347699910402298, 0.11394765973091125, 0.11381090432405472, 0.11412444710731506, 0.1145542562007904, 0.11253741383552551, 0.11341644078493118, 0.11229071766138077, 0.11175975203514099, 0.11398636549711227, 0.11221466213464737, 0.11366917937994003, 0.11268391460180283], "accuracy": [0.7828260660171509, 0.8013043403625488, 0.8567391037940979, 0.9205434918403625, 0.9411956667900085, 0.949999988079071, 0.9529348015785217, 0.9554347991943359, 0.9585869312286377, 0.9591304063796997, 0.9580434560775757, 0.9571738839149475, 0.9589130282402039, 0.9598913192749023, 0.9595652222633362, 0.9584782719612122, 0.9589130282402039, 0.9583695530891418, 0.95923912525177, 0.960869550704956, 0.9609782695770264, 0.9605434536933899, 0.959782600402832, 0.9601086974143982, 0.9602174162864685, 0.9621739387512207, 0.9605434536933899, 0.9611956477165222, 0.9606521725654602, 0.9627174139022827, 0.9620652198791504, 0.9604347944259644, 0.9621739387512207, 0.9624999761581421, 0.960326075553894, 0.9610869288444519, 0.9626086950302124, 0.9619565010070801, 0.9617391228675842, 0.9619565010070801, 0.9611956477165222, 0.9622825980186462, 0.9601086974143982, 0.9627174139022827, 0.9619565010070801, 0.9628260731697083, 0.9627174139022827, 0.9611956477165222, 0.9623913168907166, 0.9620652198791504, 0.960869550704956, 0.9615217447280884, 0.9615217447280884, 0.9615217447280884, 0.9641304612159729, 0.9633695483207703, 0.9636956453323364, 0.9614130258560181, 0.9630434513092041, 0.9635869860649109, 0.9610869288444519, 0.9624999761581421, 0.9623913168907166, 0.9630434513092041, 0.9633695483207703, 0.9627174139022827, 0.9623913168907166, 0.9622825980186462, 0.9632608890533447, 0.9624999761581421, 0.9634782671928406, 0.9622825980186462, 0.9623913168907166, 0.9635869860649109, 0.9632608890533447, 0.9635869860649109, 0.9620652198791504, 0.9628260731697083, 0.9621739387512207, 0.9633695483207703, 0.9638043642044067, 0.9635869860649109, 0.9624999761581421, 0.9633695483207703, 0.9617391228675842, 0.9631521701812744, 0.9629347920417786, 0.9647825956344604, 0.9627174139022827, 0.9632608890533447, 0.9628260731697083, 0.9624999761581421, 0.9626086950302124, 0.9635869860649109, 0.9632608890533447, 0.9644564986228943, 0.9613043665885925, 0.9652174115180969, 0.9628260731697083, 0.9629347920417786], "val_loss": [0.46063196659088135, 0.3712250590324402, 0.2762095630168915, 0.21638697385787964, 0.1833079755306244, 0.16328252851963043, 0.15373587608337402, 0.14745022356510162, 0.14397314190864563, 0.14204585552215576, 0.14824278652668, 0.13580285012722015, 0.13543690741062164, 0.13800713419914246, 0.13282287120819092, 0.14495615661144257, 0.13325725495815277, 0.13182711601257324, 0.1319909244775772, 0.13158270716667175, 0.14465093612670898, 0.14294646680355072, 0.16159632802009583, 0.13129998743534088, 0.13245055079460144, 0.13074572384357452, 0.13371741771697998, 0.13198812305927277, 0.1340128779411316, 0.13193361461162567, 0.1315315216779709, 0.13038678467273712, 0.13043707609176636, 0.13083624839782715, 0.13063059747219086, 0.13161061704158783, 0.14455781877040863, 0.13004107773303986, 0.1342320442199707, 0.13101905584335327, 0.14448174834251404, 0.13683195412158966, 0.13149572908878326, 0.13345712423324585, 0.13967451453208923, 0.1395731121301651, 0.13112220168113708, 0.13476736843585968, 0.13196861743927002, 0.13462918996810913, 0.13237836956977844, 0.13232629001140594, 0.1328522115945816, 0.13706474006175995, 0.13023802638053894, 0.1297767162322998, 0.13303212821483612, 0.1437203735113144, 0.12915021181106567, 0.14445532858371735, 0.1344127655029297, 0.1291964054107666, 0.12922272086143494, 0.13308431208133698, 0.12977451086044312, 0.1295623481273651, 0.12979842722415924, 0.13516423106193542, 0.13087566196918488, 0.1317584365606308, 0.12926878035068512, 0.13177599012851715, 0.1283971667289734, 0.12840358912944794, 0.13008327782154083, 0.13276904821395874, 0.13572418689727783, 0.13201312720775604, 0.12750457227230072, 0.12805667519569397, 0.13040778040885925, 0.1304372400045395, 0.12999720871448517, 0.13037599623203278, 0.14068207144737244, 0.13119348883628845, 0.13190634548664093, 0.13001945614814758, 0.1468869000673294, 0.12759551405906677, 0.1295996457338333, 0.12718605995178223, 0.1288589984178543, 0.12863551080226898, 0.13282598555088043, 0.12880757451057434, 0.1266975700855255, 0.1264958679676056, 0.12636542320251465, 0.1323845535516739],