{"loss": [0.4889577329158783, 0.38634222745895386, 0.26323577761650085, 0.1933428794145584, 0.16132605075836182, 0.14788970351219177, 0.14063280820846558, 0.13511189818382263, 0.1323622316122055, 0.13071799278259277, 0.12816454470157623, 0.12545625865459442, 0.1264222264289856, 0.12604780495166779, 0.12493899464607239, 0.12534621357917786, 0.12350795418024063, 0.12349794805049896, 0.12252435833215714, 0.12161558866500854, 0.12263467907905579, 0.1245545893907547, 0.1225445568561554, 0.12008429318666458, 0.119545578956604, 0.12036965042352676, 0.12014597654342651, 0.12014739960432053, 0.12037312239408493, 0.12116438895463943, 0.12535937130451202, 0.12136867642402649, 0.12125347554683685, 0.12132032215595245, 0.11920230835676193, 0.12036516517400742, 0.11994457989931107, 0.11908912658691406, 0.11806992441415787, 0.11844377964735031, 0.118475541472435, 0.11910363286733627, 0.11950483173131943, 0.11880248785018921, 0.12227905541658401, 0.1176970899105072, 0.118846595287323, 0.11885906755924225, 0.11903345584869385, 0.11954224854707718, 0.12025640159845352, 0.11686324328184128, 0.1177649199962616, 0.1175595074892044, 0.11689168214797974, 0.11808799207210541, 0.11928672343492508, 0.11734718829393387, 0.11777900904417038, 0.1165226548910141, 0.11766418814659119, 0.11744384467601776, 0.115496426820755, 0.11615421622991562, 0.11607901006937027, 0.11639022082090378, 0.11663815379142761, 0.11885934323072433, 0.11821623146533966, 0.11519251018762589, 0.11589831858873367, 0.11593703925609589, 0.11559849977493286, 0.11557135730981827, 0.11540133506059647, 0.11669240146875381, 0.11698486655950546, 0.11589060723781586, 0.11597459763288498, 0.11572515219449997, 0.11577314138412476, 0.11500243842601776, 0.11415999382734299, 0.11582785099744797, 0.11476991325616837, 0.11494899541139603, 0.11504821479320526, 0.11443719267845154, 0.11799134314060211, 0.11493349820375443, 0.11433138698339462, 0.11402526497840881, 0.1137843132019043, 0.11349235475063324, 0.11205055564641953, 0.11498845368623734, 0.11433621495962143, 0.11401788890361786, 0.1147807240486145, 0.1128915548324585], "accuracy": [0.7997826337814331, 0.8148912787437439, 0.9046739339828491, 0.9419565200805664, 0.9517391324043274, 0.9541304111480713, 0.9555434584617615, 0.9584782719612122, 0.95652174949646, 0.9588043689727783, 0.9590217471122742, 0.9594565033912659, 0.9580434560775757, 0.95923912525177, 0.9604347944259644, 0.9595652222633362, 0.9613043665885925, 0.9611956477165222, 0.9607608914375305, 0.9606521725654602, 0.9609782695770264, 0.9584782719612122, 0.9620652198791504, 0.9621739387512207, 0.9616304636001587, 0.9634782671928406, 0.9623913168907166, 0.9616304636001587, 0.9616304636001587, 0.9611956477165222, 0.9602174162864685, 0.9626086950302124, 0.9607608914375305, 0.960326075553894, 0.9620652198791504, 0.9611956477165222, 0.9614130258560181, 0.9617391228675842, 0.9628260731697083, 0.9615217447280884, 0.9631521701812744, 0.9624999761581421, 0.9627174139022827, 0.9621739387512207, 0.9609782695770264, 0.9617391228675842, 0.9622825980186462, 0.9606521725654602, 0.9623913168907166, 0.9615217447280884, 0.960869550704956, 0.9634782671928406, 0.9615217447280884, 0.9620652198791504, 0.9622825980186462, 0.9616304636001587, 0.9609782695770264, 0.9636956453323364, 0.9609782695770264, 0.9617391228675842, 0.9613043665885925, 0.9636956453323364, 0.9636956453323364, 0.9622825980186462, 0.9630434513092041, 0.9620652198791504, 0.9622825980186462, 0.9610869288444519, 0.9610869288444519, 0.9626086950302124, 0.9622825980186462, 0.9617391228675842, 0.9633695483207703, 0.9632608890533447, 0.9610869288444519, 0.9618478417396545, 0.9610869288444519, 0.9615217447280884, 0.9636956453323364, 0.9626086950302124, 0.9632608890533447, 0.9628260731697083, 0.9634782671928406, 0.9628260731697083, 0.9607608914375305, 0.9622825980186462, 0.9635869860649109, 0.9639130234718323, 0.9614130258560181, 0.9630434513092041, 0.9634782671928406, 0.9619565010070801, 0.9634782671928406, 0.9632608890533447, 0.9643478393554688, 0.9627174139022827, 0.9622825980186462, 0.9620652198791504, 0.9643478393554688, 0.9629347920417786], "val_loss": [0.4481942653656006, 0.3179568946361542, 0.2271934151649475, 0.17958921194076538, 0.1594191938638687, 0.14921776950359344, 0.15499091148376465, 0.14028239250183105, 0.16716627776622772, 0.13979288935661316, 0.13687871396541595, 0.16566690802574158, 0.1343695968389511, 0.1379796713590622, 0.13489171862602234, 0.13412928581237793, 0.1400126963853836, 0.1324865072965622, 0.13395534455776215, 0.13236090540885925, 0.14408108592033386, 0.13162530958652496, 0.13268736004829407, 0.13133591413497925, 0.1355653554201126, 0.13267815113067627, 0.13150975108146667, 0.13310454785823822, 0.1550004929304123, 0.13106945157051086, 0.13300739228725433, 0.13254870474338531, 0.1337471753358841, 0.13198281824588776, 0.13717718422412872, 0.13221335411071777, 0.1358131468296051, 0.13601547479629517, 0.1298491209745407, 0.13048020005226135, 0.1303461790084839, 0.13476471602916718, 0.14101533591747284, 0.13367348909378052, 0.13113991916179657, 0.13139139115810394, 0.1310010701417923, 0.13603702187538147, 0.14100977778434753, 0.14231957495212555, 0.13789613544940948, 0.1312769204378128, 0.1306358277797699, 0.12862816452980042, 0.13098947703838348, 0.1299707144498825, 0.1332257091999054, 0.1327769160270691, 0.1293046921491623, 0.12857867777347565, 0.13324472308158875, 0.13135382533073425, 0.13984225690364838, 0.1299506425857544, 0.14039433002471924, 0.13018089532852173, 0.1312856823205948, 0.13329929113388062, 0.1377045214176178, 0.13423967361450195, 0.13874846696853638, 0.12776285409927368, 0.1321370154619217, 0.1286884844303131, 0.13710545003414154, 0.14116883277893066, 0.13596539199352264, 0.12744764983654022, 0.12771014869213104, 0.12750943005084991, 0.12678325176239014, 0.1341141313314438, 0.14138059318065643, 0.12915973365306854, 0.12775377929210663, 0.126405730843544, 0.12608259916305542, 0.13266298174858093, 0.12773893773555756, 0.12766987085342407, 0.1261209398508072, 0.13202811777591705, 0.12695705890655518, 0.12562432885169983, 0.12945428490638733, 0.1296979784965515, 0.14612708985805511, 0.12527267634868622, 0.13390877842903137, 0.13578800857067108],