{"loss": [0.5014355182647705, 0.42520803213119507, 0.32026737928390503, 0.24002058804035187, 0.19212640821933746, 0.1689126342535019, 0.15416939556598663, 0.14455018937587738, 0.1379345953464508, 0.13505396246910095, 0.13078118860721588, 0.13101135194301605, 0.12642526626586914, 0.12666712701320648, 0.12602843344211578, 0.1254333257675171, 0.12549719214439392, 0.12354837357997894, 0.12277016043663025, 0.12282351404428482, 0.12306790798902512, 0.12183143943548203, 0.12343642860651016, 0.12096812576055527, 0.12154006212949753, 0.11945893615484238, 0.12083431333303452, 0.12007297575473785, 0.12033041566610336, 0.12044551968574524, 0.11901965737342834, 0.11954618990421295, 0.11958693712949753, 0.11949619650840759, 0.1200624406337738, 0.11856269836425781, 0.11758524924516678, 0.11927902698516846, 0.11914225667715073, 0.1184147447347641, 0.11943402141332626, 0.1178261935710907, 0.11897911876440048, 0.11843117326498032, 0.11720053106546402, 0.11924145370721817, 0.11924175918102264, 0.11768461763858795, 0.11678189784288406, 0.11803393810987473, 0.11763221025466919, 0.11773095279932022, 0.11730239540338516, 0.11775114387273788, 0.11746129393577576, 0.11641588062047958, 0.1167752593755722, 0.11746454983949661, 0.11698580533266068, 0.11593836545944214, 0.11800114810466766, 0.11537736654281616, 0.11863100528717041, 0.11741310358047485, 0.11599938571453094, 0.11507679522037506, 0.11764364689588547, 0.11593747138977051, 0.11719377338886261, 0.11724438518285751, 0.11558602750301361, 0.11605800688266754, 0.11563453823328018, 0.11477424949407578, 0.11622822284698486, 0.1149250864982605, 0.11714612692594528, 0.11598643660545349, 0.11564631015062332, 0.11477784812450409, 0.11461473256349564, 0.11502189189195633, 0.11480679363012314, 0.11434414982795715, 0.1158304214477539, 0.11560225486755371, 0.11412865668535233, 0.11376447230577469, 0.11446786671876907, 0.11512066423892975, 0.11569589376449585, 0.11454948037862778, 0.11325183510780334, 0.1155036985874176, 0.11397185176610947, 0.11416412144899368, 0.11517055332660675, 0.11452829092741013, 0.11392021924257278, 0.11242324113845825], "accuracy": [0.7935869693756104, 0.8001086711883545, 0.8568478226661682, 0.9191304445266724, 0.9419565200805664, 0.9485869407653809, 0.9527173638343811, 0.9556521773338318, 0.9569565057754517, 0.955978274345398, 0.958152174949646, 0.9591304063796997, 0.9596739411354065, 0.9590217471122742, 0.9589130282402039, 0.9601086974143982, 0.95923912525177, 0.960326075553894, 0.9606521725654602, 0.9605434536933899, 0.9596739411354065, 0.960326075553894, 0.9591304063796997, 0.9609782695770264, 0.9606521725654602, 0.9611956477165222, 0.9607608914375305, 0.9621739387512207, 0.9598913192749023, 0.9616304636001587, 0.9618478417396545, 0.9620652198791504, 0.9617391228675842, 0.9620652198791504, 0.9594565033912659, 0.9619565010070801, 0.9632608890533447, 0.960869550704956, 0.9611956477165222, 0.9619565010070801, 0.9626086950302124, 0.9628260731697083, 0.9616304636001587, 0.9622825980186462, 0.9626086950302124, 0.9614130258560181, 0.9609782695770264, 0.9626086950302124, 0.9628260731697083, 0.9618478417396545, 0.9632608890533447, 0.9620652198791504, 0.9611956477165222, 0.9626086950302124, 0.9623913168907166, 0.9628260731697083, 0.9618478417396545, 0.9621739387512207, 0.9626086950302124, 0.9623913168907166, 0.9619565010070801, 0.9624999761581421, 0.9607608914375305, 0.9609782695770264, 0.9621739387512207, 0.9633695483207703, 0.9618478417396545, 0.9635869860649109, 0.9624999761581421, 0.9613043665885925, 0.9626086950302124, 0.9628260731697083, 0.9634782671928406, 0.9627174139022827, 0.9619565010070801, 0.9621739387512207, 0.9619565010070801, 0.9628260731697083, 0.9623913168907166, 0.9649999737739563, 0.9634782671928406, 0.9628260731697083, 0.9630434513092041, 0.9632608890533447, 0.9639130234718323, 0.9629347920417786, 0.9631521701812744, 0.9635869860649109, 0.9638043642044067, 0.9633695483207703, 0.9627174139022827, 0.9631521701812744, 0.9638043642044067, 0.9624999761581421, 0.9635869860649109, 0.9631521701812744, 0.9624999761581421, 0.9626086950302124, 0.9631521701812744, 0.9623913168907166], "val_loss": [0.4677310883998871, 0.37838712334632874, 0.2770538032054901, 0.21775878965854645, 0.18307696282863617, 0.16611289978027344, 0.1550399512052536, 0.1478589028120041, 0.1432904601097107, 0.14153072237968445, 0.13993771374225616, 0.1360812783241272, 0.14735877513885498, 0.13791996240615845, 0.13322386145591736, 0.14129088819026947, 0.13596215844154358, 0.1432223618030548, 0.14271575212478638, 0.13141848146915436, 0.13090303540229797, 0.13214650750160217, 0.14188455045223236, 0.1305733174085617, 0.13018472492694855, 0.13067172467708588, 0.13507504761219025, 0.13010932505130768, 0.14353284239768982, 0.1304134726524353, 0.13109613955020905, 0.13258428871631622, 0.13083449006080627, 0.1312149316072464, 0.13002704083919525, 0.130318284034729, 0.13993997871875763, 0.1301310509443283, 0.13888409733772278, 0.1333182454109192, 0.14061492681503296, 0.13325761258602142, 0.15403960645198822, 0.12949106097221375, 0.1312037706375122, 0.13191887736320496, 0.13184954226016998, 0.13159310817718506, 0.14690642058849335, 0.13135366141796112, 0.12956087291240692, 0.13251660764217377, 0.1302061378955841, 0.13119915127754211, 0.13016049563884735, 0.13539595901966095, 0.1397419422864914, 0.1374478042125702, 0.13219234347343445, 0.12994669377803802, 0.13768668472766876, 0.13010546565055847, 0.13681866228580475, 0.1287802755832672, 0.1335262805223465, 0.13024090230464935, 0.1285710483789444, 0.12810204923152924, 0.12930524349212646, 0.12812039256095886, 0.1372608095407486, 0.1293640434741974, 0.1316448152065277, 0.13834190368652344, 0.1315317153930664, 0.1288616806268692, 0.14062096178531647, 0.1370324343442917, 0.13559503853321075, 0.1291159987449646, 0.13191890716552734, 0.12852759659290314, 0.1460428684949875, 0.12852837145328522, 0.12924502789974213, 0.12916366755962372, 0.1318015456199646, 0.13397972285747528, 0.1287926584482193, 0.13001051545143127, 0.13151958584785461, 0.12860876321792603, 0.13076157867908478, 0.128113254904747, 0.13682140409946442, 0.12656857073307037, 0.12910333275794983, 0.12994854152202606, 0.12619838118553162, 0.12718501687049866],