{"loss": [0.4882952570915222, 0.39125776290893555, 0.26441070437431335, 0.19182226061820984, 0.164266437292099, 0.1469278335571289, 0.1413709968328476, 0.13410033285617828, 0.13298773765563965, 0.13019603490829468, 0.12922142446041107, 0.12619051337242126, 0.12743723392486572, 0.12602852284908295, 0.12562666833400726, 0.12570200860500336, 0.12456605583429337, 0.12443996220827103, 0.12397385388612747, 0.12270255386829376, 0.12176826596260071, 0.12265212088823318, 0.12204448133707047, 0.12325358390808105, 0.12346020340919495, 0.12109397351741791, 0.12108536064624786, 0.12292537838220596, 0.12030252069234848, 0.11892788112163544, 0.11895111203193665, 0.12073883414268494, 0.12017993628978729, 0.12108073383569717, 0.12223713845014572, 0.11967816948890686, 0.1201326847076416, 0.12189184874296188, 0.1255190223455429, 0.11895706504583359, 0.11832697689533234, 0.11953315883874893, 0.11887291818857193, 0.11920760571956635, 0.11850591003894806, 0.12056323140859604, 0.12165781110525131, 0.11779703199863434, 0.11597705632448196, 0.11910286545753479, 0.12042883783578873, 0.1177336722612381, 0.1208982914686203, 0.11902161687612534, 0.11839795857667923, 0.11950277537107468, 0.11899695545434952, 0.11796721071004868, 0.12046501785516739, 0.11817923933267593, 0.11914857476949692, 0.11566590517759323, 0.11855500936508179, 0.11801193654537201, 0.11848828941583633, 0.11927995830774307, 0.11783898621797562, 0.11641024053096771, 0.11567337810993195, 0.11867033690214157, 0.11662020534276962, 0.1158541589975357, 0.11514408141374588, 0.11657789349555969, 0.11870121210813522, 0.11705557256937027, 0.11811958998441696, 0.1161605566740036, 0.1167922168970108, 0.1173500120639801, 0.11450858414173126, 0.11580775678157806, 0.11483805626630783, 0.11647483706474304, 0.11602392047643661, 0.11561243236064911, 0.11564815044403076, 0.11415793001651764, 0.11417601257562637, 0.11443053185939789, 0.1162039041519165, 0.11521408706903458, 0.11345761269330978, 0.11366154253482819, 0.1129542738199234, 0.11248109489679337, 0.11341283470392227, 0.11393517255783081, 0.11353635042905807, 0.11715256422758102], "accuracy": [0.7976086735725403, 0.8128260970115662, 0.9041304588317871, 0.9414130449295044, 0.949999988079071, 0.9555434584617615, 0.9551087021827698, 0.9573913216590881, 0.9596739411354065, 0.958695650100708, 0.9584782719612122, 0.9591304063796997, 0.9594565033912659, 0.9595652222633362, 0.9599999785423279, 0.9588043689727783, 0.9594565033912659, 0.9596739411354065, 0.9599999785423279, 0.9593478441238403, 0.9616304636001587, 0.9610869288444519, 0.9606521725654602, 0.959782600402832, 0.9593478441238403, 0.960869550704956, 0.9606521725654602, 0.959782600402832, 0.9618478417396545, 0.9623913168907166, 0.9622825980186462, 0.9611956477165222, 0.9638043642044067, 0.9621739387512207, 0.9624999761581421, 0.960326075553894, 0.9613043665885925, 0.960869550704956, 0.9584782719612122, 0.9618478417396545, 0.9617391228675842, 0.9623913168907166, 0.9618478417396545, 0.9622825980186462, 0.9621739387512207, 0.9607608914375305, 0.9606521725654602, 0.9616304636001587, 0.9632608890533447, 0.9620652198791504, 0.9607608914375305, 0.9619565010070801, 0.9609782695770264, 0.9614130258560181, 0.9615217447280884, 0.9617391228675842, 0.9631521701812744, 0.9619565010070801, 0.9620652198791504, 0.9616304636001587, 0.9618478417396545, 0.9624999761581421, 0.960869550704956, 0.9621739387512207, 0.9618478417396545, 0.9614130258560181, 0.9620652198791504, 0.9624999761581421, 0.9643478393554688, 0.9628260731697083, 0.9633695483207703, 0.9618478417396545, 0.9630434513092041, 0.9620652198791504, 0.9617391228675842, 0.9620652198791504, 0.9615217447280884, 0.9626086950302124, 0.9628260731697083, 0.9616304636001587, 0.9629347920417786, 0.9631521701812744, 0.9635869860649109, 0.9623913168907166, 0.9616304636001587, 0.9614130258560181, 0.9632608890533447, 0.9623913168907166, 0.9629347920417786, 0.9626086950302124, 0.9640217423439026, 0.9628260731697083, 0.9630434513092041, 0.9623913168907166, 0.9629347920417786, 0.9641304612159729, 0.9639130234718323, 0.9628260731697083, 0.9626086950302124, 0.9626086950302124], "val_loss": [0.44850316643714905, 0.33499768376350403, 0.22244267165660858, 0.1816277801990509, 0.15882651507854462, 0.16727600991725922, 0.14687491953372955, 0.14217956364154816, 0.13873764872550964, 0.13604161143302917, 0.13716118037700653, 0.13432879745960236, 0.13479264080524445, 0.1339130699634552, 0.14304128289222717, 0.16506966948509216, 0.13399021327495575, 0.13910789787769318, 0.14401301741600037, 0.13423752784729004, 0.1331985741853714, 0.13180693984031677, 0.13242609798908234, 0.13921786844730377, 0.1346963793039322, 0.13180896639823914, 0.14140646159648895, 0.1327982246875763, 0.13099749386310577, 0.13493859767913818, 0.1415674388408661, 0.1322842538356781, 0.13216173648834229, 0.13111424446105957, 0.13125333189964294, 0.13996461033821106, 0.13783769309520721, 0.1338200718164444, 0.1347244381904602, 0.13080990314483643, 0.13706804811954498, 0.13012078404426575, 0.1296856701374054, 0.13555224239826202, 0.13131996989250183, 0.12997028231620789, 0.13375359773635864, 0.13457629084587097, 0.13015396893024445, 0.13670526444911957, 0.13077425956726074, 0.13564664125442505, 0.12979179620742798, 0.1291845142841339, 0.1410766988992691, 0.13456052541732788, 0.13197700679302216, 0.12912121415138245, 0.12954120337963104, 0.12889674305915833, 0.1295562982559204, 0.13265682756900787, 0.12975749373435974, 0.14849668741226196, 0.13117170333862305, 0.12994922697544098, 0.13472601771354675, 0.13075533509254456, 0.1501331329345703, 0.13070979714393616, 0.12970121204853058, 0.12999305129051208, 0.12953941524028778, 0.14392392337322235, 0.13615097105503082, 0.1353938728570938, 0.12982428073883057, 0.12833738327026367, 0.13052959740161896, 0.1275443285703659, 0.1334087997674942, 0.12806552648544312, 0.12655320763587952, 0.13356401026248932, 0.134403258562088, 0.13147477805614471, 0.13410447537899017, 0.1316499561071396, 0.13330520689487457, 0.13192343711853027, 0.12684980034828186, 0.1362651139497757, 0.13291826844215393, 0.12799112498760223, 0.12734588980674744, 0.1261380910873413, 0.1433844119310379, 0.13015955686569214, 0.12979450821876526, 0.12735021114349365],