{"loss": [0.5554449558258057, 0.4876020550727844, 0.45245271921157837, 0.3932076692581177, 0.3264051377773285, 0.2690753638744354, 0.2272830307483673, 0.1983969807624817, 0.17809446156024933, 0.16459999978542328, 0.1537342071533203, 0.14711296558380127, 0.1408851593732834, 0.13708674907684326, 0.1336563378572464, 0.13105452060699463, 0.12975022196769714, 0.12711140513420105, 0.12561114132404327, 0.1257326602935791, 0.12453881651163101, 0.12457581609487534, 0.12292291969060898, 0.12163043767213821, 0.12215208262205124, 0.12071112543344498, 0.11995183676481247, 0.12193918228149414, 0.11979740113019943, 0.11990246176719666, 0.12012463063001633, 0.11880066990852356, 0.11864828318357468, 0.11776210367679596, 0.11938971281051636, 0.11777202039957047, 0.11858341097831726, 0.11768519133329391, 0.11735570430755615, 0.11770942062139511, 0.11851419508457184, 0.11630235612392426, 0.11708797514438629, 0.11707429587841034, 0.11723606288433075, 0.11776299774646759, 0.11563016474246979, 0.11717534810304642, 0.11683464050292969, 0.11643929034471512, 0.1174788773059845, 0.11585699021816254, 0.11591208726167679, 0.1163506805896759, 0.11624136567115784, 0.1170724481344223, 0.11578488349914551, 0.11595656722784042, 0.11680997163057327, 0.11665654927492142, 0.11694638431072235, 0.11652220040559769, 0.1148572564125061, 0.11667197942733765, 0.11516501754522324, 0.11570409685373306, 0.11464381963014603, 0.11512526869773865, 0.11543095856904984, 0.11598175019025803, 0.11420407146215439, 0.11544327437877655, 0.11528236418962479, 0.11484551429748535, 0.11502498388290405, 0.11394104361534119, 0.11418027430772781, 0.11519736796617508, 0.11508892476558685, 0.11541778594255447, 0.11465279012918472, 0.11457032710313797, 0.11396512389183044, 0.11392077803611755, 0.1130407303571701, 0.11516224592924118, 0.1134372353553772, 0.11395540833473206, 0.11455968767404556, 0.1137404590845108, 0.11360356956720352, 0.11556466668844223, 0.11508441716432571, 0.11439741402864456, 0.11374519765377045, 0.11306869983673096, 0.11395887285470963, 0.11260971426963806, 0.11382465064525604, 0.11268797516822815], "accuracy": [0.739130437374115, 0.7997826337814331, 0.7997826337814331, 0.8018478155136108, 0.8491304516792297, 0.9015217423439026, 0.9276086688041687, 0.9403260946273804, 0.9466304183006287, 0.949999988079071, 0.9533695578575134, 0.9543478488922119, 0.9563043713569641, 0.9568478465080261, 0.9577174186706543, 0.9583695530891418, 0.958152174949646, 0.95923912525177, 0.9595652222633362, 0.959782600402832, 0.9594565033912659, 0.9602174162864685, 0.960326075553894, 0.9599999785423279, 0.9593478441238403, 0.9607608914375305, 0.9599999785423279, 0.9598913192749023, 0.9609782695770264, 0.959782600402832, 0.9607608914375305, 0.9604347944259644, 0.9617391228675842, 0.9615217447280884, 0.960326075553894, 0.9622825980186462, 0.9607608914375305, 0.9626086950302124, 0.9617391228675842, 0.9616304636001587, 0.9616304636001587, 0.9624999761581421, 0.9614130258560181, 0.9618478417396545, 0.9628260731697083, 0.9615217447280884, 0.9630434513092041, 0.9617391228675842, 0.9617391228675842, 0.9629347920417786, 0.9607608914375305, 0.9627174139022827, 0.9613043665885925, 0.9611956477165222, 0.9623913168907166, 0.9615217447280884, 0.9629347920417786, 0.9616304636001587, 0.960869550704956, 0.9613043665885925, 0.9621739387512207, 0.9621739387512207, 0.9632608890533447, 0.9622825980186462, 0.9629347920417786, 0.9620652198791504, 0.9632608890533447, 0.9628260731697083, 0.960869550704956, 0.9620652198791504, 0.9633695483207703, 0.9629347920417786, 0.9620652198791504, 0.9626086950302124, 0.9614130258560181, 0.9632608890533447, 0.9629347920417786, 0.9634782671928406, 0.9617391228675842, 0.9621739387512207, 0.9628260731697083, 0.9617391228675842, 0.9622825980186462, 0.9616304636001587, 0.9633695483207703, 0.9627174139022827, 0.9636956453323364, 0.9629347920417786, 0.9630434513092041, 0.9631521701812744, 0.9628260731697083, 0.9621739387512207, 0.9621739387512207, 0.9634782671928406, 0.9624999761581421, 0.9639130234718323, 0.9622825980186462, 0.9633695483207703, 0.9619565010070801, 0.9628260731697083], "val_loss": [0.4955810308456421, 0.4721342921257019, 0.42541489005088806, 0.3622809052467346, 0.2977246642112732, 0.2501995861530304, 0.2176230251789093, 0.19630448520183563, 0.17685683071613312, 0.16569654643535614, 0.15674245357513428, 0.15077395737171173, 0.14622804522514343, 0.14295129477977753, 0.14015023410320282, 0.138991117477417, 0.1365707963705063, 0.13526439666748047, 0.13572175800800323, 0.14145371317863464, 0.13422556221485138, 0.13198578357696533, 0.13149112462997437, 0.13463103771209717, 0.13172833621501923, 0.14044377207756042, 0.13350552320480347, 0.13018755614757538, 0.13402479887008667, 0.1298762559890747, 0.13077957928180695, 0.12989622354507446, 0.13000211119651794, 0.12959779798984528, 0.13273869454860687, 0.13067835569381714, 0.13026563823223114, 0.13007350265979767, 0.1351684331893921, 0.1334090232849121, 0.12995794415473938, 0.13035492599010468, 0.1345393806695938, 0.12956920266151428, 0.13754716515541077, 0.13160650432109833, 0.1471935361623764, 0.1312650740146637, 0.13116250932216644, 0.13109490275382996, 0.12940606474876404, 0.12967589497566223, 0.1297929435968399, 0.14092789590358734, 0.12956558167934418, 0.13393524289131165, 0.1318327635526657, 0.13317635655403137, 0.1296178102493286, 0.13133180141448975, 0.13392001390457153, 0.1307445466518402, 0.13990816473960876, 0.13020093739032745, 0.13080845773220062, 0.13295626640319824, 0.1299702525138855, 0.1308824121952057, 0.1301092505455017, 0.13823750615119934, 0.1299585998058319, 0.13308478891849518, 0.13006241619586945, 0.1375623345375061, 0.13349489867687225, 0.1297210305929184, 0.13072173297405243, 0.12991248071193695, 0.1303003579378128, 0.12982264161109924, 0.13683734834194183, 0.13193684816360474, 0.13015826046466827, 0.13632094860076904, 0.12995398044586182, 0.1323956400156021, 0.13085982203483582, 0.13184624910354614, 0.12978199124336243, 0.13093413412570953, 0.13088564574718475, 0.15582281351089478, 0.14063312113285065, 0.13877737522125244, 0.1360665261745453, 0.13126228749752045, 0.13525640964508057, 0.13252630829811096, 0.13299328088760376, 0.14262117445468903],