{"loss": [0.5020396113395691, 0.4228203594684601, 0.3078923523426056, 0.22208622097969055, 0.18100596964359283, 0.15967868268489838, 0.14706531167030334, 0.14004449546337128, 0.13700143992900848, 0.13390223681926727, 0.13008815050125122, 0.12869010865688324, 0.127970889210701, 0.12700659036636353, 0.12601037323474884, 0.1244996041059494, 0.12647144496440887, 0.12334498018026352, 0.12538403272628784, 0.1260167807340622, 0.12233894318342209, 0.12064491957426071, 0.1225365549325943, 0.12120876461267471, 0.121087446808815, 0.12094689160585403, 0.12034724652767181, 0.1238834410905838, 0.12057746201753616, 0.12141349166631699, 0.12123294919729233, 0.11926387250423431, 0.11984429508447647, 0.11974968761205673, 0.12041205167770386, 0.12227941304445267, 0.12118656188249588, 0.12318916618824005, 0.11968532204627991, 0.11884301155805588, 0.11873915791511536, 0.12026385962963104, 0.119551882147789, 0.11815396696329117, 0.12004276365041733, 0.12093713879585266, 0.11887089908123016, 0.11892316490411758, 0.11928284913301468, 0.11728192865848541, 0.11840568482875824, 0.11813374608755112, 0.11883681267499924, 0.11913435906171799, 0.12164589017629623, 0.11928942799568176, 0.11760791391134262, 0.11885886639356613, 0.1179930716753006, 0.11842796206474304, 0.11867731809616089, 0.11707495898008347, 0.1177598237991333, 0.11932991445064545, 0.11729174107313156, 0.1176312267780304, 0.11735525727272034, 0.1175418347120285, 0.11963291466236115, 0.11892016977071762, 0.11875849217176437, 0.11817795783281326, 0.11672159284353256, 0.11813461780548096, 0.1190832257270813, 0.11874357610940933, 0.11622876673936844, 0.11670508235692978, 0.11868800967931747, 0.11867380887269974, 0.11646229773759842, 0.1162024587392807, 0.1168280839920044, 0.11731045693159103, 0.11680582165718079, 0.11594443768262863, 0.12095598131418228, 0.11681213229894638, 0.11870741099119186, 0.11693622171878815, 0.1142830103635788, 0.11826907098293304, 0.11572172492742538, 0.11608349531888962, 0.11698893457651138, 0.1149870753288269, 0.11909417062997818, 0.11727451533079147, 0.11725746840238571, 0.11762481927871704], "accuracy": [0.7914130687713623, 0.8006521463394165, 0.8695651888847351, 0.9267391562461853, 0.9446738958358765, 0.949999988079071, 0.9544565081596375, 0.955978274345398, 0.9564130306243896, 0.957608699798584, 0.9584782719612122, 0.9591304063796997, 0.9582608938217163, 0.959782600402832, 0.9605434536933899, 0.9599999785423279, 0.9594565033912659, 0.9604347944259644, 0.9593478441238403, 0.9599999785423279, 0.960326075553894, 0.9623913168907166, 0.9609782695770264, 0.9620652198791504, 0.9627174139022827, 0.9604347944259644, 0.9609782695770264, 0.9599999785423279, 0.9629347920417786, 0.9621739387512207, 0.9615217447280884, 0.9621739387512207, 0.9623913168907166, 0.9609782695770264, 0.960326075553894, 0.9605434536933899, 0.9618478417396545, 0.9596739411354065, 0.9614130258560181, 0.9615217447280884, 0.9614130258560181, 0.9607608914375305, 0.9627174139022827, 0.9627174139022827, 0.960869550704956, 0.9619565010070801, 0.9613043665885925, 0.9623913168907166, 0.9607608914375305, 0.9627174139022827, 0.9633695483207703, 0.9628260731697083, 0.9609782695770264, 0.9605434536933899, 0.9607608914375305, 0.9619565010070801, 0.9631521701812744, 0.9630434513092041, 0.9626086950302124, 0.9623913168907166, 0.9627174139022827, 0.9628260731697083, 0.9617391228675842, 0.9630434513092041, 0.9624999761581421, 0.9634782671928406, 0.9632608890533447, 0.9607608914375305, 0.9621739387512207, 0.9607608914375305, 0.9622825980186462, 0.9632608890533447, 0.9628260731697083, 0.9615217447280884, 0.9627174139022827, 0.9624999761581421, 0.9620652198791504, 0.9616304636001587, 0.9604347944259644, 0.9631521701812744, 0.9623913168907166, 0.9632608890533447, 0.9624999761581421, 0.9617391228675842, 0.9630434513092041, 0.9628260731697083, 0.9615217447280884, 0.9621739387512207, 0.9605434536933899, 0.9626086950302124, 0.9640217423439026, 0.9615217447280884, 0.9626086950302124, 0.9622825980186462, 0.9618478417396545, 0.9631521701812744, 0.9621739387512207, 0.9609782695770264, 0.9631521701812744, 0.9622825980186462], "val_loss": [0.4726949632167816, 0.36481359601020813, 0.25947123765945435, 0.20171572268009186, 0.17821002006530762, 0.15806326270103455, 0.1492518037557602, 0.14555241167545319, 0.1411481499671936, 0.13903184235095978, 0.1421842724084854, 0.13571728765964508, 0.13778071105480194, 0.14540652930736542, 0.13397079706192017, 0.14712677896022797, 0.13960008323192596, 0.1348980963230133, 0.14757943153381348, 0.135800302028656, 0.14137506484985352, 0.13260628283023834, 0.13245326280593872, 0.13187608122825623, 0.13650400936603546, 0.13173910975456238, 0.135665625333786, 0.13266399502754211, 0.1371561884880066, 0.13244977593421936, 0.13263052701950073, 0.132277250289917, 0.13424789905548096, 0.13163460791110992, 0.13129626214504242, 0.1327252835035324, 0.15417613089084625, 0.1379379779100418, 0.13530032336711884, 0.13452349603176117, 0.13440433144569397, 0.14308664202690125, 0.13765867054462433, 0.13037541508674622, 0.13256488740444183, 0.13140229880809784, 0.1432870775461197, 0.1320430487394333, 0.14540939033031464, 0.13205325603485107, 0.14647623896598816, 0.13098345696926117, 0.13115113973617554, 0.1311381608247757, 0.12970837950706482, 0.132026806473732, 0.13121509552001953, 0.1310952752828598, 0.1375287026166916, 0.13040944933891296, 0.1302749365568161, 0.1364637017250061, 0.13091635704040527, 0.14043927192687988, 0.1428731381893158, 0.1371331512928009, 0.13241909444332123, 0.13287127017974854, 0.14486736059188843, 0.13220737874507904, 0.1296679973602295, 0.1309816539287567, 0.13360218703746796, 0.13224196434020996, 0.12878865003585815, 0.13242584466934204, 0.138147234916687, 0.1312524378299713, 0.1446581482887268, 0.1302802562713623, 0.132551908493042, 0.13061478734016418, 0.12986421585083008, 0.1307990401983261, 0.1315762996673584, 0.13490800559520721, 0.13089068233966827, 0.1401592642068863, 0.1330656260251999, 0.1350158154964447, 0.15793609619140625, 0.12926748394966125, 0.1299053579568863, 0.13275188207626343, 0.1280607134103775, 0.12977612018585205, 0.1305302530527115, 0.14904147386550903, 0.12935234606266022, 0.13544513285160065],