{"loss": [0.4810725152492523, 0.37859535217285156, 0.25517547130584717, 0.1888662874698639, 0.16029931604862213, 0.1475924402475357, 0.13863417506217957, 0.13453103601932526, 0.13129375874996185, 0.12913823127746582, 0.1273968666791916, 0.12869662046432495, 0.12689106166362762, 0.12460857629776001, 0.12404994666576385, 0.12626950442790985, 0.1232401579618454, 0.12201665341854095, 0.12349667400121689, 0.12270600348711014, 0.12269198149442673, 0.12228621542453766, 0.12155814468860626, 0.1216433197259903, 0.12099069356918335, 0.12267527729272842, 0.12136940658092499, 0.12339531630277634, 0.1230330616235733, 0.12244582176208496, 0.12046195566654205, 0.12080428749322891, 0.12005376070737839, 0.12015796452760696, 0.11867528408765793, 0.12114178389310837, 0.12208154052495956, 0.12098627537488937, 0.11873707920312881, 0.11982893198728561, 0.11807259172201157, 0.12426073104143143, 0.11902783066034317, 0.11869262903928757, 0.1195974051952362, 0.12053818255662918, 0.11673454940319061, 0.12161596864461899, 0.12127058207988739, 0.11883215606212616, 0.11946070194244385, 0.11901221424341202, 0.12269148975610733, 0.11725152283906937, 0.11969003081321716, 0.12180180102586746, 0.11925437301397324, 0.11797390133142471, 0.11812786757946014, 0.11919470876455307, 0.1194155365228653, 0.11795706301927567, 0.11782404035329819, 0.1153901070356369, 0.11790148168802261, 0.11847040802240372, 0.11676806956529617, 0.11544688045978546, 0.11904414743185043, 0.11644474416971207, 0.11602380871772766, 0.11833846569061279, 0.1175042986869812, 0.11631421744823456, 0.11751105636358261, 0.11545523256063461, 0.11646328866481781, 0.1156950294971466, 0.11572796106338501, 0.11608847230672836, 0.11623723804950714, 0.11803271621465683, 0.11556138843297958, 0.11853470653295517, 0.11560126394033432, 0.11553177237510681, 0.11523383110761642, 0.11598896980285645, 0.11464446038007736, 0.11452033370733261, 0.11339083313941956, 0.11714180558919907, 0.11614103615283966, 0.11568938940763474, 0.11337494105100632, 0.11843191087245941, 0.11471369117498398, 0.11416932195425034, 0.11370345205068588, 0.11465679854154587], "accuracy": [0.7954347729682922, 0.8180434703826904, 0.9121739268302917, 0.9423912763595581, 0.9513043761253357, 0.9543478488922119, 0.9574999809265137, 0.9568478465080261, 0.958695650100708, 0.9583695530891418, 0.9590217471122742, 0.9588043689727783, 0.9584782719612122, 0.9598913192749023, 0.9610869288444519, 0.9611956477165222, 0.9610869288444519, 0.9614130258560181, 0.9594565033912659, 0.9607608914375305, 0.9601086974143982, 0.9617391228675842, 0.9614130258560181, 0.9610869288444519, 0.9618478417396545, 0.9618478417396545, 0.9601086974143982, 0.9596739411354065, 0.95923912525177, 0.9599999785423279, 0.9615217447280884, 0.9609782695770264, 0.9616304636001587, 0.9626086950302124, 0.9629347920417786, 0.9620652198791504, 0.9604347944259644, 0.9615217447280884, 0.9618478417396545, 0.9616304636001587, 0.9615217447280884, 0.9604347944259644, 0.9622825980186462, 0.9631521701812744, 0.9620652198791504, 0.9599999785423279, 0.9636956453323364, 0.960869550704956, 0.9621739387512207, 0.9631521701812744, 0.9621739387512207, 0.9632608890533447, 0.9599999785423279, 0.9630434513092041, 0.9619565010070801, 0.9611956477165222, 0.9621739387512207, 0.9619565010070801, 0.9613043665885925, 0.9619565010070801, 0.9617391228675842, 0.9605434536933899, 0.9617391228675842, 0.9644564986228943, 0.9626086950302124, 0.9632608890533447, 0.9630434513092041, 0.9639130234718323, 0.9616304636001587, 0.9638043642044067, 0.9624999761581421, 0.9620652198791504, 0.9623913168907166, 0.9626086950302124, 0.9627174139022827, 0.9624999761581421, 0.9634782671928406, 0.9628260731697083, 0.9630434513092041, 0.9628260731697083, 0.9642391204833984, 0.9610869288444519, 0.9629347920417786, 0.9615217447280884, 0.9616304636001587, 0.9628260731697083, 0.9615217447280884, 0.9629347920417786, 0.9635869860649109, 0.9641304612159729, 0.9639130234718323, 0.9620652198791504, 0.9638043642044067, 0.9626086950302124, 0.9641304612159729, 0.9631521701812744, 0.9630434513092041, 0.9635869860649109, 0.9632608890533447, 0.9631521701812744], "val_loss": [0.4481894373893738, 0.3119504749774933, 0.21763484179973602, 0.1766480654478073, 0.1637471318244934, 0.15150943398475647, 0.15426424145698547, 0.1405540406703949, 0.13921816647052765, 0.14212989807128906, 0.13497769832611084, 0.1352871209383011, 0.13895781338214874, 0.13676196336746216, 0.13334263861179352, 0.13249370455741882, 0.13350100815296173, 0.14114068448543549, 0.13184545934200287, 0.1336861401796341, 0.13248740136623383, 0.13178634643554688, 0.13669753074645996, 0.13220591843128204, 0.13201744854450226, 0.13205543160438538, 0.13165879249572754, 0.1332557201385498, 0.13139759004116058, 0.13632135093212128, 0.13656830787658691, 0.1320786327123642, 0.14135964214801788, 0.13194552063941956, 0.14001116156578064, 0.14146290719509125, 0.13336272537708282, 0.13316157460212708, 0.13348671793937683, 0.13102468848228455, 0.1333562582731247, 0.13441893458366394, 0.1334785372018814, 0.13223044574260712, 0.13377442955970764, 0.13937582075595856, 0.13674309849739075, 0.1344776153564453, 0.15169504284858704, 0.1310819685459137, 0.132051482796669, 0.15091310441493988, 0.13120827078819275, 0.13240642845630646, 0.13242748379707336, 0.13203537464141846, 0.1302894502878189, 0.13072635233402252, 0.1311722993850708, 0.13927149772644043, 0.1700122207403183, 0.13059397041797638, 0.13334323465824127, 0.13178862631320953, 0.1525837928056717, 0.13261130452156067, 0.13051751255989075, 0.13343821465969086, 0.12998615205287933, 0.13100706040859222, 0.13609136641025543, 0.13442273437976837, 0.1339922845363617, 0.13008391857147217, 0.13064338266849518, 0.13121289014816284, 0.13129206001758575, 0.13466033339500427, 0.13185904920101166, 0.13385026156902313, 0.1311105638742447, 0.13282068073749542, 0.13075652718544006, 0.13153307139873505, 0.14229750633239746, 0.1348220556974411, 0.13029493391513824, 0.128109410405159, 0.12883463501930237, 0.12846286594867706, 0.13194923102855682, 0.1289297193288803, 0.12985162436962128, 0.1283290684223175, 0.130855530500412, 0.1290714144706726, 0.1292826533317566, 0.13271905481815338, 0.12754735350608826, 0.13128606975078583],