{"loss": [0.48747724294662476, 0.4649584889411926, 0.4252513349056244, 0.36253610253334045, 0.29897183179855347, 0.24955670535564423, 0.21510717272758484, 0.1910521686077118, 0.17512668669223785, 0.16287901997566223, 0.15419459342956543, 0.14898860454559326, 0.1431855857372284, 0.1399613469839096, 0.1363060027360916, 0.13398589193820953, 0.1317150741815567, 0.13123300671577454, 0.12856575846672058, 0.12919719517230988, 0.12676849961280823, 0.12639597058296204, 0.12462418526411057, 0.12578006088733673, 0.12384440749883652, 0.12366852164268494, 0.12430288642644882, 0.1229512095451355, 0.12171781808137894, 0.12290560454130173, 0.1213335245847702, 0.12097197026014328, 0.12260683625936508, 0.12145928293466568, 0.12129287421703339, 0.12077873200178146, 0.12147869914770126, 0.12122783064842224, 0.12014570087194443, 0.12104760110378265, 0.11907092481851578, 0.11874710768461227, 0.12006041407585144, 0.11996225267648697, 0.12005580961704254, 0.11913612484931946, 0.11881911754608154, 0.11916565150022507, 0.11824465543031693, 0.12039276212453842, 0.11853764951229095, 0.11854804307222366, 0.11892584711313248, 0.1194993406534195, 0.11831448972225189, 0.11803735792636871, 0.11819464713335037, 0.11742934584617615, 0.11784914880990982, 0.11767882108688354, 0.11749456077814102, 0.11836016923189163, 0.11780350655317307, 0.11832025647163391, 0.11752234399318695, 0.11829811334609985, 0.11802267283201218, 0.11801169812679291, 0.11759455502033234, 0.11769889295101166, 0.11752256006002426, 0.11648233234882355, 0.11672165244817734, 0.11682651937007904, 0.11728641390800476, 0.11656714230775833, 0.11728072166442871, 0.11681629717350006, 0.11775350570678711, 0.11709489673376083, 0.11730577796697617, 0.11687339097261429, 0.11645684391260147, 0.11672899127006531, 0.11677281558513641, 0.11691814661026001, 0.11667107790708542, 0.11623785644769669, 0.11661820113658905, 0.11557391285896301, 0.11698883026838303, 0.11599244177341461, 0.11629926413297653, 0.11646459251642227, 0.1162186861038208, 0.11642974615097046, 0.11609216034412384, 0.1170365959405899, 0.11644032597541809, 0.1160387247800827], "accuracy": [0.7997826337814331, 0.7997826337814331, 0.7998912930488586, 0.8194565176963806, 0.8790217638015747, 0.915217399597168, 0.9325000047683716, 0.9414130449295044, 0.9469565153121948, 0.949456512928009, 0.9531521797180176, 0.9534782767295837, 0.9551087021827698, 0.9567391276359558, 0.957065224647522, 0.9571738839149475, 0.958152174949646, 0.9582608938217163, 0.9594565033912659, 0.9590217471122742, 0.9595652222633362, 0.9602174162864685, 0.9601086974143982, 0.9590217471122742, 0.9602174162864685, 0.9602174162864685, 0.95923912525177, 0.9601086974143982, 0.9605434536933899, 0.9610869288444519, 0.9611956477165222, 0.9621739387512207, 0.9615217447280884, 0.9614130258560181, 0.9609782695770264, 0.9606521725654602, 0.9604347944259644, 0.9616304636001587, 0.960869550704956, 0.9615217447280884, 0.9618478417396545, 0.9611956477165222, 0.960869550704956, 0.9614130258560181, 0.9624999761581421, 0.9609782695770264, 0.9618478417396545, 0.9620652198791504, 0.9632608890533447, 0.9624999761581421, 0.9621739387512207, 0.9619565010070801, 0.9616304636001587, 0.9616304636001587, 0.9622825980186462, 0.9622825980186462, 0.9629347920417786, 0.9624999761581421, 0.9622825980186462, 0.9621739387512207, 0.9623913168907166, 0.9610869288444519, 0.9624999761581421, 0.9609782695770264, 0.9613043665885925, 0.9623913168907166, 0.9621739387512207, 0.9627174139022827, 0.9611956477165222, 0.9627174139022827, 0.9620652198791504, 0.9624999761581421, 0.9626086950302124, 0.9633695483207703, 0.9621739387512207, 0.9621739387512207, 0.9624999761581421, 0.9613043665885925, 0.9623913168907166, 0.9621739387512207, 0.9628260731697083, 0.9630434513092041, 0.9626086950302124, 0.9629347920417786, 0.9630434513092041, 0.9623913168907166, 0.9615217447280884, 0.9640217423439026, 0.9624999761581421, 0.9628260731697083, 0.9633695483207703, 0.9633695483207703, 0.9627174139022827, 0.9626086950302124, 0.9635869860649109, 0.9623913168907166, 0.9634782671928406, 0.9629347920417786, 0.9619565010070801, 0.9630434513092041], "val_loss": [0.47747787833213806, 0.4513287842273712, 0.3965245187282562, 0.3331183195114136, 0.2751463055610657, 0.23531772196292877, 0.20644748210906982, 0.18867745995521545, 0.1747143566608429, 0.17496046423912048, 0.15805894136428833, 0.15304844081401825, 0.15181408822536469, 0.1455748975276947, 0.1433596909046173, 0.14101707935333252, 0.13945475220680237, 0.1387709528207779, 0.13784319162368774, 0.13742467761039734, 0.13786070048809052, 0.13913024961948395, 0.13418056070804596, 0.13879720866680145, 0.13362915813922882, 0.13460396230220795, 0.13330598175525665, 0.13355179131031036, 0.1326141208410263, 0.13334551453590393, 0.13187159597873688, 0.13179601728916168, 0.15016993880271912, 0.13381138443946838, 0.1328001171350479, 0.13287165760993958, 0.13143505156040192, 0.1386251449584961, 0.13815967738628387, 0.135243222117424, 0.13090230524539948, 0.13843941688537598, 0.1308385133743286, 0.1313614398241043, 0.1325046867132187, 0.132376030087471, 0.13045290112495422, 0.13027502596378326, 0.13388781249523163, 0.13519152998924255, 0.13164371252059937, 0.1303481012582779, 0.1315525472164154, 0.1306762397289276, 0.1435098499059677, 0.1322367787361145, 0.13005313277244568, 0.13095791637897491, 0.13026699423789978, 0.13041944801807404, 0.13046734035015106, 0.13052834570407867, 0.14496120810508728, 0.13003134727478027, 0.13719524443149567, 0.13061437010765076, 0.13342693448066711, 0.13078556954860687, 0.13100576400756836, 0.13059642910957336, 0.1309337615966797, 0.13129127025604248, 0.12958680093288422, 0.1353740096092224, 0.13019959628582, 0.13027969002723694, 0.13048285245895386, 0.13120050728321075, 0.1304692029953003, 0.12954317033290863, 0.13485443592071533, 0.13011996448040009, 0.13139279186725616, 0.12996777892112732, 0.1341072916984558, 0.12992975115776062, 0.13024519383907318, 0.13000762462615967, 0.12940554320812225, 0.1329694539308548, 0.12963244318962097, 0.13105355203151703, 0.13516934216022491, 0.12972313165664673, 0.14118441939353943, 0.1332082748413086, 0.13201561570167542, 0.12915442883968353, 0.1326923817396164, 0.13194920122623444],