{"loss": [0.4943843483924866, 0.3999032974243164, 0.27929481863975525, 0.20582211017608643, 0.16968265175819397, 0.1528298258781433, 0.14485366642475128, 0.13659939169883728, 0.13340777158737183, 0.13258907198905945, 0.1283411830663681, 0.12907946109771729, 0.12689796090126038, 0.12650571763515472, 0.12663400173187256, 0.12385589629411697, 0.12466612458229065, 0.12458211928606033, 0.12304629385471344, 0.12426406145095825, 0.12227345257997513, 0.12057536095380783, 0.12138646841049194, 0.12313032150268555, 0.1222926527261734, 0.1210661381483078, 0.12053202837705612, 0.12134314328432083, 0.12017176300287247, 0.12193477153778076, 0.11977072060108185, 0.12097436189651489, 0.12149892002344131, 0.12267137318849564, 0.12001365423202515, 0.11969555169343948, 0.12022697180509567, 0.12033447623252869, 0.12085660547018051, 0.11926493793725967, 0.11979253590106964, 0.118711918592453, 0.12254687398672104, 0.11768791824579239, 0.11873792856931686, 0.11906445026397705, 0.11854761838912964, 0.11800641566514969, 0.11802294850349426, 0.11916103214025497, 0.11903337389230728, 0.11828083544969559, 0.11781921237707138, 0.11996994912624359, 0.11745643615722656, 0.1186421662569046, 0.11853198707103729, 0.11923771351575851, 0.11725173145532608, 0.11831209808588028, 0.1178809106349945, 0.11759769916534424, 0.11906430125236511, 0.1179581731557846, 0.11910472065210342, 0.11803781241178513, 0.11772438138723373, 0.11697106063365936, 0.11895161867141724, 0.1164235770702362, 0.1168304830789566, 0.11767469346523285, 0.11798559874296188, 0.116035595536232, 0.11766721308231354, 0.11701618880033493, 0.11793122440576553, 0.11823012679815292, 0.11712456494569778, 0.11593867838382721, 0.11522966623306274, 0.11499951034784317, 0.11528778076171875, 0.11615122854709625, 0.11498697102069855, 0.1180991381406784, 0.11615114659070969, 0.11480201780796051, 0.1167789101600647, 0.11530212312936783, 0.11455823481082916, 0.11533287912607193, 0.11504191160202026, 0.11539231240749359, 0.1158805638551712, 0.11562392860651016, 0.11531314998865128, 0.1162145733833313, 0.11445201188325882, 0.11535590142011642], "accuracy": [0.7954347729682922, 0.8086956739425659, 0.8913043737411499, 0.9359782338142395, 0.9488043189048767, 0.9535869359970093, 0.9545652270317078, 0.9563043713569641, 0.9582608938217163, 0.9572826027870178, 0.9594565033912659, 0.9574999809265137, 0.9583695530891418, 0.9599999785423279, 0.9595652222633362, 0.9609782695770264, 0.9595652222633362, 0.9606521725654602, 0.9604347944259644, 0.960326075553894, 0.9601086974143982, 0.9621739387512207, 0.9607608914375305, 0.9613043665885925, 0.9595652222633362, 0.960326075553894, 0.9626086950302124, 0.9611956477165222, 0.9617391228675842, 0.9607608914375305, 0.9619565010070801, 0.9615217447280884, 0.9613043665885925, 0.9602174162864685, 0.9622825980186462, 0.9619565010070801, 0.9631521701812744, 0.9599999785423279, 0.9616304636001587, 0.9634782671928406, 0.9609782695770264, 0.9621739387512207, 0.960869550704956, 0.9635869860649109, 0.9613043665885925, 0.9616304636001587, 0.9620652198791504, 0.9614130258560181, 0.9615217447280884, 0.9624999761581421, 0.9629347920417786, 0.9627174139022827, 0.9617391228675842, 0.9604347944259644, 0.9620652198791504, 0.9626086950302124, 0.9626086950302124, 0.9615217447280884, 0.9623913168907166, 0.9632608890533447, 0.9626086950302124, 0.9613043665885925, 0.9621739387512207, 0.9609782695770264, 0.9610869288444519, 0.9623913168907166, 0.9629347920417786, 0.9632608890533447, 0.9621739387512207, 0.9623913168907166, 0.9630434513092041, 0.9632608890533447, 0.9622825980186462, 0.9639130234718323, 0.9629347920417786, 0.9626086950302124, 0.9605434536933899, 0.9614130258560181, 0.9628260731697083, 0.9634782671928406, 0.9641304612159729, 0.9623913168907166, 0.9621739387512207, 0.9623913168907166, 0.9635869860649109, 0.9610869288444519, 0.9622825980186462, 0.9624999761581421, 0.9627174139022827, 0.9634782671928406, 0.9636956453323364, 0.9630434513092041, 0.9620652198791504, 0.9624999761581421, 0.9627174139022827, 0.9624999761581421, 0.9630434513092041, 0.9627174139022827, 0.9623913168907166, 0.9634782671928406], "val_loss": [0.45688489079475403, 0.3399103581905365, 0.23656244575977325, 0.18961143493652344, 0.17616572976112366, 0.1533932238817215, 0.1490718424320221, 0.144420325756073, 0.14031948149204254, 0.13793042302131653, 0.13817976415157318, 0.13534605503082275, 0.16876748204231262, 0.1340189427137375, 0.1334356963634491, 0.13342750072479248, 0.13353702425956726, 0.13313716650009155, 0.14226236939430237, 0.15128102898597717, 0.13337206840515137, 0.13951878249645233, 0.13672122359275818, 0.14514337480068207, 0.1334945112466812, 0.13081906735897064, 0.1338869035243988, 0.13810871541500092, 0.13323336839675903, 0.1334599256515503, 0.13099631667137146, 0.1376989185810089, 0.1313093900680542, 0.13962337374687195, 0.13203555345535278, 0.1328655630350113, 0.13656584918498993, 0.1302652359008789, 0.13178588449954987, 0.13679170608520508, 0.13767901062965393, 0.13431480526924133, 0.13078241050243378, 0.14427036046981812, 0.13510580360889435, 0.13133013248443604, 0.13224923610687256, 0.13175253570079803, 0.13391004502773285, 0.13156478106975555, 0.13086895644664764, 0.1326771378517151, 0.14802202582359314, 0.13479827344417572, 0.13288326561450958, 0.13418444991111755, 0.13552948832511902, 0.13072822988033295, 0.13393589854240417, 0.1312006562948227, 0.13150204718112946, 0.1398875117301941, 0.134224995970726, 0.13179758191108704, 0.1379622220993042, 0.1301276981830597, 0.14404051005840302, 0.1304771900177002, 0.13116058707237244, 0.13101498782634735, 0.13511061668395996, 0.14151647686958313, 0.13361620903015137, 0.1319042593240738, 0.14205226302146912, 0.12994633615016937, 0.1285342425107956, 0.14475060999393463, 0.13029485940933228, 0.14018242061138153, 0.13064494729042053, 0.1479232758283615, 0.13108326494693756, 0.1305622011423111, 0.14472851157188416, 0.13732880353927612, 0.13291896879673004, 0.13027167320251465, 0.13162857294082642, 0.13439562916755676, 0.1321478933095932, 0.12990890443325043, 0.12841179966926575, 0.12995226681232452, 0.12863628566265106, 0.13272224366664886, 0.1312483847141266, 0.12678003311157227, 0.13084083795547485, 0.13080109655857086],