{"loss": [0.4793299436569214, 0.3601047694683075, 0.23449935019016266, 0.17679445445537567, 0.15390929579734802, 0.14638838171958923, 0.13616983592510223, 0.13289551436901093, 0.1329440325498581, 0.12926343083381653, 0.12831507623195648, 0.12762035429477692, 0.12542936205863953, 0.1262008547782898, 0.12462765723466873, 0.12555471062660217, 0.12418238073587418, 0.12191509455442429, 0.12377449125051498, 0.12291654944419861, 0.12282364815473557, 0.12484753131866455, 0.12178880721330643, 0.1251015067100525, 0.12099996954202652, 0.12175511568784714, 0.1243969202041626, 0.123210608959198, 0.12138622999191284, 0.12227898836135864, 0.12111756950616837, 0.12101687490940094, 0.11965213716030121, 0.12113923579454422, 0.12130361795425415, 0.12172389775514603, 0.12156293541193008, 0.12152379751205444, 0.1226663887500763, 0.12041112780570984, 0.11838879436254501, 0.12130293995141983, 0.11815492063760757, 0.1193743348121643, 0.12162125110626221, 0.12114817649126053, 0.11941083520650864, 0.11817567050457001, 0.12156461179256439, 0.12003234773874283, 0.11943014711141586, 0.11932487040758133, 0.11986908316612244, 0.12011892348527908, 0.11967823654413223, 0.12093649059534073, 0.11827296763658524, 0.11941184848546982, 0.12001776695251465, 0.11851319670677185, 0.11885373294353485, 0.11962348222732544, 0.11853302270174026, 0.11595889180898666, 0.11761227995157242, 0.11901284754276276, 0.11780235171318054, 0.11789166182279587, 0.11693921685218811, 0.11971057206392288, 0.11675465106964111, 0.11692094802856445, 0.1180315762758255, 0.11871220171451569, 0.11681216210126877, 0.11893793195486069, 0.12004516273736954, 0.1171349287033081, 0.1180143654346466, 0.11639141291379929, 0.11893230676651001, 0.11771482974290848, 0.11673838645219803, 0.11607517302036285, 0.11823203414678574, 0.11724160611629486, 0.11627887189388275, 0.11686106771230698, 0.11808040738105774, 0.11694502830505371, 0.11670739203691483, 0.11518100649118423, 0.11669132113456726, 0.11901754885911942, 0.11652921140193939, 0.11506159603595734, 0.11530657857656479, 0.11781394481658936, 0.11423972994089127, 0.11596409231424332], "accuracy": [0.7997826337814331, 0.8313043713569641, 0.9228261113166809, 0.946195662021637, 0.9539130330085754, 0.9538043737411499, 0.9579347968101501, 0.9569565057754517, 0.957608699798584, 0.95923912525177, 0.9602174162864685, 0.9574999809265137, 0.9595652222633362, 0.9606521725654602, 0.9599999785423279, 0.95923912525177, 0.9610869288444519, 0.9606521725654602, 0.9605434536933899, 0.9613043665885925, 0.9602174162864685, 0.9604347944259644, 0.9609782695770264, 0.9591304063796997, 0.9619565010070801, 0.9615217447280884, 0.9609782695770264, 0.9611956477165222, 0.9620652198791504, 0.9607608914375305, 0.9618478417396545, 0.9616304636001587, 0.9622825980186462, 0.9595652222633362, 0.9607608914375305, 0.9615217447280884, 0.9613043665885925, 0.9613043665885925, 0.9599999785423279, 0.9618478417396545, 0.9622825980186462, 0.9598913192749023, 0.9623913168907166, 0.9626086950302124, 0.9618478417396545, 0.9619565010070801, 0.9631521701812744, 0.9629347920417786, 0.9604347944259644, 0.9616304636001587, 0.9617391228675842, 0.9616304636001587, 0.9613043665885925, 0.9620652198791504, 0.9616304636001587, 0.9601086974143982, 0.9624999761581421, 0.9618478417396545, 0.9621739387512207, 0.9620652198791504, 0.9619565010070801, 0.9615217447280884, 0.9624999761581421, 0.9636956453323364, 0.9618478417396545, 0.9601086974143982, 0.9633695483207703, 0.9620652198791504, 0.9630434513092041, 0.9611956477165222, 0.9636956453323364, 0.9609782695770264, 0.9623913168907166, 0.9606521725654602, 0.9629347920417786, 0.960326075553894, 0.9614130258560181, 0.9618478417396545, 0.9616304636001587, 0.9632608890533447, 0.9616304636001587, 0.9619565010070801, 0.9620652198791504, 0.9631521701812744, 0.9622825980186462, 0.9611956477165222, 0.9631521701812744, 0.9628260731697083, 0.9616304636001587, 0.9632608890533447, 0.9624999761581421, 0.9630434513092041, 0.9623913168907166, 0.9618478417396545, 0.9615217447280884, 0.9629347920417786, 0.9630434513092041, 0.9629347920417786, 0.9642391204833984, 0.9633695483207703], "val_loss": [0.4305943548679352, 0.28724467754364014, 0.20181967318058014, 0.16788087785243988, 0.15416088700294495, 0.1450752168893814, 0.14132392406463623, 0.14539852738380432, 0.14307276904582977, 0.1358805000782013, 0.14113441109657288, 0.1456032544374466, 0.13431471586227417, 0.13393984735012054, 0.13428643345832825, 0.13298670947551727, 0.14090493321418762, 0.13281868398189545, 0.15415115654468536, 0.14026568830013275, 0.15096797049045563, 0.14773769676685333, 0.1387684941291809, 0.14457157254219055, 0.1358160376548767, 0.1350523680448532, 0.13307666778564453, 0.1324872374534607, 0.14649426937103271, 0.13416360318660736, 0.13290105760097504, 0.13215121626853943, 0.13120608031749725, 0.1400299370288849, 0.13443633913993835, 0.1343909353017807, 0.1335107833147049, 0.13590525090694427, 0.1416511982679367, 0.13787682354450226, 0.13365957140922546, 0.13241133093833923, 0.133369579911232, 0.13606537878513336, 0.1347634643316269, 0.13089734315872192, 0.13809576630592346, 0.13426566123962402, 0.13313642144203186, 0.13375164568424225, 0.13009220361709595, 0.1313439905643463, 0.13646134734153748, 0.13376477360725403, 0.1295984387397766, 0.1297214776277542, 0.13182346522808075, 0.14587083458900452, 0.13135582208633423, 0.13507315516471863, 0.13502593338489532, 0.13735395669937134, 0.13107611238956451, 0.13142989575862885, 0.13082440197467804, 0.12910400331020355, 0.13161873817443848, 0.13398422300815582, 0.138149693608284, 0.13776934146881104, 0.12845733761787415, 0.12979957461357117, 0.1354851871728897, 0.13333965837955475, 0.12809444963932037, 0.13196611404418945, 0.13217170536518097, 0.12927760183811188, 0.1289110630750656, 0.1349436491727829, 0.13250063359737396, 0.1289939135313034, 0.1336987167596817, 0.15216074883937836, 0.1504393368959427, 0.12984013557434082, 0.13139332830905914, 0.13834300637245178, 0.17172186076641083, 0.1281663030385971, 0.13773828744888306, 0.13017341494560242, 0.1349034458398819, 0.1290254145860672, 0.13037335872650146, 0.1299135684967041, 0.17298831045627594, 0.13131538033485413, 0.1285366266965866, 0.13467152416706085],