{"loss": [0.4946807622909546, 0.45113620162010193, 0.37806183099746704, 0.2957350015640259, 0.23484432697296143, 0.1964888572692871, 0.17356330156326294, 0.15742269158363342, 0.14994890987873077, 0.14181658625602722, 0.13670194149017334, 0.13291846215724945, 0.13176949322223663, 0.1288388967514038, 0.12862378358840942, 0.12660494446754456, 0.12579798698425293, 0.12654834985733032, 0.1234993189573288, 0.12260418385267258, 0.12499590963125229, 0.12282713502645493, 0.1233958750963211, 0.12077583372592926, 0.12014015763998032, 0.12090245634317398, 0.12332272529602051, 0.1206095963716507, 0.1206076443195343, 0.12010017782449722, 0.11972104012966156, 0.11973612755537033, 0.11970304697751999, 0.11879462003707886, 0.12044709920883179, 0.12035948038101196, 0.11933872103691101, 0.118471160531044, 0.11866214871406555, 0.11950455605983734, 0.1194264143705368, 0.11771640926599503, 0.11822276562452316, 0.11949094384908676, 0.12012151628732681, 0.11825646460056305, 0.11777285486459732, 0.11885606497526169, 0.11933600157499313, 0.11819244176149368, 0.12047790735960007, 0.11778657138347626, 0.11859085410833359, 0.11623994261026382, 0.11860566586256027, 0.11712443828582764, 0.1162925660610199, 0.1169598251581192, 0.11605711281299591, 0.11853515356779099, 0.11689425259828568, 0.11653320491313934, 0.11942053586244583, 0.11641677469015121, 0.11725413799285889, 0.11565934866666794, 0.11590681225061417, 0.11554428935050964, 0.11750941723585129, 0.11507119983434677, 0.11602252721786499, 0.1161402016878128, 0.1155865490436554, 0.1153392493724823, 0.11664416640996933, 0.11703407764434814, 0.11616013199090958, 0.11628629267215729, 0.11731011420488358, 0.11636342108249664, 0.11720895767211914, 0.1156359612941742, 0.1160774827003479, 0.1173533946275711, 0.11802501976490021, 0.11578243225812912, 0.11664090305566788, 0.11648187041282654, 0.11553756147623062, 0.11625567823648453, 0.11646012216806412, 0.11471929401159286, 0.11566026508808136, 0.11604221165180206, 0.11549869924783707, 0.11565302312374115, 0.11557574570178986, 0.11572765558958054, 0.11548446118831635, 0.11544790863990784], "accuracy": [0.7997826337814331, 0.7997826337814331, 0.8120652437210083, 0.8765217661857605, 0.9221739172935486, 0.9389130473136902, 0.9480434656143188, 0.9516304135322571, 0.9536956548690796, 0.9560869336128235, 0.9573913216590881, 0.957065224647522, 0.9577174186706543, 0.9589130282402039, 0.9591304063796997, 0.9596739411354065, 0.95923912525177, 0.9585869312286377, 0.9593478441238403, 0.9613043665885925, 0.9589130282402039, 0.9607608914375305, 0.9595652222633362, 0.9604347944259644, 0.9615217447280884, 0.9605434536933899, 0.9596739411354065, 0.9610869288444519, 0.9617391228675842, 0.9611956477165222, 0.9605434536933899, 0.9617391228675842, 0.9606521725654602, 0.9618478417396545, 0.9602174162864685, 0.9611956477165222, 0.9609782695770264, 0.9615217447280884, 0.9627174139022827, 0.9622825980186462, 0.9617391228675842, 0.9618478417396545, 0.9629347920417786, 0.9618478417396545, 0.9617391228675842, 0.9617391228675842, 0.9607608914375305, 0.9621739387512207, 0.9623913168907166, 0.9617391228675842, 0.9614130258560181, 0.9623913168907166, 0.9609782695770264, 0.9629347920417786, 0.9629347920417786, 0.9623913168907166, 0.9629347920417786, 0.9631521701812744, 0.9633695483207703, 0.9616304636001587, 0.9628260731697083, 0.9619565010070801, 0.9622825980186462, 0.9627174139022827, 0.9634782671928406, 0.9632608890533447, 0.9626086950302124, 0.9633695483207703, 0.9615217447280884, 0.9633695483207703, 0.9624999761581421, 0.9629347920417786, 0.9628260731697083, 0.9631521701812744, 0.9623913168907166, 0.9628260731697083, 0.9631521701812744, 0.9624999761581421, 0.9619565010070801, 0.9631521701812744, 0.9621739387512207, 0.9640217423439026, 0.9633695483207703, 0.9626086950302124, 0.9621739387512207, 0.9623913168907166, 0.9620652198791504, 0.9619565010070801, 0.9615217447280884, 0.9635869860649109, 0.9616304636001587, 0.9634782671928406, 0.9632608890533447, 0.9626086950302124, 0.9626086950302124, 0.9640217423439026, 0.9631521701812744, 0.9636956453323364, 0.9620652198791504, 0.9616304636001587], "val_loss": [0.47601208090782166, 0.4188975989818573, 0.33689019083976746, 0.2676749527454376, 0.21733936667442322, 0.18901437520980835, 0.17317581176757812, 0.159367173910141, 0.15649305284023285, 0.1495063453912735, 0.1431887447834015, 0.1401587873697281, 0.13912400603294373, 0.13689421117305756, 0.13569451868534088, 0.13459603488445282, 0.13573947548866272, 0.13332195580005646, 0.13287615776062012, 0.1343057006597519, 0.13223372399806976, 0.1342134326696396, 0.13312256336212158, 0.13228291273117065, 0.13770745694637299, 0.14340148866176605, 0.13079096376895905, 0.13154436647891998, 0.13328835368156433, 0.13141584396362305, 0.1362372487783432, 0.13057035207748413, 0.13402584195137024, 0.13009588420391083, 0.12992733716964722, 0.1310238540172577, 0.13338205218315125, 0.13446670770645142, 0.13263845443725586, 0.13063457608222961, 0.1351860612630844, 0.1371229887008667, 0.13244684040546417, 0.13029055297374725, 0.1307152658700943, 0.13231180608272552, 0.13104762136936188, 0.13586543500423431, 0.1323603391647339, 0.13255274295806885, 0.13938768208026886, 0.1310025453567505, 0.13353489339351654, 0.13036781549453735, 0.13562141358852386, 0.13000351190567017, 0.1301453560590744, 0.13436652719974518, 0.13075090944766998, 0.1329452395439148, 0.13036181032657623, 0.13295461237430573, 0.13124068081378937, 0.12995052337646484, 0.13214141130447388, 0.1312527060508728, 0.1419018656015396, 0.13080784678459167, 0.15117821097373962, 0.13804082572460175, 0.13196057081222534, 0.1341218799352646, 0.13093502819538116, 0.13357913494110107, 0.1308855414390564, 0.1309729367494583, 0.13446000218391418, 0.13066814839839935, 0.13893182575702667, 0.13347288966178894, 0.13150982558727264, 0.13866771757602692, 0.13965044915676117, 0.13117079436779022, 0.14006982743740082, 0.12918536365032196, 0.13760988414287567, 0.13192807137966156, 0.1300165355205536, 0.1303439736366272, 0.12869396805763245, 0.1297738403081894, 0.13543979823589325, 0.13111546635627747, 0.13107086718082428, 0.132878839969635, 0.13000740110874176, 0.12969575822353363, 0.1318168342113495, 0.13509269058704376],