{"loss": [0.48095452785491943, 0.389935702085495, 0.27463531494140625, 0.20415325462818146, 0.17019657790660858, 0.15258611738681793, 0.14284329116344452, 0.13657847046852112, 0.13307972252368927, 0.1282431185245514, 0.12985673546791077, 0.12621648609638214, 0.12570062279701233, 0.12424098700284958, 0.12368016690015793, 0.1232333779335022, 0.12323512881994247, 0.12348054349422455, 0.1228100061416626, 0.12147673219442368, 0.12183152884244919, 0.12110212445259094, 0.12151198834180832, 0.12291117757558823, 0.12054765969514847, 0.12028136849403381, 0.12204791605472565, 0.12062456458806992, 0.12070352584123611, 0.12077725678682327, 0.12000046670436859, 0.12024741619825363, 0.11835397779941559, 0.11817897856235504, 0.12085902690887451, 0.120774045586586, 0.11987774074077606, 0.11913908272981644, 0.12018785625696182, 0.11844529956579208, 0.11980090290307999, 0.11804511398077011, 0.11970522999763489, 0.11802610754966736, 0.11897823214530945, 0.11808353662490845, 0.1180468499660492, 0.11818373948335648, 0.11936741322278976, 0.11997324973344803, 0.11637594550848007, 0.1171787679195404, 0.1188942939043045, 0.11800063401460648, 0.11913525313138962, 0.1175004243850708, 0.1187639981508255, 0.12081237882375717, 0.11769304424524307, 0.11616259813308716, 0.11882650852203369, 0.11594490706920624, 0.11856391280889511, 0.11759135127067566, 0.1175626814365387, 0.11681904643774033, 0.11737760901451111, 0.11789403855800629, 0.11958129703998566, 0.11655285209417343, 0.11678393930196762, 0.1171807050704956, 0.11723728477954865, 0.11525844037532806, 0.1168147474527359, 0.11846043914556503, 0.12148173153400421, 0.11682973802089691, 0.11543320119380951, 0.11629265546798706, 0.11614488810300827, 0.11635883152484894, 0.11464152485132217, 0.1166970431804657, 0.11598490923643112, 0.11569096893072128, 0.11678295582532883, 0.11632753163576126, 0.11537163704633713, 0.11483059078454971, 0.1148562878370285, 0.11423332989215851, 0.11793333292007446, 0.11621071398258209, 0.11424491554498672, 0.11453500390052795, 0.11509259045124054, 0.11595915257930756, 0.11623027175664902, 0.1154729425907135], "accuracy": [0.7997826337814331, 0.8105434775352478, 0.8966304063796997, 0.9370652437210083, 0.947826087474823, 0.9539130330085754, 0.9545652270317078, 0.9568478465080261, 0.9564130306243896, 0.9583695530891418, 0.9578260779380798, 0.95923912525177, 0.9594565033912659, 0.958695650100708, 0.9579347968101501, 0.960869550704956, 0.959782600402832, 0.9596739411354065, 0.9601086974143982, 0.9609782695770264, 0.9594565033912659, 0.9611956477165222, 0.9607608914375305, 0.9602174162864685, 0.9618478417396545, 0.9618478417396545, 0.9604347944259644, 0.9606521725654602, 0.9599999785423279, 0.9607608914375305, 0.9624999761581421, 0.9609782695770264, 0.9617391228675842, 0.9620652198791504, 0.960326075553894, 0.9605434536933899, 0.9615217447280884, 0.9615217447280884, 0.9623913168907166, 0.9610869288444519, 0.9602174162864685, 0.9617391228675842, 0.9616304636001587, 0.9616304636001587, 0.9615217447280884, 0.9622825980186462, 0.9619565010070801, 0.9626086950302124, 0.9621739387512207, 0.9610869288444519, 0.9633695483207703, 0.9633695483207703, 0.9613043665885925, 0.9614130258560181, 0.9616304636001587, 0.9620652198791504, 0.9622825980186462, 0.960326075553894, 0.9626086950302124, 0.9628260731697083, 0.9610869288444519, 0.9640217423439026, 0.9619565010070801, 0.9606521725654602, 0.9613043665885925, 0.9633695483207703, 0.9617391228675842, 0.9606521725654602, 0.9604347944259644, 0.9615217447280884, 0.9622825980186462, 0.9623913168907166, 0.9624999761581421, 0.9615217447280884, 0.9636956453323364, 0.9619565010070801, 0.9611956477165222, 0.9614130258560181, 0.9635869860649109, 0.9626086950302124, 0.9633695483207703, 0.9629347920417786, 0.9629347920417786, 0.9607608914375305, 0.9632608890533447, 0.9633695483207703, 0.9607608914375305, 0.9628260731697083, 0.9626086950302124, 0.9633695483207703, 0.9622825980186462, 0.9632608890533447, 0.9607608914375305, 0.9609782695770264, 0.9631521701812744, 0.9624999761581421, 0.9621739387512207, 0.9628260731697083, 0.9623913168907166, 0.9632608890533447], "val_loss": [0.4452579915523529, 0.33444643020629883, 0.23506149649620056, 0.18909132480621338, 0.1674768626689911, 0.1671096235513687, 0.14906346797943115, 0.14797726273536682, 0.13909083604812622, 0.14215277135372162, 0.1350562572479248, 0.13991573452949524, 0.13398319482803345, 0.13681340217590332, 0.1326025277376175, 0.13435772061347961, 0.1331525444984436, 0.13154225051403046, 0.15103541314601898, 0.1320972442626953, 0.1326763778924942, 0.13538479804992676, 0.13564836978912354, 0.13186651468276978, 0.13563407957553864, 0.1314854621887207, 0.13181862235069275, 0.13293951749801636, 0.13192424178123474, 0.13468556106090546, 0.13227258622646332, 0.1313757300376892, 0.13298341631889343, 0.15231463313102722, 0.13089190423488617, 0.1306411623954773, 0.15180428326129913, 0.13240812718868256, 0.13348452746868134, 0.13150963187217712, 0.1367926299571991, 0.13672591745853424, 0.13249748945236206, 0.13130657374858856, 0.13800948858261108, 0.13223707675933838, 0.13836981356143951, 0.13190396130084991, 0.13935387134552002, 0.13490982353687286, 0.13341179490089417, 0.1454235166311264, 0.13718193769454956, 0.13103066384792328, 0.13445362448692322, 0.1327316015958786, 0.13133831322193146, 0.1348429173231125, 0.1320529282093048, 0.1371467411518097, 0.1303458958864212, 0.13246150314807892, 0.13834945857524872, 0.13104932010173798, 0.13070088624954224, 0.13106292486190796, 0.13016140460968018, 0.1349194198846817, 0.13150596618652344, 0.13647322356700897, 0.1308128982782364, 0.13545790314674377, 0.13127195835113525, 0.13068227469921112, 0.1321832537651062, 0.1330839842557907, 0.1302310824394226, 0.13934609293937683, 0.1408478170633316, 0.1412268579006195, 0.13047568500041962, 0.13187427818775177, 0.1368131935596466, 0.1329353004693985, 0.13795523345470428, 0.12927214801311493, 0.12924468517303467, 0.13074657320976257, 0.13787922263145447, 0.13778281211853027, 0.13107377290725708, 0.13048335909843445, 0.13171499967575073, 0.14678910374641418, 0.13042019307613373, 0.13089324533939362, 0.12931108474731445, 0.13786141574382782, 0.13096359372138977, 0.12911686301231384],