{"loss": [0.6478479504585266, 0.509026050567627, 0.4973633885383606, 0.49086394906044006, 0.4823702275753021, 0.4706476032733917, 0.45586898922920227, 0.43801429867744446, 0.41801416873931885, 0.3963916003704071, 0.37449729442596436, 0.35235440731048584, 0.3306560516357422, 0.31036704778671265, 0.2910912334918976, 0.2733617126941681, 0.2577144503593445, 0.24261657893657684, 0.22947798669338226, 0.21822115778923035, 0.20776166021823883, 0.19869732856750488, 0.19051715731620789, 0.18359827995300293, 0.17724543809890747, 0.17141084372997284, 0.16603004932403564, 0.16110724210739136, 0.15719059109687805, 0.15346208214759827, 0.15003779530525208, 0.14689509570598602, 0.14434346556663513, 0.14284171164035797, 0.13998039066791534, 0.13855168223381042, 0.13633975386619568, 0.13528719544410706, 0.13420571386814117, 0.13336917757987976, 0.13150115311145782, 0.13062332570552826, 0.12955032289028168, 0.12910082936286926, 0.12811778485774994, 0.12761197984218597, 0.12802478671073914, 0.12673023343086243, 0.12653234601020813, 0.12523044645786285, 0.12505072355270386, 0.12449127435684204, 0.12449124455451965, 0.12407687306404114, 0.12346722185611725, 0.123369961977005, 0.12269825488328934, 0.12351369857788086, 0.12270254641771317, 0.12221726030111313, 0.12252059578895569, 0.12162629514932632, 0.12184952199459076, 0.12178442627191544, 0.12138915807008743, 0.12144544720649719, 0.12116705626249313, 0.12072537839412689, 0.12003233283758163, 0.12062886357307434, 0.1201242208480835, 0.12031711637973785, 0.11979927122592926, 0.12029247730970383, 0.11960430443286896, 0.11956918239593506, 0.11945261061191559, 0.11955373734235764, 0.11988919228315353, 0.11964518576860428, 0.1190265566110611, 0.11945267021656036, 0.11876875907182693, 0.11898107081651688, 0.11871729046106339, 0.11914992332458496, 0.11903957277536392, 0.11880022287368774, 0.11849644035100937, 0.11882984638214111, 0.11873281747102737, 0.11832251399755478, 0.11884032934904099, 0.11878343671560287, 0.1184035986661911, 0.11881448328495026, 0.11840053647756577, 0.11803235858678818, 0.11760366708040237, 0.11771165579557419], "accuracy": [0.7021738886833191, 0.7997826337814331, 0.7997826337814331, 0.7997826337814331, 0.7997826337814331, 0.7997826337814331, 0.7997826337814331, 0.7997826337814331, 0.7997826337814331, 0.8003261089324951, 0.802717387676239, 0.8122826218605042, 0.8323913216590881, 0.8593478202819824, 0.8791304230690002, 0.8966304063796997, 0.9090217351913452, 0.9171739220619202, 0.925543487071991, 0.9314130544662476, 0.935326099395752, 0.9390217661857605, 0.9438043236732483, 0.9457608461380005, 0.946739137172699, 0.9495652318000793, 0.9497826099395752, 0.9527173638343811, 0.9520652294158936, 0.9544565081596375, 0.9547826051712036, 0.9558695554733276, 0.9564130306243896, 0.9551087021827698, 0.9568478465080261, 0.957065224647522, 0.9583695530891418, 0.9568478465080261, 0.9567391276359558, 0.9569565057754517, 0.958152174949646, 0.958695650100708, 0.9590217471122742, 0.9580434560775757, 0.9591304063796997, 0.958695650100708, 0.9591304063796997, 0.9588043689727783, 0.9595652222633362, 0.95923912525177, 0.9598913192749023, 0.9595652222633362, 0.9595652222633362, 0.9596739411354065, 0.9607608914375305, 0.9598913192749023, 0.9595652222633362, 0.958695650100708, 0.9604347944259644, 0.9605434536933899, 0.960326075553894, 0.960869550704956, 0.9610869288444519, 0.9599999785423279, 0.9598913192749023, 0.959782600402832, 0.9606521725654602, 0.9602174162864685, 0.960869550704956, 0.9611956477165222, 0.9615217447280884, 0.9606521725654602, 0.960869550704956, 0.9606521725654602, 0.9611956477165222, 0.9611956477165222, 0.9620652198791504, 0.9609782695770264, 0.9609782695770264, 0.9610869288444519, 0.9611956477165222, 0.9615217447280884, 0.9616304636001587, 0.960326075553894, 0.9621739387512207, 0.9614130258560181, 0.9617391228675842, 0.9621739387512207, 0.9611956477165222, 0.9609782695770264, 0.9616304636001587, 0.9615217447280884, 0.9615217447280884, 0.9609782695770264, 0.9604347944259644, 0.9606521725654602, 0.9615217447280884, 0.9615217447280884, 0.9624999761581421, 0.9614130258560181], "val_loss": [0.5481629371643066, 0.4969604015350342, 0.4922494888305664, 0.4845559895038605, 0.474597305059433, 0.4614223837852478, 0.4450188875198364, 0.4262086749076843, 0.4057462811470032, 0.3841288983821869, 0.3625847399234772, 0.3422836363315582, 0.3207167685031891, 0.3014278709888458, 0.283640056848526, 0.2669534981250763, 0.25213146209716797, 0.23896102607250214, 0.2273014783859253, 0.21842770278453827, 0.20714274048805237, 0.19915656745433807, 0.19245941936969757, 0.1902124434709549, 0.18098092079162598, 0.17426124215126038, 0.17140015959739685, 0.16600023210048676, 0.1615457385778427, 0.1599966287612915, 0.15549875795841217, 0.1533476561307907, 0.15090975165367126, 0.14906451106071472, 0.14694738388061523, 0.14560477435588837, 0.14602601528167725, 0.14311420917510986, 0.14235056936740875, 0.14061018824577332, 0.13975390791893005, 0.14014646410942078, 0.1401253044605255, 0.13770291209220886, 0.13801592588424683, 0.13648857176303864, 0.13609665632247925, 0.13647246360778809, 0.1360374540090561, 0.1359512060880661, 0.13464103639125824, 0.13468316197395325, 0.13427938520908356, 0.13375324010849, 0.13376133143901825, 0.1339835673570633, 0.13499638438224792, 0.13532963395118713, 0.13287557661533356, 0.13281698524951935, 0.13284842669963837, 0.13306646049022675, 0.1329173594713211, 0.13332556188106537, 0.13243305683135986, 0.1321488320827484, 0.13295981287956238, 0.13268379867076874, 0.13179349899291992, 0.13253147900104523, 0.13200125098228455, 0.131626695394516, 0.13550861179828644, 0.13153426349163055, 0.13165004551410675, 0.1333543360233307, 0.13144131004810333, 0.13133025169372559, 0.13621434569358826, 0.131395161151886, 0.13153880834579468, 0.1315818727016449, 0.13153572380542755, 0.13127394020557404, 0.13559110462665558, 0.1314057558774948, 0.13144561648368835, 0.1311153918504715, 0.13109906017780304, 0.1310787945985794, 0.1322564333677292, 0.1310809999704361, 0.13193927705287933, 0.1315731406211853, 0.13163714110851288, 0.1331140697002411, 0.13148728013038635, 0.1322588324546814, 0.1309797316789627, 0.13552768528461456],