{"loss": [0.49272847175598145, 0.4135700464248657, 0.3041529655456543, 0.22555838525295258, 0.18407627940177917, 0.16116595268249512, 0.14859329164028168, 0.14226044714450836, 0.1374562680721283, 0.13211743533611298, 0.13182321190834045, 0.12957006692886353, 0.12813875079154968, 0.12523579597473145, 0.12494668364524841, 0.12617692351341248, 0.12347070127725601, 0.12395957857370377, 0.12293251603841782, 0.12241716682910919, 0.12211908400058746, 0.12095747888088226, 0.1200249195098877, 0.12173692882061005, 0.11947163194417953, 0.1223016232252121, 0.12116651237010956, 0.12155240029096603, 0.12178387492895126, 0.12015071511268616, 0.11957279592752457, 0.11886061728000641, 0.11928512156009674, 0.11898363381624222, 0.1191149652004242, 0.1193673312664032, 0.11775779724121094, 0.12021524459123611, 0.12067335098981857, 0.11875123530626297, 0.11902619898319244, 0.11799254268407822, 0.11941713094711304, 0.1197533905506134, 0.1182485818862915, 0.11805830150842667, 0.11856520920991898, 0.11844589561223984, 0.11798536032438278, 0.11718641221523285, 0.11822368949651718, 0.1180327981710434, 0.11663457751274109, 0.11688342690467834, 0.11691565811634064, 0.12046950310468674, 0.11651905626058578, 0.11985315382480621, 0.11711229383945465, 0.11691654473543167, 0.11783760040998459, 0.11822666227817535, 0.11744318157434464, 0.1170499324798584, 0.11627774685621262, 0.11637920886278152, 0.11644493043422699, 0.11780837178230286, 0.11608041822910309, 0.11661375313997269, 0.11711747199296951, 0.11780784279108047, 0.11632794141769409, 0.11571003496646881, 0.11573869735002518, 0.11833447962999344, 0.11566121131181717, 0.11555734276771545, 0.11744020134210587, 0.11905954033136368, 0.11633045971393585, 0.11658408492803574, 0.1169101893901825, 0.11586298048496246, 0.11582508683204651, 0.11776896566152573, 0.11918582022190094, 0.11606025695800781, 0.115191251039505, 0.11625108867883682, 0.1151663064956665, 0.11545958369970322, 0.11574729532003403, 0.11490844935178757, 0.1156938225030899, 0.11581464856863022, 0.11703500151634216, 0.11447037756443024, 0.11466091126203537, 0.11518669128417969], "accuracy": [0.7906521558761597, 0.8026086688041687, 0.8697826266288757, 0.9256521463394165, 0.9428260922431946, 0.9510869383811951, 0.9539130330085754, 0.9555434584617615, 0.9569565057754517, 0.9580434560775757, 0.9574999809265137, 0.9585869312286377, 0.9585869312286377, 0.9598913192749023, 0.960326075553894, 0.9590217471122742, 0.9604347944259644, 0.9596739411354065, 0.960869550704956, 0.9606521725654602, 0.9584782719612122, 0.9616304636001587, 0.9614130258560181, 0.959782600402832, 0.9620652198791504, 0.9599999785423279, 0.9609782695770264, 0.959782600402832, 0.9615217447280884, 0.9610869288444519, 0.9616304636001587, 0.9614130258560181, 0.9627174139022827, 0.9614130258560181, 0.9621739387512207, 0.9618478417396545, 0.9610869288444519, 0.9619565010070801, 0.960869550704956, 0.9622825980186462, 0.9613043665885925, 0.9615217447280884, 0.9615217447280884, 0.9617391228675842, 0.9614130258560181, 0.9620652198791504, 0.9611956477165222, 0.9623913168907166, 0.9615217447280884, 0.9620652198791504, 0.9619565010070801, 0.9632608890533447, 0.9620652198791504, 0.9635869860649109, 0.9624999761581421, 0.959782600402832, 0.9626086950302124, 0.9627174139022827, 0.9629347920417786, 0.9631521701812744, 0.9618478417396545, 0.9628260731697083, 0.9623913168907166, 0.9623913168907166, 0.9629347920417786, 0.9618478417396545, 0.9631521701812744, 0.9622825980186462, 0.9621739387512207, 0.9636956453323364, 0.9617391228675842, 0.9626086950302124, 0.9619565010070801, 0.9634782671928406, 0.9633695483207703, 0.9622825980186462, 0.9630434513092041, 0.9627174139022827, 0.9615217447280884, 0.9627174139022827, 0.9622825980186462, 0.9618478417396545, 0.9616304636001587, 0.9627174139022827, 0.9630434513092041, 0.9613043665885925, 0.9605434536933899, 0.9624999761581421, 0.9617391228675842, 0.9622825980186462, 0.9632608890533447, 0.9632608890533447, 0.9631521701812744, 0.9623913168907166, 0.9613043665885925, 0.9624999761581421, 0.9616304636001587, 0.9633695483207703, 0.9628260731697083, 0.9630434513092041], "val_loss": [0.4592004716396332, 0.35938751697540283, 0.2606237232685089, 0.20455193519592285, 0.17817117273807526, 0.16468992829322815, 0.1590428203344345, 0.1457691788673401, 0.14604336023330688, 0.1388779878616333, 0.14522583782672882, 0.13631729781627655, 0.1347983181476593, 0.13517087697982788, 0.14336463809013367, 0.13709411025047302, 0.13967369496822357, 0.13545599579811096, 0.1333501636981964, 0.14084115624427795, 0.13135552406311035, 0.13172778487205505, 0.13297195732593536, 0.13333538174629211, 0.14408694207668304, 0.13143426179885864, 0.13247929513454437, 0.12999694049358368, 0.13227592408657074, 0.13141216337680817, 0.13459807634353638, 0.13142046332359314, 0.13008570671081543, 0.13465304672718048, 0.13254933059215546, 0.13008131086826324, 0.13078491389751434, 0.14876991510391235, 0.13834939897060394, 0.13026148080825806, 0.13062918186187744, 0.13879463076591492, 0.13312166929244995, 0.13135291635990143, 0.13065558671951294, 0.13705436885356903, 0.13107989728450775, 0.13046656548976898, 0.1329038441181183, 0.1333548128604889, 0.13124847412109375, 0.12904632091522217, 0.12974229454994202, 0.13656078279018402, 0.13177746534347534, 0.12969623506069183, 0.1330050677061081, 0.12915192544460297, 0.13317924737930298, 0.13377301394939423, 0.1356620490550995, 0.14052826166152954, 0.13128340244293213, 0.1310144066810608, 0.13729089498519897, 0.12959381937980652, 0.13110780715942383, 0.13408586382865906, 0.1314363330602646, 0.1307956874370575, 0.1292622834444046, 0.1284552961587906, 0.12889139354228973, 0.1319090574979782, 0.12928766012191772, 0.12877874076366425, 0.12998142838478088, 0.14621716737747192, 0.1303459107875824, 0.13169702887535095, 0.12952373921871185, 0.13332228362560272, 0.14153285324573517, 0.13033317029476166, 0.1289461851119995, 0.12854190170764923, 0.13289755582809448, 0.1289227455854416, 0.129379540681839, 0.13438072800636292, 0.1299058198928833, 0.12933014333248138, 0.13205240666866302, 0.13925281167030334, 0.1323506385087967, 0.13181832432746887, 0.13082075119018555, 0.13063332438468933, 0.13161934912204742, 0.13074301183223724],