{"loss": [0.5513594150543213, 0.49982571601867676, 0.4923099875450134, 0.47861480712890625, 0.4545040726661682, 0.41827985644340515, 0.3769196569919586, 0.3353250324726105, 0.2980533242225647, 0.26575663685798645, 0.23958449065685272, 0.2189914733171463, 0.20217421650886536, 0.1887436956167221, 0.17810040712356567, 0.16876384615898132, 0.16219930350780487, 0.15599915385246277, 0.15116719901561737, 0.14674349129199982, 0.1434737890958786, 0.14087902009487152, 0.13843472301959991, 0.13675005733966827, 0.13376975059509277, 0.13287638127803802, 0.13107231259346008, 0.13024331629276276, 0.12924818694591522, 0.128269225358963, 0.12731719017028809, 0.12719157338142395, 0.1263027936220169, 0.12474460899829865, 0.12463515251874924, 0.12439386546611786, 0.12455613166093826, 0.12363284081220627, 0.12299615144729614, 0.12244296073913574, 0.12325926125049591, 0.12251263111829758, 0.12208883464336395, 0.122109055519104, 0.12175541371107101, 0.1217503547668457, 0.12151654064655304, 0.12074130028486252, 0.12141967564821243, 0.12052557617425919, 0.12089111655950546, 0.12039225548505783, 0.12007159739732742, 0.11982642114162445, 0.12015266716480255, 0.11990378797054291, 0.12049402296543121, 0.11957983672618866, 0.11986850947141647, 0.11956454068422318, 0.11843287199735641, 0.1188083291053772, 0.11932364851236343, 0.11909113079309464, 0.11841295659542084, 0.11889669299125671, 0.11879982054233551, 0.11891787499189377, 0.11825758218765259, 0.11903391778469086, 0.11783263087272644, 0.11869112402200699, 0.11826684325933456, 0.11802515387535095, 0.11834689974784851, 0.11780539155006409, 0.11785034090280533, 0.11744517087936401, 0.11745447665452957, 0.11741559952497482, 0.11733096092939377, 0.11889952421188354, 0.1181710958480835, 0.11648664623498917, 0.11661968380212784, 0.11701592803001404, 0.11697833240032196, 0.11796736717224121, 0.11728806048631668, 0.11716295033693314, 0.11701124161481857, 0.11728841066360474, 0.11689100414514542, 0.11701136082410812, 0.11681707203388214, 0.11575344949960709, 0.11656325310468674, 0.11691450327634811, 0.11644171923398972, 0.1178005039691925], "accuracy": [0.7319565415382385, 0.7997826337814331, 0.7997826337814331, 0.7997826337814331, 0.7997826337814331, 0.7997826337814331, 0.8035869598388672, 0.834782600402832, 0.875543475151062, 0.9031521677970886, 0.91847825050354, 0.9292391538619995, 0.936413049697876, 0.9414130449295044, 0.9447826147079468, 0.948369562625885, 0.9495652318000793, 0.9530434608459473, 0.9540217518806458, 0.9548913240432739, 0.9554347991943359, 0.9553260803222656, 0.9560869336128235, 0.9572826027870178, 0.9588043689727783, 0.9579347968101501, 0.9580434560775757, 0.9577174186706543, 0.9577174186706543, 0.9589130282402039, 0.9584782719612122, 0.958695650100708, 0.9591304063796997, 0.9594565033912659, 0.957608699798584, 0.95923912525177, 0.9595652222633362, 0.9605434536933899, 0.9604347944259644, 0.959782600402832, 0.9598913192749023, 0.960326075553894, 0.9605434536933899, 0.95923912525177, 0.9599999785423279, 0.9602174162864685, 0.9599999785423279, 0.9614130258560181, 0.9599999785423279, 0.9611956477165222, 0.960326075553894, 0.960869550704956, 0.9611956477165222, 0.9606521725654602, 0.9611956477165222, 0.9605434536933899, 0.9609782695770264, 0.960869550704956, 0.9606521725654602, 0.9607608914375305, 0.9613043665885925, 0.9617391228675842, 0.9611956477165222, 0.9607608914375305, 0.9621739387512207, 0.9617391228675842, 0.9622825980186462, 0.9617391228675842, 0.9626086950302124, 0.9615217447280884, 0.9604347944259644, 0.9617391228675842, 0.9609782695770264, 0.9629347920417786, 0.9621739387512207, 0.9616304636001587, 0.9620652198791504, 0.9624999761581421, 0.9622825980186462, 0.9626086950302124, 0.9624999761581421, 0.9614130258560181, 0.9621739387512207, 0.9629347920417786, 0.9621739387512207, 0.9627174139022827, 0.9626086950302124, 0.9619565010070801, 0.9618478417396545, 0.9632608890533447, 0.9619565010070801, 0.9618478417396545, 0.9615217447280884, 0.9619565010070801, 0.9626086950302124, 0.9634782671928406, 0.9626086950302124, 0.9622825980186462, 0.9626086950302124, 0.9617391228675842], "val_loss": [0.5005171895027161, 0.4943055212497711, 0.4853053390979767, 0.46782660484313965, 0.4380995035171509, 0.39781108498573303, 0.35682302713394165, 0.3230707049369812, 0.284775048494339, 0.2570602595806122, 0.23359380662441254, 0.21573399007320404, 0.20235316455364227, 0.18936195969581604, 0.17988179624080658, 0.17263056337833405, 0.16769254207611084, 0.16220086812973022, 0.1565493941307068, 0.15313200652599335, 0.15110144019126892, 0.15397725999355316, 0.14554548263549805, 0.1435476690530777, 0.14543813467025757, 0.14071124792099, 0.13946612179279327, 0.13845382630825043, 0.13894781470298767, 0.137247696518898, 0.14317691326141357, 0.13649991154670715, 0.1377290040254593, 0.13645124435424805, 0.1342766135931015, 0.1339832991361618, 0.1339111328125, 0.1337391883134842, 0.13436880707740784, 0.1372343748807907, 0.13273809850215912, 0.13255484402179718, 0.13315647840499878, 0.13305802643299103, 0.1328027993440628, 0.1327292025089264, 0.1334526687860489, 0.13413208723068237, 0.1318577080965042, 0.13165834546089172, 0.13316622376441956, 0.1323864758014679, 0.1324169784784317, 0.13575373589992523, 0.13146914541721344, 0.13207848370075226, 0.13135746121406555, 0.13153338432312012, 0.13121779263019562, 0.13118882477283478, 0.13116693496704102, 0.13148224353790283, 0.13556085526943207, 0.13093991577625275, 0.13093365728855133, 0.1308079957962036, 0.1361418217420578, 0.13091714680194855, 0.13054907321929932, 0.13146835565567017, 0.13376277685165405, 0.1298673003911972, 0.1299874484539032, 0.132039874792099, 0.13016219437122345, 0.13022887706756592, 0.12994356453418732, 0.1299806386232376, 0.12992294132709503, 0.13066351413726807, 0.12994207441806793, 0.12952609360218048, 0.1299491673707962, 0.13664235174655914, 0.13037332892417908, 0.12971918284893036, 0.130392923951149, 0.13383103907108307, 0.12976162135601044, 0.12986114621162415, 0.12940481305122375, 0.12954643368721008, 0.13260948657989502, 0.13161256909370422, 0.13155333697795868, 0.13303740322589874, 0.13039812445640564, 0.1299523115158081, 0.13416042923927307, 0.13012947142124176],