{"loss": [0.4982891082763672, 0.44768062233924866, 0.35941430926322937, 0.26677632331848145, 0.2093096524477005, 0.17645622789859772, 0.15836495161056519, 0.14852729439735413, 0.14159511029720306, 0.13671408593654633, 0.13287082314491272, 0.13098779320716858, 0.12896086275577545, 0.128823921084404, 0.1268763542175293, 0.12523099780082703, 0.12619763612747192, 0.12363611906766891, 0.12289010733366013, 0.12326331436634064, 0.12231200188398361, 0.12271641194820404, 0.12147350609302521, 0.12088578939437866, 0.11995122581720352, 0.12215372920036316, 0.12158919870853424, 0.12029892951250076, 0.11973259598016739, 0.1195739209651947, 0.12126889079809189, 0.11960384249687195, 0.12091047316789627, 0.11942051351070404, 0.11909504979848862, 0.11902912706136703, 0.11880168318748474, 0.11873023211956024, 0.11834966391324997, 0.11887428909540176, 0.11954952031373978, 0.11993961781263351, 0.11810127645730972, 0.11784675717353821, 0.11775455623865128, 0.11744248121976852, 0.11766845732927322, 0.1209365576505661, 0.11809616535902023, 0.11830632388591766, 0.11820696294307709, 0.1168704628944397, 0.11737993359565735, 0.1171683818101883, 0.11633903533220291, 0.11863724142313004, 0.1165497750043869, 0.11830465495586395, 0.1182241141796112, 0.11608023196458817, 0.11656889319419861, 0.11635800451040268, 0.11700578778982162, 0.1166306585073471, 0.11647920310497284, 0.11843991279602051, 0.11579064279794693, 0.11874298006296158, 0.11664768308401108, 0.11624301970005035, 0.11713007092475891, 0.11682344228029251, 0.11690182983875275, 0.11662457138299942, 0.11591292917728424, 0.11544884741306305, 0.1173795759677887, 0.11567164957523346, 0.1159856766462326, 0.11615010350942612, 0.11727029830217361, 0.11584769934415817, 0.1179354190826416, 0.11399178951978683, 0.11514999717473984, 0.11525479704141617, 0.11411310732364655, 0.11393652856349945, 0.11506649851799011, 0.11578845232725143, 0.11547030508518219, 0.11440353095531464, 0.11712442338466644, 0.11462286859750748, 0.11414884775876999, 0.11448898911476135, 0.11435706168413162, 0.11704541742801666, 0.11321425437927246, 0.11546782404184341], "accuracy": [0.7977173924446106, 0.7997826337814331, 0.8241304159164429, 0.9005434513092041, 0.9351087212562561, 0.946739137172699, 0.9519565105438232, 0.955978274345398, 0.9566304087638855, 0.957065224647522, 0.9580434560775757, 0.957608699798584, 0.9589130282402039, 0.9589130282402039, 0.9595652222633362, 0.9609782695770264, 0.9579347968101501, 0.9590217471122742, 0.959782600402832, 0.9591304063796997, 0.9613043665885925, 0.9598913192749023, 0.960326075553894, 0.9604347944259644, 0.9614130258560181, 0.9611956477165222, 0.9615217447280884, 0.9613043665885925, 0.9614130258560181, 0.9629347920417786, 0.9607608914375305, 0.9615217447280884, 0.9602174162864685, 0.9626086950302124, 0.9620652198791504, 0.9628260731697083, 0.9627174139022827, 0.9613043665885925, 0.9617391228675842, 0.9623913168907166, 0.9615217447280884, 0.9605434536933899, 0.9624999761581421, 0.9622825980186462, 0.9617391228675842, 0.9621739387512207, 0.9615217447280884, 0.9611956477165222, 0.9627174139022827, 0.9623913168907166, 0.9611956477165222, 0.9626086950302124, 0.9629347920417786, 0.9607608914375305, 0.9627174139022827, 0.9614130258560181, 0.9626086950302124, 0.9628260731697083, 0.9624999761581421, 0.9630434513092041, 0.9627174139022827, 0.9633695483207703, 0.9631521701812744, 0.9629347920417786, 0.9622825980186462, 0.9613043665885925, 0.9621739387512207, 0.9616304636001587, 0.9632608890533447, 0.9630434513092041, 0.9624999761581421, 0.9619565010070801, 0.960869550704956, 0.9627174139022827, 0.9619565010070801, 0.9631521701812744, 0.9617391228675842, 0.9630434513092041, 0.9624999761581421, 0.9632608890533447, 0.9616304636001587, 0.9634782671928406, 0.9629347920417786, 0.9632608890533447, 0.9627174139022827, 0.9629347920417786, 0.9626086950302124, 0.9633695483207703, 0.9633695483207703, 0.9632608890533447, 0.9629347920417786, 0.9636956453323364, 0.9638043642044067, 0.9634782671928406, 0.9629347920417786, 0.9636956453323364, 0.9620652198791504, 0.9618478417396545, 0.9630434513092041, 0.9638043642044067], "val_loss": [0.47470250725746155, 0.4119190573692322, 0.3099861443042755, 0.23902907967567444, 0.19538439810276031, 0.18127956986427307, 0.166921004652977, 0.15475447475910187, 0.14646582305431366, 0.14442962408065796, 0.13942453265190125, 0.14870503544807434, 0.13957184553146362, 0.13821819424629211, 0.1363210827112198, 0.133924201130867, 0.1344088315963745, 0.13298408687114716, 0.1339152455329895, 0.13400685787200928, 0.13378088176250458, 0.14767484366893768, 0.13194598257541656, 0.13176560401916504, 0.1320241093635559, 0.1614607274532318, 0.1324765682220459, 0.13051804900169373, 0.13035903871059418, 0.1420326977968216, 0.13074778020381927, 0.1323729306459427, 0.13100972771644592, 0.13936491310596466, 0.13457779586315155, 0.14447161555290222, 0.15056243538856506, 0.1303689181804657, 0.13332447409629822, 0.13109827041625977, 0.14405830204486847, 0.1368606984615326, 0.13027098774909973, 0.1302219182252884, 0.1315910369157791, 0.1321425884962082, 0.13612057268619537, 0.13647961616516113, 0.1316707879304886, 0.13162322342395782, 0.1339113563299179, 0.1304042488336563, 0.13073089718818665, 0.13607825338840485, 0.13167783617973328, 0.13478069007396698, 0.13165445625782013, 0.1330011934041977, 0.1298632174730301, 0.1529017984867096, 0.13104726374149323, 0.13122349977493286, 0.13074122369289398, 0.13092532753944397, 0.13004593551158905, 0.13690245151519775, 0.12926948070526123, 0.1290988028049469, 0.13410650193691254, 0.14299748837947845, 0.12967583537101746, 0.13569797575473785, 0.14309492707252502, 0.13518460094928741, 0.12865573167800903, 0.1288881152868271, 0.15166714787483215, 0.1284661591053009, 0.12933440506458282, 0.12927523255348206, 0.13944287598133087, 0.13418680429458618, 0.13433565199375153, 0.1332772672176361, 0.13755394518375397, 0.12864544987678528, 0.12861381471157074, 0.13728439807891846, 0.128813698887825, 0.12787266075611115, 0.12853872776031494, 0.1486845463514328, 0.15051868557929993, 0.12907318770885468, 0.12833759188652039, 0.12899862229824066, 0.1399862915277481, 0.12913209199905396, 0.13085395097732544, 0.12839370965957642],