{"loss": [0.4906626343727112, 0.4244026243686676, 0.3297101557254791, 0.24661551415920258, 0.1979038566350937, 0.17066635191440582, 0.1565210372209549, 0.14706626534461975, 0.14093288779258728, 0.13664287328720093, 0.13170187175273895, 0.12862788140773773, 0.1289246529340744, 0.12755727767944336, 0.12562775611877441, 0.12558376789093018, 0.12488438934087753, 0.1242426186800003, 0.1231946349143982, 0.12546172738075256, 0.12330681830644608, 0.1215570867061615, 0.12290650606155396, 0.1203123927116394, 0.12110423296689987, 0.12323856353759766, 0.11997493356466293, 0.12117686122655869, 0.11987645924091339, 0.12210188060998917, 0.11952246725559235, 0.11852849274873734, 0.12026438862085342, 0.11992767453193665, 0.11988728493452072, 0.11911164969205856, 0.1194627583026886, 0.11808218061923981, 0.1194460541009903, 0.11807018518447876, 0.11911282688379288, 0.11844388395547867, 0.11705292016267776, 0.11919517070055008, 0.11848752200603485, 0.1188071072101593, 0.11834094673395157, 0.11816452443599701, 0.11809264868497849, 0.11842465400695801, 0.12044096738100052, 0.11940781027078629, 0.12029300630092621, 0.11905836313962936, 0.11737404018640518, 0.11705520004034042, 0.11710651963949203, 0.11789706349372864, 0.11729254573583603, 0.1173648089170456, 0.11796560883522034, 0.11875825375318527, 0.11799626797437668, 0.11673073470592499, 0.11776254326105118, 0.11667650192975998, 0.11657027900218964, 0.1166670024394989, 0.11672365665435791, 0.11699778586626053, 0.11647208780050278, 0.11604895442724228, 0.11526742577552795, 0.11619538813829422, 0.11633913964033127, 0.11764614284038544, 0.11568944156169891, 0.11569349467754364, 0.11589204519987106, 0.11718253791332245, 0.115835040807724, 0.11524076759815216, 0.11662077158689499, 0.11509548127651215, 0.11486335843801498, 0.11677996814250946, 0.11519106477499008, 0.11557426303625107, 0.11489833891391754, 0.11610829085111618, 0.11762519925832748, 0.1152249127626419, 0.11679570376873016, 0.11511281877756119, 0.11539948731660843, 0.11511558294296265, 0.1151970624923706, 0.11544106900691986, 0.11566151678562164, 0.11470561474561691], "accuracy": [0.7982608675956726, 0.8004347681999207, 0.8470652103424072, 0.9153260588645935, 0.9383695721626282, 0.9474999904632568, 0.9529348015785217, 0.9536956548690796, 0.9558695554733276, 0.9561956524848938, 0.9585869312286377, 0.9577174186706543, 0.9578260779380798, 0.9589130282402039, 0.9591304063796997, 0.9595652222633362, 0.95923912525177, 0.9593478441238403, 0.9593478441238403, 0.9588043689727783, 0.9593478441238403, 0.95923912525177, 0.9602174162864685, 0.9621739387512207, 0.9610869288444519, 0.9596739411354065, 0.9609782695770264, 0.9599999785423279, 0.9604347944259644, 0.9605434536933899, 0.9609782695770264, 0.9598913192749023, 0.9627174139022827, 0.9607608914375305, 0.9614130258560181, 0.9613043665885925, 0.9611956477165222, 0.9613043665885925, 0.9620652198791504, 0.9638043642044067, 0.9613043665885925, 0.9610869288444519, 0.9621739387512207, 0.9605434536933899, 0.9626086950302124, 0.9614130258560181, 0.9605434536933899, 0.9613043665885925, 0.9614130258560181, 0.9629347920417786, 0.9626086950302124, 0.9623913168907166, 0.9591304063796997, 0.9619565010070801, 0.9618478417396545, 0.9632608890533447, 0.9626086950302124, 0.9615217447280884, 0.9639130234718323, 0.9616304636001587, 0.9611956477165222, 0.9610869288444519, 0.9631521701812744, 0.9620652198791504, 0.9613043665885925, 0.9629347920417786, 0.9620652198791504, 0.9621739387512207, 0.9630434513092041, 0.9626086950302124, 0.9619565010070801, 0.9616304636001587, 0.9634782671928406, 0.9624999761581421, 0.9618478417396545, 0.9623913168907166, 0.9632608890533447, 0.9621739387512207, 0.9624999761581421, 0.9626086950302124, 0.9623913168907166, 0.9635869860649109, 0.9616304636001587, 0.9627174139022827, 0.9633695483207703, 0.9615217447280884, 0.9630434513092041, 0.9618478417396545, 0.9628260731697083, 0.9623913168907166, 0.9624999761581421, 0.9630434513092041, 0.9619565010070801, 0.9618478417396545, 0.9624999761581421, 0.9631521701812744, 0.9618478417396545, 0.9626086950302124, 0.9630434513092041, 0.9620652198791504], "val_loss": [0.46123629808425903, 0.3829890787601471, 0.286062628030777, 0.22152388095855713, 0.1880541443824768, 0.16975510120391846, 0.16041862964630127, 0.14971894025802612, 0.14482317864894867, 0.1425059586763382, 0.14026090502738953, 0.143294557929039, 0.13658024370670319, 0.13556917011737823, 0.14320430159568787, 0.13695986568927765, 0.1335274875164032, 0.1333184540271759, 0.13337066769599915, 0.13876312971115112, 0.13278670608997345, 0.13327015936374664, 0.13666017353534698, 0.13144561648368835, 0.14226314425468445, 0.13171258568763733, 0.13546648621559143, 0.13123919069766998, 0.13083846867084503, 0.13022369146347046, 0.13088563084602356, 0.1301826536655426, 0.13413764536380768, 0.1396358460187912, 0.13485917448997498, 0.13044050335884094, 0.13630159199237823, 0.1309119313955307, 0.13182081282138824, 0.1360500156879425, 0.13049328327178955, 0.1299816519021988, 0.13377611339092255, 0.13247011601924896, 0.13139164447784424, 0.13013330101966858, 0.1335504800081253, 0.13090886175632477, 0.1331278532743454, 0.1321313977241516, 0.13146038353443146, 0.13045576214790344, 0.1441558301448822, 0.13074807822704315, 0.13261151313781738, 0.13234193623065948, 0.13195428252220154, 0.13293695449829102, 0.13765422999858856, 0.13009357452392578, 0.13037428259849548, 0.14401566982269287, 0.13225750625133514, 0.13688991963863373, 0.130055233836174, 0.13362212479114532, 0.13812518119812012, 0.13021329045295715, 0.13612499833106995, 0.13218456506729126, 0.13170433044433594, 0.1302891969680786, 0.14754970371723175, 0.1303163319826126, 0.13115555047988892, 0.13014987111091614, 0.1358695775270462, 0.13021507859230042, 0.12936612963676453, 0.14404943585395813, 0.13116607069969177, 0.13476063311100006, 0.13129766285419464, 0.13137498497962952, 0.13966874778270721, 0.13109517097473145, 0.12931817770004272, 0.13056854903697968, 0.13029031455516815, 0.1445220559835434, 0.1322939693927765, 0.12911169230937958, 0.1292487531900406, 0.13136647641658783, 0.1303292065858841, 0.13045960664749146, 0.12903745472431183, 0.13040697574615479, 0.13539396226406097, 0.13378846645355225],