{"loss": [0.5027329921722412, 0.43326252698898315, 0.33279141783714294, 0.24703028798103333, 0.19840151071548462, 0.17232820391654968, 0.15593139827251434, 0.1466534286737442, 0.13981981575489044, 0.13516448438167572, 0.13112321496009827, 0.12976406514644623, 0.12876640260219574, 0.12617380917072296, 0.1264893263578415, 0.12561741471290588, 0.12476424872875214, 0.12286699563264847, 0.12259577214717865, 0.12256298214197159, 0.12248602509498596, 0.12156935781240463, 0.12054553627967834, 0.12245040386915207, 0.1205311119556427, 0.1206974983215332, 0.12032946944236755, 0.12029384076595306, 0.12092561274766922, 0.1205807775259018, 0.11909158527851105, 0.11934632807970047, 0.12180294096469879, 0.11950162053108215, 0.11944743245840073, 0.11790333688259125, 0.12060590833425522, 0.11865025013685226, 0.11863736063241959, 0.1196950227022171, 0.11852539330720901, 0.11844495683908463, 0.11915688216686249, 0.11811922490596771, 0.11864398419857025, 0.11770965903997421, 0.11652999371290207, 0.1163952499628067, 0.11919447034597397, 0.11770359426736832, 0.11657363176345825, 0.11676076054573059, 0.11674552410840988, 0.11637791991233826, 0.11577527970075607, 0.11634217947721481, 0.1155385673046112, 0.11627684533596039, 0.11673571914434433, 0.11472928524017334, 0.11563650518655777, 0.11487365514039993, 0.11534389108419418, 0.11606691777706146, 0.1153256744146347, 0.11613338440656662, 0.11550947278738022, 0.11483555287122726, 0.11445704102516174, 0.11429116874933243, 0.1160641759634018, 0.11636535823345184, 0.11416107416152954, 0.11483548581600189, 0.11433255672454834, 0.11733436584472656, 0.11532045900821686, 0.1134505420923233, 0.11485441774129868, 0.11336561292409897, 0.11405494809150696, 0.11333790421485901, 0.11319267004728317, 0.11364783346652985, 0.11331082880496979, 0.11312077939510345, 0.11377734690904617, 0.11302623897790909, 0.11218082904815674, 0.11296861618757248, 0.11299393326044083, 0.11230798810720444, 0.1113353818655014, 0.11449473351240158, 0.11413389444351196, 0.11275310814380646, 0.11270707845687866, 0.11244461685419083, 0.11277859658002853, 0.11224649101495743], "accuracy": [0.7875000238418579, 0.8006521463394165, 0.8459782600402832, 0.9134782552719116, 0.9382608532905579, 0.948369562625885, 0.9520652294158936, 0.9530434608459473, 0.9556521773338318, 0.9571738839149475, 0.9582608938217163, 0.9588043689727783, 0.9583695530891418, 0.9584782719612122, 0.95923912525177, 0.9607608914375305, 0.9589130282402039, 0.9604347944259644, 0.9594565033912659, 0.9598913192749023, 0.960869550704956, 0.9602174162864685, 0.9616304636001587, 0.9594565033912659, 0.9620652198791504, 0.9613043665885925, 0.9610869288444519, 0.9620652198791504, 0.9616304636001587, 0.9620652198791504, 0.9617391228675842, 0.9630434513092041, 0.960869550704956, 0.9616304636001587, 0.960869550704956, 0.9621739387512207, 0.9610869288444519, 0.9626086950302124, 0.9606521725654602, 0.9613043665885925, 0.9621739387512207, 0.9618478417396545, 0.9611956477165222, 0.9621739387512207, 0.9609782695770264, 0.9622825980186462, 0.9634782671928406, 0.9620652198791504, 0.960326075553894, 0.9627174139022827, 0.9629347920417786, 0.9629347920417786, 0.9627174139022827, 0.9646739363670349, 0.9624999761581421, 0.9619565010070801, 0.9624999761581421, 0.9623913168907166, 0.9622825980186462, 0.9639130234718323, 0.9635869860649109, 0.9626086950302124, 0.9636956453323364, 0.9634782671928406, 0.9635869860649109, 0.9631521701812744, 0.9632608890533447, 0.9624999761581421, 0.9641304612159729, 0.9634782671928406, 0.9626086950302124, 0.9631521701812744, 0.9636956453323364, 0.9628260731697083, 0.9623913168907166, 0.9610869288444519, 0.9623913168907166, 0.9639130234718323, 0.9631521701812744, 0.9636956453323364, 0.9629347920417786, 0.9640217423439026, 0.9632608890533447, 0.9641304612159729, 0.9635869860649109, 0.9633695483207703, 0.9629347920417786, 0.9631521701812744, 0.9640217423439026, 0.9649999737739563, 0.9635869860649109, 0.9649999737739563, 0.9639130234718323, 0.9628260731697083, 0.9642391204833984, 0.9632608890533447, 0.9630434513092041, 0.9630434513092041, 0.9629347920417786, 0.9628260731697083], "val_loss": [0.4711683988571167, 0.39528748393058777, 0.28999656438827515, 0.2262810617685318, 0.18950311839580536, 0.1720004379749298, 0.17159824073314667, 0.14975154399871826, 0.14585113525390625, 0.14507806301116943, 0.16223734617233276, 0.14495331048965454, 0.13555923104286194, 0.13512583076953888, 0.13892929255962372, 0.13328607380390167, 0.1327430158853531, 0.1337890625, 0.13652904331684113, 0.13192127645015717, 0.13134440779685974, 0.1318061202764511, 0.13061143457889557, 0.13083182275295258, 0.1312553733587265, 0.131862610578537, 0.1307271122932434, 0.13920427858829498, 0.12931828200817108, 0.1308378279209137, 0.13201308250427246, 0.13005316257476807, 0.13228407502174377, 0.1305522620677948, 0.13285298645496368, 0.1334889531135559, 0.1343766301870346, 0.14635531604290009, 0.12974317371845245, 0.12988664209842682, 0.1443193554878235, 0.12893046438694, 0.13050201535224915, 0.1290157288312912, 0.1301533281803131, 0.13926133513450623, 0.13144861161708832, 0.12970969080924988, 0.1301673799753189, 0.12902596592903137, 0.13175854086875916, 0.12905246019363403, 0.13041487336158752, 0.13247956335544586, 0.12817637622356415, 0.13859345018863678, 0.12919855117797852, 0.13417251408100128, 0.13158296048641205, 0.1281033158302307, 0.12827830016613007, 0.1428106427192688, 0.1283348947763443, 0.12782569229602814, 0.13037097454071045, 0.12875838577747345, 0.1304633915424347, 0.12768003344535828, 0.1347094625234604, 0.1278478056192398, 0.12779201567173004, 0.13193561136722565, 0.12938107550144196, 0.12719659507274628, 0.13370777666568756, 0.14225876331329346, 0.12768207490444183, 0.13124728202819824, 0.12944117188453674, 0.12913239002227783, 0.13712257146835327, 0.12726451456546783, 0.12663689255714417, 0.12649595737457275, 0.12871673703193665, 0.13405142724514008, 0.12817665934562683, 0.12996630370616913, 0.12656545639038086, 0.1263563483953476, 0.12795013189315796, 0.12690916657447815, 0.1449657380580902, 0.1292824000120163, 0.12774814665317535, 0.12741535902023315, 0.1311795860528946, 0.12848761677742004, 0.12542663514614105, 0.12472681701183319],