{"loss": [0.5178824067115784, 0.47591277956962585, 0.4330461323261261, 0.36957934498786926, 0.30168330669403076, 0.2492467761039734, 0.2119653820991516, 0.18753217160701752, 0.17090092599391937, 0.1588522344827652, 0.1517416387796402, 0.1446353942155838, 0.1401727795600891, 0.13645029067993164, 0.13393065333366394, 0.13155603408813477, 0.12960679829120636, 0.12892036139965057, 0.12755344808101654, 0.12900343537330627, 0.1262415200471878, 0.12523934245109558, 0.12369108945131302, 0.1242746114730835, 0.12363553047180176, 0.1218860000371933, 0.12284897267818451, 0.12122484296560287, 0.12216764688491821, 0.12122084945440292, 0.1210726797580719, 0.12055082619190216, 0.12106980383396149, 0.11984293907880783, 0.12137607485055923, 0.11941862851381302, 0.1205083578824997, 0.12038805335760117, 0.11922847479581833, 0.11891715973615646, 0.11921525001525879, 0.11955852806568146, 0.1191626489162445, 0.12089631706476212, 0.11875821650028229, 0.11860048025846481, 0.11833339184522629, 0.1207091361284256, 0.11847493052482605, 0.11778578907251358, 0.11910781264305115, 0.11803609132766724, 0.1186981350183487, 0.11699311435222626, 0.11762655526399612, 0.11866135150194168, 0.11891816556453705, 0.11740654706954956, 0.11773693561553955, 0.1170920580625534, 0.11681102961301804, 0.11655058711767197, 0.11655784398317337, 0.11766008287668228, 0.11646007001399994, 0.11708024889230728, 0.1156071126461029, 0.11611723154783249, 0.11802312731742859, 0.11628680676221848, 0.11613401025533676, 0.11767017841339111, 0.11654649674892426, 0.11548330634832382, 0.11569366604089737, 0.11568233370780945, 0.11614622920751572, 0.11858572065830231, 0.1167197972536087, 0.11595731228590012, 0.11581386625766754, 0.1145363301038742, 0.11621049791574478, 0.11649704724550247, 0.11568574607372284, 0.11551997810602188, 0.11475609987974167, 0.11643549054861069, 0.11461435258388519, 0.11589822173118591, 0.1150750070810318, 0.11478385329246521, 0.11553013324737549, 0.11449351161718369, 0.11474346369504929, 0.114839568734169, 0.11531665176153183, 0.11486703902482986, 0.11498366296291351, 0.11439196020364761], "accuracy": [0.7791304588317871, 0.7997826337814331, 0.7997826337814331, 0.8127173781394958, 0.8727173805236816, 0.9155434966087341, 0.9317391514778137, 0.9415217638015747, 0.9474999904632568, 0.9521738886833191, 0.9520652294158936, 0.9551087021827698, 0.9564130306243896, 0.9573913216590881, 0.9580434560775757, 0.957608699798584, 0.9573913216590881, 0.9567391276359558, 0.9589130282402039, 0.958695650100708, 0.9585869312286377, 0.960326075553894, 0.9594565033912659, 0.9596739411354065, 0.9605434536933899, 0.9605434536933899, 0.9601086974143982, 0.9605434536933899, 0.9605434536933899, 0.9596739411354065, 0.9605434536933899, 0.9615217447280884, 0.9616304636001587, 0.9602174162864685, 0.9616304636001587, 0.9599999785423279, 0.960869550704956, 0.9614130258560181, 0.9613043665885925, 0.9623913168907166, 0.9614130258560181, 0.9607608914375305, 0.9616304636001587, 0.960326075553894, 0.9617391228675842, 0.9619565010070801, 0.9609782695770264, 0.9613043665885925, 0.9623913168907166, 0.9614130258560181, 0.9631521701812744, 0.9622825980186462, 0.9609782695770264, 0.9626086950302124, 0.9620652198791504, 0.9621739387512207, 0.9623913168907166, 0.9622825980186462, 0.9630434513092041, 0.9619565010070801, 0.9619565010070801, 0.9632608890533447, 0.9628260731697083, 0.9623913168907166, 0.9621739387512207, 0.9629347920417786, 0.9624999761581421, 0.9622825980186462, 0.9628260731697083, 0.9624999761581421, 0.9633695483207703, 0.9616304636001587, 0.9622825980186462, 0.9631521701812744, 0.9621739387512207, 0.9626086950302124, 0.9622825980186462, 0.9610869288444519, 0.9628260731697083, 0.9618478417396545, 0.9622825980186462, 0.9628260731697083, 0.9630434513092041, 0.9623913168907166, 0.9623913168907166, 0.9634782671928406, 0.9636956453323364, 0.9631521701812744, 0.9633695483207703, 0.9628260731697083, 0.9631521701812744, 0.9633695483207703, 0.9629347920417786, 0.9638043642044067, 0.9631521701812744, 0.9631521701812744, 0.9622825980186462, 0.9627174139022827, 0.9640217423439026, 0.9632608890533447], "val_loss": [0.4865526258945465, 0.45928072929382324, 0.4054887890815735, 0.33877646923065186, 0.27563679218292236, 0.23314282298088074, 0.20351247489452362, 0.19525554776191711, 0.17110450565814972, 0.16507230699062347, 0.15527178347110748, 0.1506844311952591, 0.1457705795764923, 0.14708904922008514, 0.1410866528749466, 0.1398518681526184, 0.13761499524116516, 0.13624010980129242, 0.13765263557434082, 0.13551752269268036, 0.13714896142482758, 0.13643108308315277, 0.13414371013641357, 0.1328984797000885, 0.13290935754776, 0.1327449530363083, 0.13164064288139343, 0.13223797082901, 0.1311870664358139, 0.13153991103172302, 0.1310306191444397, 0.13249658048152924, 0.14003078639507294, 0.13009093701839447, 0.12984131276607513, 0.13476717472076416, 0.13407215476036072, 0.13289384543895721, 0.13016773760318756, 0.13208918273448944, 0.130125030875206, 0.1297636181116104, 0.12940752506256104, 0.14547228813171387, 0.12995755672454834, 0.12876330316066742, 0.12945353984832764, 0.13131706416606903, 0.1311168521642685, 0.1298498809337616, 0.13010865449905396, 0.14168734848499298, 0.12955091893672943, 0.1354566365480423, 0.1333620846271515, 0.13101719319820404, 0.13022923469543457, 0.13120359182357788, 0.13069719076156616, 0.12976165115833282, 0.12913575768470764, 0.12893110513687134, 0.13157127797603607, 0.12997592985630035, 0.12977533042430878, 0.13079124689102173, 0.12967176735401154, 0.1288580298423767, 0.14581890404224396, 0.12969140708446503, 0.1305210143327713, 0.1303764283657074, 0.12883882224559784, 0.12842321395874023, 0.13343298435211182, 0.13009127974510193, 0.12931914627552032, 0.12912024557590485, 0.12965182960033417, 0.12877902388572693, 0.14349237084388733, 0.12853597104549408, 0.12767843902111053, 0.12769150733947754, 0.12912650406360626, 0.12808574736118317, 0.13954861462116241, 0.12913016974925995, 0.12872090935707092, 0.13064123690128326, 0.13032057881355286, 0.12880085408687592, 0.1287575364112854, 0.12814000248908997, 0.12810289859771729, 0.13892030715942383, 0.13828985393047333, 0.1295011043548584, 0.12970873713493347, 0.12850360572338104],