{"loss": [0.48067155480384827, 0.3752688765525818, 0.2586548328399658, 0.1932464987039566, 0.16570265591144562, 0.14822320640087128, 0.14049910008907318, 0.13634712994098663, 0.1310197114944458, 0.12994816899299622, 0.1283981055021286, 0.1250029355287552, 0.12939836084842682, 0.123912513256073, 0.12475300580263138, 0.1241452693939209, 0.12406747788190842, 0.12275087833404541, 0.12037794291973114, 0.12079892307519913, 0.12116128951311111, 0.12283939868211746, 0.12134650349617004, 0.12212089449167252, 0.12145981192588806, 0.11936245858669281, 0.120505690574646, 0.12076572328805923, 0.12011972069740295, 0.12064220756292343, 0.12062225490808487, 0.11935640871524811, 0.12099727243185043, 0.1194351464509964, 0.12103032320737839, 0.11936678737401962, 0.11920792609453201, 0.11947749555110931, 0.12076656520366669, 0.11977728456258774, 0.11866950988769531, 0.12007297575473785, 0.1177731305360794, 0.11931481212377548, 0.12078529596328735, 0.11819495260715485, 0.11885633319616318, 0.11908616870641708, 0.11972922831773758, 0.11980435252189636, 0.11805275082588196, 0.11923367530107498, 0.1189599335193634, 0.12075530737638474, 0.11743316799402237, 0.1193636953830719, 0.11632145196199417, 0.11822906136512756, 0.1177433580160141, 0.11695003509521484, 0.11698607355356216, 0.1175512969493866, 0.1170591413974762, 0.1193055808544159, 0.11576994508504868, 0.11761258542537689, 0.11861307919025421, 0.11740397661924362, 0.11715108901262283, 0.11725468933582306, 0.11735159158706665, 0.11753644794225693, 0.11642584949731827, 0.11837547272443771, 0.11634986102581024, 0.11707205325365067, 0.11907262355089188, 0.11731400340795517, 0.11669974774122238, 0.11590015888214111, 0.11902687698602676, 0.11647015064954758, 0.11613152176141739, 0.11732234805822372, 0.11764258146286011, 0.11881568282842636, 0.11623471230268478, 0.11592897027730942, 0.11556918919086456, 0.11667823046445847, 0.11666075140237808, 0.11915569752454758, 0.11635474115610123, 0.11648029834032059, 0.11706893146038055, 0.115396648645401, 0.11675544083118439, 0.11718761920928955, 0.11684176325798035, 0.11766735464334488], "accuracy": [0.7956521511077881, 0.8196738958358765, 0.9064130187034607, 0.9418478012084961, 0.9498913288116455, 0.9551087021827698, 0.95652174949646, 0.95652174949646, 0.9585869312286377, 0.9583695530891418, 0.9595652222633362, 0.9591304063796997, 0.9591304063796997, 0.9595652222633362, 0.9604347944259644, 0.9601086974143982, 0.9585869312286377, 0.9617391228675842, 0.9614130258560181, 0.9617391228675842, 0.9609782695770264, 0.9595652222633362, 0.9607608914375305, 0.9601086974143982, 0.9605434536933899, 0.9606521725654602, 0.9616304636001587, 0.9615217447280884, 0.9618478417396545, 0.959782600402832, 0.9630434513092041, 0.9614130258560181, 0.9601086974143982, 0.9618478417396545, 0.9598913192749023, 0.9610869288444519, 0.9632608890533447, 0.9609782695770264, 0.9617391228675842, 0.960869550704956, 0.9613043665885925, 0.9613043665885925, 0.9630434513092041, 0.9615217447280884, 0.9609782695770264, 0.9626086950302124, 0.9624999761581421, 0.9617391228675842, 0.9609782695770264, 0.9618478417396545, 0.9624999761581421, 0.9622825980186462, 0.9624999761581421, 0.9615217447280884, 0.9619565010070801, 0.960869550704956, 0.9632608890533447, 0.9609782695770264, 0.9621739387512207, 0.9622825980186462, 0.9618478417396545, 0.9626086950302124, 0.9630434513092041, 0.9616304636001587, 0.9631521701812744, 0.9615217447280884, 0.9622825980186462, 0.9647825956344604, 0.9631521701812744, 0.9616304636001587, 0.9630434513092041, 0.9621739387512207, 0.9623913168907166, 0.9621739387512207, 0.9626086950302124, 0.9620652198791504, 0.9604347944259644, 0.9624999761581421, 0.9624999761581421, 0.9626086950302124, 0.9624999761581421, 0.9630434513092041, 0.9617391228675842, 0.9633695483207703, 0.9615217447280884, 0.960869550704956, 0.9626086950302124, 0.9626086950302124, 0.9626086950302124, 0.9623913168907166, 0.9621739387512207, 0.9609782695770264, 0.9620652198791504, 0.9631521701812744, 0.9619565010070801, 0.9624999761581421, 0.9614130258560181, 0.9613043665885925, 0.9609782695770264, 0.9614130258560181], "val_loss": [0.4377378821372986, 0.31680548191070557, 0.2291383296251297, 0.18273425102233887, 0.16379624605178833, 0.1501581072807312, 0.1469832956790924, 0.14075611531734467, 0.13740772008895874, 0.136697918176651, 0.1428573876619339, 0.14260560274124146, 0.13334093987941742, 0.13423040509223938, 0.13313794136047363, 0.1351429671049118, 0.13298346102237701, 0.13328810036182404, 0.1321256011724472, 0.13213439285755157, 0.13401687145233154, 0.13277044892311096, 0.13345177471637726, 0.13617685437202454, 0.13232307136058807, 0.1309373676776886, 0.14984484016895294, 0.139084592461586, 0.13168860971927643, 0.16973884403705597, 0.14155986905097961, 0.13157962262630463, 0.13382308185100555, 0.14017991721630096, 0.13325200974941254, 0.13253994286060333, 0.13116413354873657, 0.13232025504112244, 0.1315869688987732, 0.1348259598016739, 0.13214705884456635, 0.13271653652191162, 0.13196662068367004, 0.1498684585094452, 0.13379381597042084, 0.13140837848186493, 0.13838490843772888, 0.13323822617530823, 0.13311494886875153, 0.1313553899526596, 0.13300909101963043, 0.13127213716506958, 0.14590762555599213, 0.13171376287937164, 0.13305900990962982, 0.1328524649143219, 0.13263291120529175, 0.13523687422275543, 0.131147101521492, 0.13367636501789093, 0.1384597271680832, 0.1309577077627182, 0.13250531256198883, 0.13163626194000244, 0.13681438565254211, 0.13340888917446136, 0.13413049280643463, 0.1312483847141266, 0.15548624098300934, 0.13183514773845673, 0.13113661110401154, 0.13189710676670074, 0.13180983066558838, 0.13132843375205994, 0.1349889039993286, 0.13155406713485718, 0.13181395828723907, 0.1382465660572052, 0.13254070281982422, 0.1312118023633957, 0.13654401898384094, 0.1359175443649292, 0.13336478173732758, 0.13096396625041962, 0.13112398982048035, 0.14174573123455048, 0.1348133385181427, 0.13752077519893646, 0.14109967648983002, 0.13313370943069458, 0.1311601996421814, 0.15806810557842255, 0.13392572104930878, 0.1320677399635315, 0.1303907334804535, 0.1459254026412964, 0.13134491443634033, 0.1300399750471115, 0.13866263628005981, 0.13087494671344757],