{"loss": [0.47727155685424805, 0.35459989309310913, 0.23210789263248444, 0.17654788494110107, 0.1527581661939621, 0.14242753386497498, 0.13538144528865814, 0.1329684555530548, 0.13050678372383118, 0.12709881365299225, 0.12533672153949738, 0.12768493592739105, 0.12668167054653168, 0.1251715123653412, 0.12459839880466461, 0.12439627945423126, 0.12446974962949753, 0.12271204590797424, 0.1257322132587433, 0.12326434254646301, 0.12274479120969772, 0.12169753015041351, 0.12223967164754868, 0.12341731786727905, 0.1223246306180954, 0.1210387796163559, 0.12070019543170929, 0.11993219703435898, 0.12088587135076523, 0.12302690744400024, 0.12356747686862946, 0.1198878139257431, 0.11955326050519943, 0.1224074512720108, 0.12144267559051514, 0.12091285735368729, 0.1221410483121872, 0.12117184698581696, 0.12151256948709488, 0.11968520283699036, 0.11940838396549225, 0.12095379084348679, 0.11891050636768341, 0.12061872333288193, 0.11894333362579346, 0.12020129710435867, 0.12038924545049667, 0.12075736373662949, 0.11850384622812271, 0.11914969980716705, 0.11821398884057999, 0.1171436756849289, 0.11977821588516235, 0.11969649791717529, 0.11787961423397064, 0.11922863870859146, 0.11930505186319351, 0.11882343888282776, 0.11702430993318558, 0.11658666282892227, 0.1202981024980545, 0.11660713702440262, 0.11878375709056854, 0.11920033395290375, 0.11824128776788712, 0.1168912947177887, 0.11738090217113495, 0.1180434376001358, 0.11808357387781143, 0.11749429255723953, 0.11660923063755035, 0.1163913905620575, 0.11668681353330612, 0.11716785281896591, 0.11604300141334534, 0.11587385088205338, 0.11883383244276047, 0.11744245141744614, 0.11723548173904419, 0.11555852741003036, 0.11591502279043198, 0.11825386434793472, 0.11579304933547974, 0.11514705419540405, 0.11725633591413498, 0.11460230499505997, 0.11638612300157547, 0.11565028876066208, 0.11393231153488159, 0.1142842024564743, 0.11502730846405029, 0.11569897085428238, 0.11905986070632935, 0.11470165848731995, 0.11524920910596848, 0.1149037629365921, 0.11568167060613632, 0.11585211753845215, 0.1144980788230896, 0.11441327631473541], "accuracy": [0.7997826337814331, 0.8373913168907166, 0.9215217232704163, 0.9470652341842651, 0.9523913264274597, 0.955978274345398, 0.9573913216590881, 0.9583695530891418, 0.958152174949646, 0.9590217471122742, 0.9589130282402039, 0.9598913192749023, 0.9601086974143982, 0.960326075553894, 0.9605434536933899, 0.9594565033912659, 0.9601086974143982, 0.9616304636001587, 0.9589130282402039, 0.9605434536933899, 0.9602174162864685, 0.959782600402832, 0.960869550704956, 0.9609782695770264, 0.9619565010070801, 0.9618478417396545, 0.9627174139022827, 0.9611956477165222, 0.9602174162864685, 0.9609782695770264, 0.9596739411354065, 0.9610869288444519, 0.9623913168907166, 0.960869550704956, 0.9614130258560181, 0.9622825980186462, 0.9604347944259644, 0.9606521725654602, 0.9627174139022827, 0.9614130258560181, 0.9614130258560181, 0.9620652198791504, 0.9623913168907166, 0.9604347944259644, 0.9622825980186462, 0.9611956477165222, 0.9618478417396545, 0.9607608914375305, 0.9616304636001587, 0.960326075553894, 0.9621739387512207, 0.9623913168907166, 0.9614130258560181, 0.9609782695770264, 0.9617391228675842, 0.9618478417396545, 0.9611956477165222, 0.9624999761581421, 0.9623913168907166, 0.9634782671928406, 0.9620652198791504, 0.9639130234718323, 0.960869550704956, 0.9604347944259644, 0.9614130258560181, 0.9619565010070801, 0.9643478393554688, 0.9617391228675842, 0.9614130258560181, 0.9628260731697083, 0.9636956453323364, 0.9628260731697083, 0.9632608890533447, 0.9627174139022827, 0.9624999761581421, 0.9632608890533447, 0.9613043665885925, 0.9611956477165222, 0.9619565010070801, 0.9628260731697083, 0.9633695483207703, 0.9619565010070801, 0.9618478417396545, 0.9641304612159729, 0.9622825980186462, 0.9624999761581421, 0.9611956477165222, 0.9616304636001587, 0.9642391204833984, 0.9639130234718323, 0.9643478393554688, 0.9636956453323364, 0.9615217447280884, 0.9644564986228943, 0.9631521701812744, 0.9632608890533447, 0.9633695483207703, 0.9623913168907166, 0.9629347920417786, 0.9633695483207703], "val_loss": [0.43552181124687195, 0.2802186906337738, 0.2024344652891159, 0.18173149228096008, 0.1538887619972229, 0.14847078919410706, 0.1403019279241562, 0.1411055624485016, 0.13622114062309265, 0.14356179535388947, 0.13880974054336548, 0.13402202725410461, 0.13886529207229614, 0.1347452849149704, 0.1329849660396576, 0.1462816745042801, 0.1335255354642868, 0.13244812190532684, 0.13214705884456635, 0.1321008950471878, 0.1337168961763382, 0.1330140382051468, 0.13218124210834503, 0.13215284049510956, 0.13649359345436096, 0.13355930149555206, 0.13855603337287903, 0.1353805512189865, 0.1468290388584137, 0.13917197287082672, 0.13278082013130188, 0.13253001868724823, 0.1400863230228424, 0.13420352339744568, 0.13362590968608856, 0.1323511153459549, 0.13929197192192078, 0.14093349874019623, 0.1323224902153015, 0.14309215545654297, 0.13219882547855377, 0.131280317902565, 0.13413158059120178, 0.1336899995803833, 0.1356494128704071, 0.13636739552021027, 0.13430418074131012, 0.14595575630664825, 0.1321677267551422, 0.1380806863307953, 0.1317315399646759, 0.13331663608551025, 0.1495971530675888, 0.18506072461605072, 0.13520599901676178, 0.13207346200942993, 0.13301073014736176, 0.13529767096042633, 0.13615866005420685, 0.13243895769119263, 0.132961243391037, 0.13072961568832397, 0.14194552600383759, 0.13177280128002167, 0.13367120921611786, 0.13575968146324158, 0.13233375549316406, 0.13792547583580017, 0.13182072341442108, 0.1299247443675995, 0.13184601068496704, 0.1298167109489441, 0.13637325167655945, 0.1288941353559494, 0.14089256525039673, 0.13083980977535248, 0.14801821112632751, 0.14369256794452667, 0.1310744732618332, 0.12921495735645294, 0.13707412779331207, 0.1376143991947174, 0.14529217779636383, 0.1298363208770752, 0.1295662373304367, 0.1373443901538849, 0.13827235996723175, 0.14722980558872223, 0.13309848308563232, 0.12856853008270264, 0.14081081748008728, 0.12763865292072296, 0.12860508263111115, 0.1281139850616455, 0.1318347454071045, 0.13330410420894623, 0.13042111694812775, 0.1280655562877655, 0.12793421745300293, 0.12800726294517517],