{"loss": [0.4958728551864624, 0.4655773937702179, 0.40778839588165283, 0.3268377482891083, 0.25965815782546997, 0.21578402817249298, 0.18813669681549072, 0.16898198425769806, 0.15814179182052612, 0.14864645898342133, 0.14321713149547577, 0.13930335640907288, 0.13555899262428284, 0.1327330768108368, 0.13151676952838898, 0.129271000623703, 0.1284826099872589, 0.12925030291080475, 0.12696008384227753, 0.1248476654291153, 0.12495557963848114, 0.1241873949766159, 0.12564383447170258, 0.12413275986909866, 0.12311671674251556, 0.12265089154243469, 0.12192836403846741, 0.12184976041316986, 0.12288454920053482, 0.12148366123437881, 0.12152113020420074, 0.12038812786340714, 0.12108724564313889, 0.12133125960826874, 0.12082938849925995, 0.12119138985872269, 0.12050116807222366, 0.12031849473714828, 0.11979234963655472, 0.1202155351638794, 0.11906502395868301, 0.1196327656507492, 0.11974430084228516, 0.1185489147901535, 0.11927942931652069, 0.11950451135635376, 0.11943039298057556, 0.11824171245098114, 0.11874646693468094, 0.11963101476430893, 0.11833050101995468, 0.11852680891752243, 0.1181068867444992, 0.1189860850572586, 0.11717856675386429, 0.11736305803060532, 0.11849367618560791, 0.11810020357370377, 0.11691833287477493, 0.1178145557641983, 0.11785788089036942, 0.11776310205459595, 0.11859878152608871, 0.12050577998161316, 0.11752229183912277, 0.11888089030981064, 0.11757154017686844, 0.11797244846820831, 0.11830051243305206, 0.11722909659147263, 0.11900947988033295, 0.11792265623807907, 0.11579400300979614, 0.11780216544866562, 0.11667046695947647, 0.11615847051143646, 0.11814343184232712, 0.11709817498922348, 0.11781715601682663, 0.11637039482593536, 0.116580531001091, 0.11634302884340286, 0.11669076979160309, 0.11822684854269028, 0.11610371619462967, 0.11682099848985672, 0.11753612011671066, 0.11666198819875717, 0.11687278747558594, 0.11785338073968887, 0.11618762463331223, 0.11657529324293137, 0.11715256422758102, 0.11802100390195847, 0.11684217303991318, 0.1175699383020401, 0.11712229996919632, 0.1164756715297699, 0.11658439040184021, 0.11627839505672455], "accuracy": [0.7997826337814331, 0.7997826337814331, 0.800543487071991, 0.8475000262260437, 0.9066304564476013, 0.9309782385826111, 0.9427173733711243, 0.9484782814979553, 0.9523913264274597, 0.9554347991943359, 0.9552174210548401, 0.9553260803222656, 0.957065224647522, 0.957065224647522, 0.9585869312286377, 0.9583695530891418, 0.9591304063796997, 0.9594565033912659, 0.9594565033912659, 0.9593478441238403, 0.9606521725654602, 0.9605434536933899, 0.9599999785423279, 0.9601086974143982, 0.960869550704956, 0.9609782695770264, 0.9617391228675842, 0.960869550704956, 0.9606521725654602, 0.9601086974143982, 0.960326075553894, 0.9614130258560181, 0.9609782695770264, 0.9616304636001587, 0.9614130258560181, 0.9611956477165222, 0.9614130258560181, 0.9622825980186462, 0.9622825980186462, 0.9609782695770264, 0.9624999761581421, 0.9620652198791504, 0.9621739387512207, 0.9611956477165222, 0.9610869288444519, 0.9615217447280884, 0.9617391228675842, 0.9620652198791504, 0.9620652198791504, 0.9605434536933899, 0.9627174139022827, 0.9611956477165222, 0.9629347920417786, 0.9617391228675842, 0.9632608890533447, 0.9626086950302124, 0.9622825980186462, 0.9613043665885925, 0.9638043642044067, 0.9628260731697083, 0.9614130258560181, 0.9611956477165222, 0.9616304636001587, 0.9613043665885925, 0.9624999761581421, 0.9623913168907166, 0.9614130258560181, 0.9632608890533447, 0.9626086950302124, 0.9619565010070801, 0.9613043665885925, 0.9629347920417786, 0.9630434513092041, 0.9623913168907166, 0.9615217447280884, 0.9624999761581421, 0.9613043665885925, 0.9631521701812744, 0.9624999761581421, 0.9632608890533447, 0.9639130234718323, 0.9623913168907166, 0.9624999761581421, 0.9624999761581421, 0.9631521701812744, 0.9626086950302124, 0.9616304636001587, 0.9622825980186462, 0.9620652198791504, 0.9631521701812744, 0.9633695483207703, 0.9629347920417786, 0.9634782671928406, 0.9618478417396545, 0.9621739387512207, 0.9627174139022827, 0.9617391228675842, 0.9621739387512207, 0.9617391228675842, 0.9629347920417786], "val_loss": [0.4819146692752838, 0.4437149167060852, 0.36713114380836487, 0.29299336671829224, 0.24136482179164886, 0.2046314924955368, 0.18518847227096558, 0.17384150624275208, 0.1618298590183258, 0.15339452028274536, 0.1486109495162964, 0.1452820748090744, 0.14296109974384308, 0.14652438461780548, 0.14148634672164917, 0.13812237977981567, 0.1482694447040558, 0.1358233541250229, 0.13548795878887177, 0.1359478086233139, 0.1362660527229309, 0.13392263650894165, 0.13778455555438995, 0.13853850960731506, 0.13313937187194824, 0.13518767058849335, 0.13564488291740417, 0.14206397533416748, 0.14079460501670837, 0.1379743367433548, 0.13215726613998413, 0.13636131584644318, 0.13189564645290375, 0.13377045094966888, 0.13197104632854462, 0.13188616931438446, 0.13651926815509796, 0.13546140491962433, 0.13518759608268738, 0.13139963150024414, 0.13708928227424622, 0.13189198076725006, 0.13509505987167358, 0.13476909697055817, 0.13152310252189636, 0.1306479573249817, 0.1320371925830841, 0.13058602809906006, 0.1449689269065857, 0.13158255815505981, 0.13693122565746307, 0.1477247029542923, 0.1446426957845688, 0.13393904268741608, 0.13053157925605774, 0.13652898371219635, 0.1310080587863922, 0.13109329342842102, 0.132061168551445, 0.13124093413352966, 0.13268950581550598, 0.13643841445446014, 0.14095298945903778, 0.13251551985740662, 0.13134317100048065, 0.13130629062652588, 0.1333991289138794, 0.13068608939647675, 0.13311800360679626, 0.13114556670188904, 0.13072431087493896, 0.13984178006649017, 0.13315849006175995, 0.1335766762495041, 0.13242775201797485, 0.1319582462310791, 0.13110433518886566, 0.13082201778888702, 0.13020353019237518, 0.13109979033470154, 0.131577268242836, 0.131473571062088, 0.14166082441806793, 0.13002029061317444, 0.1307273507118225, 0.13766872882843018, 0.13093528151512146, 0.1314106434583664, 0.1313282698392868, 0.1389651894569397, 0.13543927669525146, 0.13073697686195374, 0.12992525100708008, 0.1315070390701294, 0.14231325685977936, 0.1350099891424179, 0.13093462586402893, 0.12984487414360046, 0.1341792792081833, 0.13098493218421936],