{"loss": [0.501933753490448, 0.44832906126976013, 0.36508697271347046, 0.2813190817832947, 0.22341780364513397, 0.18809457123279572, 0.1672872006893158, 0.1544273942708969, 0.14660601317882538, 0.13953812420368195, 0.1353437304496765, 0.13314345479011536, 0.1297117918729782, 0.1277708113193512, 0.1291550099849701, 0.12543800473213196, 0.12564854323863983, 0.12295360863208771, 0.12388945370912552, 0.12241263687610626, 0.1221713274717331, 0.12385369092226028, 0.12166838347911835, 0.12184993922710419, 0.12114362418651581, 0.12045662105083466, 0.1207093596458435, 0.12012405693531036, 0.12047792226076126, 0.12212115526199341, 0.12090080976486206, 0.11968006938695908, 0.11903544515371323, 0.12090208381414413, 0.12027370184659958, 0.11893922090530396, 0.11858364194631577, 0.11897208541631699, 0.1202528178691864, 0.11817747354507446, 0.11810413002967834, 0.119203120470047, 0.11865677684545517, 0.11908614635467529, 0.11794213205575943, 0.11772170662879944, 0.11846006661653519, 0.11718160659074783, 0.11754781007766724, 0.11774023622274399, 0.11772255599498749, 0.11859489232301712, 0.11742895841598511, 0.12024387717247009, 0.11840261518955231, 0.11727327108383179, 0.11753907799720764, 0.11748383939266205, 0.11745036393404007, 0.11663749068975449, 0.11840368062257767, 0.11624281853437424, 0.11630405485630035, 0.11700575798749924, 0.11707300692796707, 0.11770889908075333, 0.11717835813760757, 0.11708726733922958, 0.11818596720695496, 0.11645329743623734, 0.11601417511701584, 0.11840908974409103, 0.11780434101819992, 0.11578591912984848, 0.11702396720647812, 0.11476551741361618, 0.11496002227067947, 0.1161365807056427, 0.11570173501968384, 0.1161879152059555, 0.11645035445690155, 0.11585502326488495, 0.11488805711269379, 0.11657442897558212, 0.11546816676855087, 0.11511320620775223, 0.11514002084732056, 0.11656425148248672, 0.11523117870092392, 0.11552251130342484, 0.1154327392578125, 0.11399243026971817, 0.11574513465166092, 0.1148601770401001, 0.11477995663881302, 0.1142895370721817, 0.11434054374694824, 0.11432105302810669, 0.11516227573156357, 0.11358732730150223], "accuracy": [0.7997826337814331, 0.7997826337814331, 0.8201087117195129, 0.8920652270317078, 0.926086962223053, 0.9421738982200623, 0.9497826099395752, 0.9540217518806458, 0.9544565081596375, 0.9549999833106995, 0.9567391276359558, 0.9578260779380798, 0.958152174949646, 0.9588043689727783, 0.9580434560775757, 0.9601086974143982, 0.9602174162864685, 0.960326075553894, 0.9595652222633362, 0.9606521725654602, 0.960326075553894, 0.9598913192749023, 0.9606521725654602, 0.9620652198791504, 0.9609782695770264, 0.9611956477165222, 0.959782600402832, 0.9607608914375305, 0.9615217447280884, 0.9606521725654602, 0.9605434536933899, 0.9619565010070801, 0.9609782695770264, 0.9607608914375305, 0.9615217447280884, 0.9616304636001587, 0.9619565010070801, 0.9616304636001587, 0.9596739411354065, 0.9621739387512207, 0.9620652198791504, 0.9611956477165222, 0.9616304636001587, 0.9619565010070801, 0.9610869288444519, 0.9619565010070801, 0.9615217447280884, 0.9620652198791504, 0.9622825980186462, 0.9622825980186462, 0.9619565010070801, 0.9618478417396545, 0.9614130258560181, 0.9589130282402039, 0.960869550704956, 0.9616304636001587, 0.9624999761581421, 0.9606521725654602, 0.9620652198791504, 0.9632608890533447, 0.9614130258560181, 0.9624999761581421, 0.9622825980186462, 0.9623913168907166, 0.9618478417396545, 0.9618478417396545, 0.9620652198791504, 0.9618478417396545, 0.9601086974143982, 0.9623913168907166, 0.9632608890533447, 0.9609782695770264, 0.9618478417396545, 0.9624999761581421, 0.9626086950302124, 0.9639130234718323, 0.9626086950302124, 0.9623913168907166, 0.9633695483207703, 0.9629347920417786, 0.9620652198791504, 0.9620652198791504, 0.9629347920417786, 0.9617391228675842, 0.9629347920417786, 0.9629347920417786, 0.9627174139022827, 0.9626086950302124, 0.9630434513092041, 0.9619565010070801, 0.9622825980186462, 0.9630434513092041, 0.9631521701812744, 0.9622825980186462, 0.9624999761581421, 0.9626086950302124, 0.9631521701812744, 0.9626086950302124, 0.9623913168907166, 0.9651086926460266], "val_loss": [0.47661715745925903, 0.41134005784988403, 0.3221534490585327, 0.2579911947250366, 0.21249470114707947, 0.1825226992368698, 0.1673823595046997, 0.15738919377326965, 0.1493665874004364, 0.14756819605827332, 0.14305844902992249, 0.14758698642253876, 0.13781560957431793, 0.13591893017292023, 0.1349634826183319, 0.14042095839977264, 0.13789227604866028, 0.13433855772018433, 0.1446189433336258, 0.13239334523677826, 0.13335663080215454, 0.13176482915878296, 0.13219976425170898, 0.13485383987426758, 0.13100507855415344, 0.13116459548473358, 0.13581688702106476, 0.13108012080192566, 0.1346062868833542, 0.13035516440868378, 0.13360236585140228, 0.13068172335624695, 0.13066667318344116, 0.12983331084251404, 0.13764584064483643, 0.1318424642086029, 0.1308634728193283, 0.13029946386814117, 0.12969256937503815, 0.1306333839893341, 0.1300249695777893, 0.1304883509874344, 0.13059987127780914, 0.13126936554908752, 0.12990562617778778, 0.13605909049510956, 0.13216465711593628, 0.1302262544631958, 0.13088305294513702, 0.1309920698404312, 0.13106751441955566, 0.13119065761566162, 0.13540606200695038, 0.1339530199766159, 0.1372593343257904, 0.1636853963136673, 0.13435521721839905, 0.13370782136917114, 0.1309489905834198, 0.12987588346004486, 0.13058677315711975, 0.1298150271177292, 0.1313442587852478, 0.12949848175048828, 0.1318047195672989, 0.13084885478019714, 0.1467859447002411, 0.1381579488515854, 0.12977661192417145, 0.13011662662029266, 0.13681069016456604, 0.13554629683494568, 0.12953177094459534, 0.1307036131620407, 0.13181306421756744, 0.13484221696853638, 0.12911483645439148, 0.13200895488262177, 0.12924470007419586, 0.12858058512210846, 0.12873758375644684, 0.1370963603258133, 0.13664312660694122, 0.130252867937088, 0.12971146404743195, 0.1285654753446579, 0.1310187131166458, 0.12952928245067596, 0.13673731684684753, 0.12967050075531006, 0.13988597691059113, 0.1297234743833542, 0.1297231912612915, 0.1441536694765091, 0.12883906066417694, 0.1303255409002304, 0.1277679055929184, 0.1305050402879715, 0.1307096630334854, 0.14011813700199127],