{"loss": [0.6614435911178589, 0.596351146697998, 0.5546150803565979, 0.4882933497428894, 0.45994049310684204, 0.4366282820701599, 0.41105106472969055, 0.3845226764678955, 0.3567570149898529, 0.3306123614311218, 0.3057096600532532, 0.28290435671806335, 0.2625371515750885, 0.24458047747612, 0.22851844131946564, 0.21490684151649475, 0.2030005007982254, 0.19274497032165527, 0.18386797606945038, 0.17627744376659393, 0.16946758329868317, 0.16398558020591736, 0.15915898978710175, 0.15463225543498993, 0.15084949135780334, 0.14751029014587402, 0.14475393295288086, 0.14212006330490112, 0.1396532505750656, 0.13768523931503296, 0.13629558682441711, 0.1342543363571167, 0.13307157158851624, 0.13131873309612274, 0.13017340004444122, 0.12959976494312286, 0.12848524749279022, 0.12755893170833588, 0.1272793412208557, 0.1263788640499115, 0.12542882561683655, 0.12475130707025528, 0.12456019967794418, 0.12409602850675583, 0.12328343838453293, 0.12340191751718521, 0.12271427363157272, 0.12236114591360092, 0.12173089385032654, 0.12121668457984924, 0.12175856530666351, 0.12124219536781311, 0.12037334591150284, 0.12131350487470627, 0.11969874054193497, 0.11992351710796356, 0.11960901319980621, 0.12001200765371323, 0.11928753554821014, 0.11997680366039276, 0.11891764402389526, 0.11830835789442062, 0.118740513920784, 0.11865124106407166, 0.11815124750137329, 0.11829975992441177, 0.11829417198896408, 0.11794498562812805, 0.1181921660900116, 0.11822234839200974, 0.11800510436296463, 0.11754752695560455, 0.11738824099302292, 0.11745552718639374, 0.11763476580381393, 0.11683998256921768, 0.11750581115484238, 0.11677958816289902, 0.11749210208654404, 0.11673527210950851, 0.11699622124433517, 0.11606908589601517, 0.11629824340343475, 0.1169852763414383, 0.11618177592754364, 0.11611044406890869, 0.11633648723363876, 0.11641057580709457, 0.11586610227823257, 0.11600302159786224, 0.11640319973230362, 0.11621303111314774, 0.11642002314329147, 0.1160799115896225, 0.11563650518655777, 0.1156352311372757, 0.11560072004795074, 0.11561344563961029, 0.11526750773191452, 0.11605323851108551], "accuracy": [0.741847813129425, 0.7997826337814331, 0.7997826337814331, 0.7997826337814331, 0.7997826337814331, 0.7997826337814331, 0.7997826337814331, 0.8017391562461853, 0.8102173805236816, 0.8349999785423279, 0.8629347681999207, 0.8881521821022034, 0.9061956405639648, 0.9159782528877258, 0.9251086711883545, 0.9317391514778137, 0.9378260970115662, 0.9415217638015747, 0.9442391395568848, 0.9465217590332031, 0.9476087093353271, 0.9501087069511414, 0.9511956572532654, 0.9517391324043274, 0.9526087045669556, 0.9544565081596375, 0.9555434584617615, 0.9558695554733276, 0.95652174949646, 0.9563043713569641, 0.9560869336128235, 0.9563043713569641, 0.9567391276359558, 0.9577174186706543, 0.9588043689727783, 0.9590217471122742, 0.9579347968101501, 0.9585869312286377, 0.958695650100708, 0.958152174949646, 0.9584782719612122, 0.9589130282402039, 0.95923912525177, 0.9593478441238403, 0.959782600402832, 0.9591304063796997, 0.9594565033912659, 0.9596739411354065, 0.9595652222633362, 0.960326075553894, 0.95923912525177, 0.960326075553894, 0.9609782695770264, 0.9609782695770264, 0.960326075553894, 0.9605434536933899, 0.9605434536933899, 0.959782600402832, 0.9607608914375305, 0.9599999785423279, 0.9614130258560181, 0.9618478417396545, 0.960869550704956, 0.9609782695770264, 0.9609782695770264, 0.9604347944259644, 0.9617391228675842, 0.9610869288444519, 0.9613043665885925, 0.960869550704956, 0.9610869288444519, 0.9609782695770264, 0.9617391228675842, 0.960869550704956, 0.9619565010070801, 0.9622825980186462, 0.9615217447280884, 0.9611956477165222, 0.9615217447280884, 0.9616304636001587, 0.9611956477165222, 0.9615217447280884, 0.9616304636001587, 0.9610869288444519, 0.9613043665885925, 0.9618478417396545, 0.9615217447280884, 0.9615217447280884, 0.9614130258560181, 0.9626086950302124, 0.9627174139022827, 0.9611956477165222, 0.9611956477165222, 0.9615217447280884, 0.9621739387512207, 0.9621739387512207, 0.9618478417396545, 0.9620652198791504, 0.9620652198791504, 0.9611956477165222], "val_loss": [0.6221467852592468, 0.5722132921218872, 0.5372083783149719, 0.4695642292499542, 0.4483226537704468, 0.4288664758205414, 0.39834263920783997, 0.3763202726840973, 0.3454003632068634, 0.32199999690055847, 0.29753804206848145, 0.276283323764801, 0.2598956227302551, 0.24167776107788086, 0.22733086347579956, 0.21489538252353668, 0.20451155304908752, 0.1972167193889618, 0.19038575887680054, 0.18085479736328125, 0.1739773154258728, 0.16842259466648102, 0.1642848551273346, 0.16167478263378143, 0.1581300050020218, 0.15437906980514526, 0.1531546711921692, 0.149306058883667, 0.14727255702018738, 0.14729419350624084, 0.14524993300437927, 0.14494551718235016, 0.14173687994480133, 0.14044763147830963, 0.13990196585655212, 0.13825741410255432, 0.13767333328723907, 0.13701651990413666, 0.13923873007297516, 0.13616086542606354, 0.13501468300819397, 0.13463254272937775, 0.13411782681941986, 0.13437634706497192, 0.13337302207946777, 0.13328661024570465, 0.13310468196868896, 0.132715106010437, 0.13492199778556824, 0.1320536881685257, 0.13226653635501862, 0.13157013058662415, 0.1320660412311554, 0.13129597902297974, 0.13111917674541473, 0.1310940682888031, 0.13199619948863983, 0.13081632554531097, 0.13092906773090363, 0.1326313614845276, 0.1308717429637909, 0.13027094304561615, 0.13047242164611816, 0.1383773535490036, 0.13223515450954437, 0.1306232213973999, 0.13004322350025177, 0.13003481924533844, 0.1300840526819229, 0.12989811599254608, 0.12969021499156952, 0.13067449629306793, 0.12970490753650665, 0.12960247695446014, 0.13010531663894653, 0.1314002126455307, 0.13036595284938812, 0.13386724889278412, 0.13052290678024292, 0.12955977022647858, 0.1294737458229065, 0.12940850853919983, 0.12938688695430756, 0.12936700880527496, 0.13140618801116943, 0.13021373748779297, 0.13157132267951965, 0.13042132556438446, 0.13232895731925964, 0.13133947551250458, 0.13000118732452393, 0.13437330722808838, 0.12971369922161102, 0.12963919341564178, 0.13074323534965515, 0.12934881448745728, 0.1324722319841385, 0.12942126393318176, 0.13168343901634216, 0.1314302384853363],