{"loss": [0.5405260324478149, 0.48915335536003113, 0.4631839096546173, 0.4171234667301178, 0.356733500957489, 0.29837584495544434, 0.25002095103263855, 0.21495498716831207, 0.1899167001247406, 0.17373871803283691, 0.16140861809253693, 0.15135730803012848, 0.14547088742256165, 0.1393260359764099, 0.1360802948474884, 0.1327730119228363, 0.13085992634296417, 0.1301545649766922, 0.12953422963619232, 0.12682832777500153, 0.12502312660217285, 0.12444145232439041, 0.12343321740627289, 0.122960165143013, 0.12339918315410614, 0.12248668074607849, 0.12273356318473816, 0.12127847224473953, 0.12159933149814606, 0.12093465030193329, 0.12085290253162384, 0.11866915225982666, 0.12052478641271591, 0.1203608363866806, 0.11992835998535156, 0.11933308839797974, 0.11897224932909012, 0.11855144798755646, 0.11915036290884018, 0.11879182606935501, 0.1187140941619873, 0.117902010679245, 0.11867503076791763, 0.11776319146156311, 0.11812659353017807, 0.11856312304735184, 0.11896239221096039, 0.11816752701997757, 0.1196606457233429, 0.1180315911769867, 0.1186707615852356, 0.11755770444869995, 0.11839427053928375, 0.1183871328830719, 0.11852828413248062, 0.11890270560979843, 0.11704893410205841, 0.11721719801425934, 0.11694096028804779, 0.11746355146169662, 0.11789528280496597, 0.1164533793926239, 0.11660105735063553, 0.11747623980045319, 0.11678837239742279, 0.1164586991071701, 0.11603870242834091, 0.11766962707042694, 0.11700031906366348, 0.11631720513105392, 0.11679831147193909, 0.11664533615112305, 0.11613266915082932, 0.11721540242433548, 0.11532922089099884, 0.11566406488418579, 0.11717855930328369, 0.11566126346588135, 0.11638443917036057, 0.11637213826179504, 0.11604676395654678, 0.11602147668600082, 0.11585626006126404, 0.11615453660488129, 0.11645933985710144, 0.11634542793035507, 0.11565584689378738, 0.11519534885883331, 0.11746185272932053, 0.11520994454622269, 0.11527249217033386, 0.11544961482286453, 0.11504513770341873, 0.11543071269989014, 0.11543085426092148, 0.11655745655298233, 0.11505718529224396, 0.11523208022117615, 0.11557183414697647, 0.11463572829961777], "accuracy": [0.7553260922431946, 0.7997826337814331, 0.7997826337814331, 0.7998912930488586, 0.8190217614173889, 0.873913049697876, 0.9130434989929199, 0.9321739077568054, 0.9415217638015747, 0.9473913311958313, 0.9508695602416992, 0.9539130330085754, 0.9558695554733276, 0.9566304087638855, 0.9578260779380798, 0.9583695530891418, 0.9590217471122742, 0.957608699798584, 0.9578260779380798, 0.958152174949646, 0.9605434536933899, 0.9601086974143982, 0.9601086974143982, 0.9601086974143982, 0.9598913192749023, 0.9594565033912659, 0.9599999785423279, 0.959782600402832, 0.9602174162864685, 0.960326075553894, 0.9593478441238403, 0.9601086974143982, 0.9605434536933899, 0.9615217447280884, 0.9609782695770264, 0.9607608914375305, 0.9615217447280884, 0.9621739387512207, 0.9617391228675842, 0.9610869288444519, 0.9605434536933899, 0.9626086950302124, 0.9617391228675842, 0.9610869288444519, 0.9606521725654602, 0.9614130258560181, 0.9620652198791504, 0.9622825980186462, 0.960326075553894, 0.9619565010070801, 0.9604347944259644, 0.9620652198791504, 0.9606521725654602, 0.9617391228675842, 0.9604347944259644, 0.9609782695770264, 0.9621739387512207, 0.9631521701812744, 0.9611956477165222, 0.9617391228675842, 0.9619565010070801, 0.9618478417396545, 0.9619565010070801, 0.9626086950302124, 0.9623913168907166, 0.9629347920417786, 0.9627174139022827, 0.9613043665885925, 0.9618478417396545, 0.9626086950302124, 0.9627174139022827, 0.9617391228675842, 0.9616304636001587, 0.9621739387512207, 0.9619565010070801, 0.9619565010070801, 0.9619565010070801, 0.9631521701812744, 0.9620652198791504, 0.9628260731697083, 0.9628260731697083, 0.9626086950302124, 0.9623913168907166, 0.9622825980186462, 0.9628260731697083, 0.9620652198791504, 0.9626086950302124, 0.9630434513092041, 0.960869550704956, 0.9620652198791504, 0.9618478417396545, 0.9623913168907166, 0.9622825980186462, 0.9621739387512207, 0.9621739387512207, 0.9624999761581421, 0.9610869288444519, 0.9626086950302124, 0.9620652198791504, 0.9624999761581421], "val_loss": [0.49620237946510315, 0.4781838357448578, 0.44284588098526, 0.38927340507507324, 0.3287159204483032, 0.2803110182285309, 0.2367851436138153, 0.20777179300785065, 0.19199548661708832, 0.17668002843856812, 0.16374723613262177, 0.15814600884914398, 0.15152251720428467, 0.14826764166355133, 0.14362354576587677, 0.1436036229133606, 0.14070965349674225, 0.13780780136585236, 0.13640421628952026, 0.13577279448509216, 0.13845844566822052, 0.1346840262413025, 0.13478803634643555, 0.13302752375602722, 0.13276873528957367, 0.13244789838790894, 0.1333457976579666, 0.13291047513484955, 0.1327814906835556, 0.13183245062828064, 0.13473069667816162, 0.13668176531791687, 0.1327633261680603, 0.13491344451904297, 0.13116270303726196, 0.13184328377246857, 0.1314212679862976, 0.13135871291160583, 0.13175082206726074, 0.13127018511295319, 0.13205170631408691, 0.1436711698770523, 0.1347554326057434, 0.1310672163963318, 0.13451960682868958, 0.13190840184688568, 0.1330363154411316, 0.13810938596725464, 0.1454133838415146, 0.13700655102729797, 0.13156713545322418, 0.13271069526672363, 0.13143929839134216, 0.13159780204296112, 0.14554455876350403, 0.13123038411140442, 0.13132306933403015, 0.13332605361938477, 0.13384124636650085, 0.13191384077072144, 0.13535752892494202, 0.1330467015504837, 0.13115748763084412, 0.1316913217306137, 0.13283762335777283, 0.14021408557891846, 0.137086421251297, 0.13386419415473938, 0.1398700773715973, 0.13136038184165955, 0.13133935630321503, 0.1386251151561737, 0.13152338564395905, 0.1314680427312851, 0.13326016068458557, 0.13115514814853668, 0.13173452019691467, 0.13155114650726318, 0.1322023719549179, 0.13106489181518555, 0.13232861459255219, 0.13197088241577148, 0.13167622685432434, 0.13800115883350372, 0.1311405897140503, 0.13155120611190796, 0.1335621476173401, 0.13889752328395844, 0.1370210498571396, 0.14148615300655365, 0.1318715363740921, 0.13349398970603943, 0.1332571804523468, 0.13408638536930084, 0.1315927505493164, 0.1316545456647873, 0.1410631686449051, 0.13341230154037476, 0.1311209350824356, 0.13422159850597382],