{"loss": [0.5243015289306641, 0.4934985339641571, 0.4685661494731903, 0.42697402834892273, 0.37743061780929565, 0.3251235783100128, 0.2799159288406372, 0.24342995882034302, 0.21576108038425446, 0.1959783136844635, 0.18049870431423187, 0.16896957159042358, 0.16057810187339783, 0.15347282588481903, 0.14831790328025818, 0.1439441293478012, 0.1403646320104599, 0.13795992732048035, 0.13543792068958282, 0.1330832839012146, 0.13182663917541504, 0.13017070293426514, 0.12867379188537598, 0.1276816725730896, 0.1280691772699356, 0.1252378523349762, 0.12541157007217407, 0.1257844716310501, 0.12435129284858704, 0.1237984299659729, 0.1235254555940628, 0.12306287884712219, 0.12262171506881714, 0.12276705354452133, 0.12188202887773514, 0.12110753357410431, 0.12216633558273315, 0.12204998731613159, 0.12116256356239319, 0.1205076277256012, 0.120796337723732, 0.12052448093891144, 0.1200416088104248, 0.12031488865613937, 0.11949465423822403, 0.12016738206148148, 0.11918298900127411, 0.11985265463590622, 0.118467316031456, 0.11866890639066696, 0.11902516335248947, 0.11870386451482773, 0.11849846690893173, 0.11842536926269531, 0.11921180039644241, 0.11956465989351273, 0.11829481273889542, 0.11774913221597672, 0.118414506316185, 0.11832135915756226, 0.11733252555131912, 0.11850274354219437, 0.11742458492517471, 0.11866733431816101, 0.11734078079462051, 0.11795555800199509, 0.11823374778032303, 0.11760616302490234, 0.11675160378217697, 0.11723262816667557, 0.11720535904169083, 0.11740628629922867, 0.11677668243646622, 0.11726817488670349, 0.11668248474597931, 0.11700796335935593, 0.1160254180431366, 0.1165718287229538, 0.11638731509447098, 0.11639177054166794, 0.11605117470026016, 0.11660248786211014, 0.11663638055324554, 0.11528848111629486, 0.11680950969457626, 0.11526884883642197, 0.11654278635978699, 0.11551863700151443, 0.11559715121984482, 0.11572039872407913, 0.11549851298332214, 0.11514557898044586, 0.11526639014482498, 0.11656474322080612, 0.11675875633955002, 0.1149185448884964, 0.11623294651508331, 0.11571579426527023, 0.11479795724153519, 0.11604874581098557], "accuracy": [0.7741304636001587, 0.7997826337814331, 0.7997826337814331, 0.7997826337814331, 0.8072826266288757, 0.8483695387840271, 0.8941304087638855, 0.9182608723640442, 0.9311956763267517, 0.9395652413368225, 0.9445652365684509, 0.948369562625885, 0.9506521821022034, 0.9540217518806458, 0.9543478488922119, 0.9554347991943359, 0.957065224647522, 0.95652174949646, 0.9571738839149475, 0.9568478465080261, 0.9579347968101501, 0.9577174186706543, 0.9585869312286377, 0.9580434560775757, 0.9585869312286377, 0.9593478441238403, 0.9601086974143982, 0.95923912525177, 0.9596739411354065, 0.960869550704956, 0.9589130282402039, 0.9593478441238403, 0.9607608914375305, 0.9585869312286377, 0.95923912525177, 0.960326075553894, 0.960326075553894, 0.9610869288444519, 0.9607608914375305, 0.9614130258560181, 0.960869550704956, 0.9601086974143982, 0.960869550704956, 0.9618478417396545, 0.9606521725654602, 0.9609782695770264, 0.9615217447280884, 0.960869550704956, 0.9614130258560181, 0.9622825980186462, 0.9619565010070801, 0.9620652198791504, 0.9620652198791504, 0.9607608914375305, 0.9620652198791504, 0.960869550704956, 0.9616304636001587, 0.9631521701812744, 0.9626086950302124, 0.9613043665885925, 0.9626086950302124, 0.9615217447280884, 0.9621739387512207, 0.9619565010070801, 0.9622825980186462, 0.9616304636001587, 0.9606521725654602, 0.9620652198791504, 0.9618478417396545, 0.9618478417396545, 0.9618478417396545, 0.9618478417396545, 0.9616304636001587, 0.9619565010070801, 0.9630434513092041, 0.9615217447280884, 0.9617391228675842, 0.9609782695770264, 0.9626086950302124, 0.9611956477165222, 0.9624999761581421, 0.9621739387512207, 0.9624999761581421, 0.9632608890533447, 0.9630434513092041, 0.9631521701812744, 0.9622825980186462, 0.9627174139022827, 0.9629347920417786, 0.9623913168907166, 0.9627174139022827, 0.9635869860649109, 0.9627174139022827, 0.9618478417396545, 0.9626086950302124, 0.9627174139022827, 0.9622825980186462, 0.9631521701812744, 0.9640217423439026, 0.9621739387512207], "val_loss": [0.4987756907939911, 0.48413750529289246, 0.4496859014034271, 0.40408679842948914, 0.35399535298347473, 0.3081247806549072, 0.26545628905296326, 0.23373620212078094, 0.21358920633792877, 0.19379381835460663, 0.18302679061889648, 0.17170880734920502, 0.16775214672088623, 0.1580834835767746, 0.15375183522701263, 0.15044893324375153, 0.14743514358997345, 0.14525701105594635, 0.14414948225021362, 0.14727292954921722, 0.1400463879108429, 0.13833005726337433, 0.1375298649072647, 0.13886144757270813, 0.13608182966709137, 0.1357688456773758, 0.13457974791526794, 0.13429440557956696, 0.13867153227329254, 0.13376076519489288, 0.13321568071842194, 0.1328125149011612, 0.1326676309108734, 0.1324123591184616, 0.13266879320144653, 0.1423381268978119, 0.13200783729553223, 0.13412606716156006, 0.13168169558048248, 0.13442328572273254, 0.13358253240585327, 0.13183923065662384, 0.1323765218257904, 0.13232068717479706, 0.1326371282339096, 0.1324446201324463, 0.13199549913406372, 0.1313350796699524, 0.1335376501083374, 0.13023515045642853, 0.13020233809947968, 0.1354101300239563, 0.13220317661762238, 0.13111816346645355, 0.13453979790210724, 0.13124215602874756, 0.13075010478496552, 0.13493548333644867, 0.13484293222427368, 0.13072720170021057, 0.13541628420352936, 0.13073626160621643, 0.13030628859996796, 0.1360064446926117, 0.13027644157409668, 0.13042765855789185, 0.13056831061840057, 0.13056761026382446, 0.13688376545906067, 0.1300622969865799, 0.1356905847787857, 0.13274520635604858, 0.13138362765312195, 0.1301967203617096, 0.13190709054470062, 0.13735125958919525, 0.12994855642318726, 0.13026759028434753, 0.13346515595912933, 0.13695542514324188, 0.13110043108463287, 0.12972521781921387, 0.1327458620071411, 0.1290799230337143, 0.1299467235803604, 0.13391178846359253, 0.13065676391124725, 0.12924422323703766, 0.129855677485466, 0.12972491979599, 0.12926574051380157, 0.12971808016300201, 0.1295563280582428, 0.13030999898910522, 0.12919704616069794, 0.13236920535564423, 0.13122723996639252, 0.1300858110189438, 0.13086459040641785, 0.1298377364873886],