{"loss": [0.5031060576438904, 0.4009431004524231, 0.2653058171272278, 0.1913326382637024, 0.16175051033496857, 0.14573568105697632, 0.14006930589675903, 0.13454367220401764, 0.130621537566185, 0.13054674863815308, 0.13168378174304962, 0.12817218899726868, 0.127272829413414, 0.12681537866592407, 0.12537796795368195, 0.12360572069883347, 0.12379523366689682, 0.12554284930229187, 0.1238030195236206, 0.12389098107814789, 0.12218230962753296, 0.12476297467947006, 0.1220448911190033, 0.12201500684022903, 0.12168289721012115, 0.1207311749458313, 0.12387748062610626, 0.12314247339963913, 0.12100224941968918, 0.12011992186307907, 0.1229793131351471, 0.12204030901193619, 0.12016427516937256, 0.12011925876140594, 0.12011562287807465, 0.11910898983478546, 0.12185060977935791, 0.12173821777105331, 0.11905456334352493, 0.12097585946321487, 0.11750642210245132, 0.11879460513591766, 0.11914403736591339, 0.11963838338851929, 0.12011580914258957, 0.11961574107408524, 0.11794915050268173, 0.11755398660898209, 0.11792249232530594, 0.11919146776199341, 0.11843714118003845, 0.11904079467058182, 0.11776969581842422, 0.1193319708108902, 0.1190631240606308, 0.11807513982057571, 0.11747102439403534, 0.11848051846027374, 0.11790966242551804, 0.11795343458652496, 0.1183578222990036, 0.1159740686416626, 0.1180446594953537, 0.11616220325231552, 0.11696157604455948, 0.11713836342096329, 0.11713230609893799, 0.11807602643966675, 0.11837289482355118, 0.11923017352819443, 0.11660093814134598, 0.11694220453500748, 0.11621284484863281, 0.1184924989938736, 0.1170952320098877, 0.1171705573797226, 0.1153557151556015, 0.11692560464143753, 0.11640089005231857, 0.11505760997533798, 0.11721601337194443, 0.11486651748418808, 0.11492209881544113, 0.11698982864618301, 0.11655160784721375, 0.11560188978910446, 0.11552122980356216, 0.1149478405714035, 0.1153942197561264, 0.11543333530426025, 0.11498793959617615, 0.11653492599725723, 0.11443259567022324, 0.11455121636390686, 0.11642729490995407, 0.11720104515552521, 0.11445926874876022, 0.11494387686252594, 0.11416326463222504, 0.1144106388092041], "accuracy": [0.7857608795166016, 0.8082608580589294, 0.9019564986228943, 0.9415217638015747, 0.9511956572532654, 0.9558695554733276, 0.955978274345398, 0.9567391276359558, 0.95923912525177, 0.958695650100708, 0.9580434560775757, 0.9591304063796997, 0.9589130282402039, 0.9584782719612122, 0.9602174162864685, 0.9598913192749023, 0.9623913168907166, 0.959782600402832, 0.9617391228675842, 0.9599999785423279, 0.9598913192749023, 0.9591304063796997, 0.9622825980186462, 0.9614130258560181, 0.9615217447280884, 0.960869550704956, 0.9595652222633362, 0.9613043665885925, 0.9605434536933899, 0.9616304636001587, 0.9599999785423279, 0.9614130258560181, 0.9629347920417786, 0.9618478417396545, 0.960326075553894, 0.9620652198791504, 0.960326075553894, 0.9619565010070801, 0.9619565010070801, 0.9607608914375305, 0.9634782671928406, 0.9606521725654602, 0.9616304636001587, 0.9614130258560181, 0.9617391228675842, 0.9615217447280884, 0.9620652198791504, 0.9623913168907166, 0.9616304636001587, 0.9620652198791504, 0.9622825980186462, 0.9599999785423279, 0.9621739387512207, 0.9610869288444519, 0.9620652198791504, 0.9610869288444519, 0.9631521701812744, 0.960869550704956, 0.9621739387512207, 0.9629347920417786, 0.9606521725654602, 0.9621739387512207, 0.9628260731697083, 0.9639130234718323, 0.9616304636001587, 0.9632608890533447, 0.9619565010070801, 0.960869550704956, 0.960869550704956, 0.9601086974143982, 0.9628260731697083, 0.9631521701812744, 0.9636956453323364, 0.9609782695770264, 0.9620652198791504, 0.9621739387512207, 0.9624999761581421, 0.9630434513092041, 0.9626086950302124, 0.9626086950302124, 0.9615217447280884, 0.9631521701812744, 0.9634782671928406, 0.9626086950302124, 0.9622825980186462, 0.9635869860649109, 0.9629347920417786, 0.9634782671928406, 0.9622825980186462, 0.9626086950302124, 0.9639130234718323, 0.9620652198791504, 0.9614130258560181, 0.9624999761581421, 0.9621739387512207, 0.9629347920417786, 0.9628260731697083, 0.9627174139022827, 0.9627174139022827, 0.9632608890533447], "val_loss": [0.47117912769317627, 0.3227046728134155, 0.22487683594226837, 0.17806753516197205, 0.15918231010437012, 0.1487962305545807, 0.14253221452236176, 0.15753082931041718, 0.13756948709487915, 0.1357734501361847, 0.1613423377275467, 0.1365550011396408, 0.1408512443304062, 0.13745933771133423, 0.1360955685377121, 0.1329493224620819, 0.1434830129146576, 0.13465534150600433, 0.13884906470775604, 0.1327909380197525, 0.1499132513999939, 0.13154001533985138, 0.13418719172477722, 0.14561407268047333, 0.13970467448234558, 0.13320541381835938, 0.13190925121307373, 0.15377864241600037, 0.13284717500209808, 0.13165295124053955, 0.13255305588245392, 0.13319261372089386, 0.13216707110404968, 0.131617471575737, 0.1354326605796814, 0.13659943640232086, 0.1375926434993744, 0.13188092410564423, 0.1403781920671463, 0.13175714015960693, 0.12985269725322723, 0.1326671689748764, 0.13256511092185974, 0.13066095113754272, 0.13921675086021423, 0.13494890928268433, 0.13289134204387665, 0.13205809891223907, 0.1323392391204834, 0.13426639139652252, 0.1286793351173401, 0.13036717474460602, 0.13043169677257538, 0.13325107097625732, 0.12952369451522827, 0.13512204587459564, 0.13524974882602692, 0.1290457844734192, 0.1361156702041626, 0.14169327914714813, 0.14508174359798431, 0.1302488148212433, 0.12911485135555267, 0.15190744400024414, 0.12875474989414215, 0.15000440180301666, 0.1784694492816925, 0.1417560577392578, 0.12956126034259796, 0.12838433682918549, 0.1276416778564453, 0.12980931997299194, 0.13280436396598816, 0.1344125121831894, 0.13326920568943024, 0.1280876100063324, 0.1376350373029709, 0.12913943827152252, 0.12918607890605927, 0.12738274037837982, 0.1292363852262497, 0.12821613252162933, 0.13492119312286377, 0.13219189643859863, 0.12749433517456055, 0.1280622035264969, 0.12704698741436005, 0.1316651701927185, 0.13074564933776855, 0.1321800798177719, 0.1351596713066101, 0.1284995675086975, 0.126958966255188, 0.12996326386928558, 0.1443997323513031, 0.13217096030712128, 0.12952521443367004, 0.127881720662117, 0.16314832866191864, 0.12929363548755646],