{"loss": [0.5009182691574097, 0.4571671187877655, 0.3959696292877197, 0.3261057734489441, 0.26595330238342285, 0.22399620711803436, 0.19570857286453247, 0.17675933241844177, 0.1628054976463318, 0.1538914442062378, 0.14806555211544037, 0.14130286872386932, 0.13789796829223633, 0.13475270569324493, 0.13228806853294373, 0.131398007273674, 0.12830916047096252, 0.12751542031764984, 0.12571431696414948, 0.1267004758119583, 0.12409952282905579, 0.12360716611146927, 0.1228177398443222, 0.12249084562063217, 0.1225762814283371, 0.12146405875682831, 0.12253465503454208, 0.12090371549129486, 0.12152216583490372, 0.12135602533817291, 0.1194949597120285, 0.11989983916282654, 0.11981724202632904, 0.12085283547639847, 0.12038266658782959, 0.11940152198076248, 0.11877594143152237, 0.11934060603380203, 0.11849601566791534, 0.11841940134763718, 0.11889760941267014, 0.1185263991355896, 0.11781477183103561, 0.11749140173196793, 0.11795029044151306, 0.11798231303691864, 0.1180747002363205, 0.11820928007364273, 0.11679723113775253, 0.11759505420923233, 0.11759164929389954, 0.11713611334562302, 0.11737892776727676, 0.11707490682601929, 0.11689598858356476, 0.11605142056941986, 0.11663409322500229, 0.11731418967247009, 0.11846017837524414, 0.11715482175350189, 0.11619400978088379, 0.11609496921300888, 0.1167834997177124, 0.11674261838197708, 0.11578293144702911, 0.11599094420671463, 0.11657456308603287, 0.11517288535833359, 0.1164395809173584, 0.1158486008644104, 0.11626597493886948, 0.11661019921302795, 0.1151721179485321, 0.11628908663988113, 0.11519784480333328, 0.11555467545986176, 0.11494903266429901, 0.11635720729827881, 0.11537820845842361, 0.11629000306129456, 0.11502421647310257, 0.11507835239171982, 0.11522910743951797, 0.11493794620037079, 0.11574236303567886, 0.11498556286096573, 0.11810106039047241, 0.11569728702306747, 0.11472619324922562, 0.11505983024835587, 0.11438275128602982, 0.11545407772064209, 0.11571414023637772, 0.11612416058778763, 0.11576316505670547, 0.11498281359672546, 0.11411513388156891, 0.11535464227199554, 0.11460816860198975, 0.11486935615539551], "accuracy": [0.7997826337814331, 0.7997826337814331, 0.8041304349899292, 0.852173924446106, 0.9021739363670349, 0.9276086688041687, 0.9394565224647522, 0.9428260922431946, 0.9490217566490173, 0.9523913264274597, 0.9539130330085754, 0.9549999833106995, 0.9571738839149475, 0.9569565057754517, 0.957065224647522, 0.9574999809265137, 0.9582608938217163, 0.9596739411354065, 0.9591304063796997, 0.959782600402832, 0.9595652222633362, 0.95923912525177, 0.9611956477165222, 0.95923912525177, 0.9602174162864685, 0.9607608914375305, 0.9599999785423279, 0.9595652222633362, 0.959782600402832, 0.9605434536933899, 0.960869550704956, 0.9605434536933899, 0.9609782695770264, 0.9601086974143982, 0.9611956477165222, 0.960869550704956, 0.960869550704956, 0.9609782695770264, 0.9611956477165222, 0.9605434536933899, 0.9618478417396545, 0.9627174139022827, 0.9609782695770264, 0.9618478417396545, 0.9622825980186462, 0.9631521701812744, 0.9616304636001587, 0.9604347944259644, 0.9626086950302124, 0.9610869288444519, 0.9620652198791504, 0.9624999761581421, 0.9622825980186462, 0.9616304636001587, 0.9617391228675842, 0.9621739387512207, 0.9614130258560181, 0.9623913168907166, 0.9609782695770264, 0.9627174139022827, 0.9627174139022827, 0.9621739387512207, 0.9620652198791504, 0.9619565010070801, 0.9630434513092041, 0.9619565010070801, 0.9614130258560181, 0.9619565010070801, 0.9622825980186462, 0.9616304636001587, 0.9620652198791504, 0.9614130258560181, 0.9628260731697083, 0.9630434513092041, 0.9622825980186462, 0.9629347920417786, 0.9632608890533447, 0.9616304636001587, 0.9617391228675842, 0.9620652198791504, 0.9626086950302124, 0.9622825980186462, 0.9616304636001587, 0.9620652198791504, 0.9620652198791504, 0.9617391228675842, 0.9607608914375305, 0.9626086950302124, 0.9627174139022827, 0.9618478417396545, 0.9629347920417786, 0.9627174139022827, 0.9622825980186462, 0.9616304636001587, 0.9632608890533447, 0.9632608890533447, 0.9629347920417786, 0.9614130258560181, 0.9623913168907166, 0.9639130234718323], "val_loss": [0.4793897271156311, 0.4305056631565094, 0.3636382520198822, 0.29904866218566895, 0.24821943044662476, 0.21375522017478943, 0.19160138070583344, 0.17788279056549072, 0.16509079933166504, 0.16151519119739532, 0.15175384283065796, 0.14918726682662964, 0.14629386365413666, 0.14765317738056183, 0.1406552940607071, 0.14446955919265747, 0.13745324313640594, 0.1395454704761505, 0.1370401233434677, 0.1340719610452652, 0.13825517892837524, 0.1389257311820984, 0.1325094997882843, 0.1402166187763214, 0.13274182379245758, 0.1357123851776123, 0.1430952548980713, 0.13303957879543304, 0.13912811875343323, 0.13134154677391052, 0.1356416642665863, 0.13163140416145325, 0.13716305792331696, 0.13472601771354675, 0.13062694668769836, 0.13108381628990173, 0.13074813783168793, 0.13216666877269745, 0.1347508430480957, 0.13069258630275726, 0.13327468931674957, 0.1303829401731491, 0.13383758068084717, 0.13064983487129211, 0.13111063838005066, 0.1308595836162567, 0.1321093738079071, 0.13151270151138306, 0.13157813251018524, 0.13284136354923248, 0.13045842945575714, 0.1331786960363388, 0.13042408227920532, 0.1343172788619995, 0.1306026577949524, 0.13097460567951202, 0.13091611862182617, 0.13090446591377258, 0.13116246461868286, 0.13203446567058563, 0.13551248610019684, 0.13061439990997314, 0.13106851279735565, 0.13122138381004333, 0.13088245689868927, 0.13057753443717957, 0.13294842839241028, 0.13155251741409302, 0.13065969944000244, 0.1308651864528656, 0.1307416409254074, 0.1314263641834259, 0.13102272152900696, 0.13174434006214142, 0.13059692084789276, 0.13074636459350586, 0.1307600438594818, 0.13805556297302246, 0.13236737251281738, 0.13104398548603058, 0.13141074776649475, 0.13776296377182007, 0.1315154880285263, 0.13133937120437622, 0.13150212168693542, 0.13097891211509705, 0.13711348176002502, 0.13092495501041412, 0.1375362128019333, 0.13162553310394287, 0.13058404624462128, 0.13929030299186707, 0.13063554465770721, 0.13072332739830017, 0.1309814751148224, 0.1311834752559662, 0.13121597468852997, 0.132157102227211, 0.13143044710159302, 0.1305365413427353],