{"loss": [0.49421653151512146, 0.4541856348514557, 0.391762912273407, 0.3167242109775543, 0.2533506751060486, 0.21093352138996124, 0.18425849080085754, 0.16568197309970856, 0.15467286109924316, 0.14682957530021667, 0.14009886980056763, 0.13679304718971252, 0.13463915884494781, 0.131235271692276, 0.12915360927581787, 0.12788499891757965, 0.12763206660747528, 0.12566116452217102, 0.1244792491197586, 0.12433493137359619, 0.12330879271030426, 0.12310314923524857, 0.12178201228380203, 0.12129741907119751, 0.12219344079494476, 0.12265314161777496, 0.12039938569068909, 0.12133392691612244, 0.12162572145462036, 0.12018237262964249, 0.11945327371358871, 0.11916420608758926, 0.1198623776435852, 0.11953164637088776, 0.12046032398939133, 0.1189831793308258, 0.11916147172451019, 0.11920682340860367, 0.11946640908718109, 0.11778362840414047, 0.11874479800462723, 0.1185392439365387, 0.11846350878477097, 0.11894219368696213, 0.11789557337760925, 0.11712987720966339, 0.11832218617200851, 0.11774005740880966, 0.11670219153165817, 0.11712588369846344, 0.11814824491739273, 0.11702121794223785, 0.11858038604259491, 0.11686478555202484, 0.11723854392766953, 0.11849549412727356, 0.1174856424331665, 0.11734948307275772, 0.11742421239614487, 0.11781161278486252, 0.1170024424791336, 0.11614443361759186, 0.1166253387928009, 0.11680746078491211, 0.11719514429569244, 0.11608979851007462, 0.11698092520236969, 0.11581972986459732, 0.1170959323644638, 0.1176319569349289, 0.11625370383262634, 0.11619606614112854, 0.11700757592916489, 0.11607395112514496, 0.11625169962644577, 0.11664196848869324, 0.1165502518415451, 0.11523913592100143, 0.11644589900970459, 0.11543239653110504, 0.11665492504835129, 0.11882419884204865, 0.11513765901327133, 0.11562816798686981, 0.11558642983436584, 0.11514642089605331, 0.11600149422883987, 0.11535653471946716, 0.11538827419281006, 0.11580965667963028, 0.11527016013860703, 0.1149202287197113, 0.11499616503715515, 0.11539039760828018, 0.11639835685491562, 0.11464052647352219, 0.11539347469806671, 0.11412648111581802, 0.11514344811439514, 0.11530718952417374], "accuracy": [0.7997826337814331, 0.7997826337814331, 0.8045651912689209, 0.8571739196777344, 0.9113043546676636, 0.9344565272331238, 0.9442391395568848, 0.9490217566490173, 0.9533695578575134, 0.9551087021827698, 0.9554347991943359, 0.9568478465080261, 0.957065224647522, 0.9590217471122742, 0.9593478441238403, 0.9583695530891418, 0.9593478441238403, 0.9594565033912659, 0.9602174162864685, 0.95923912525177, 0.959782600402832, 0.95923912525177, 0.9598913192749023, 0.9602174162864685, 0.9606521725654602, 0.960326075553894, 0.9611956477165222, 0.9609782695770264, 0.9615217447280884, 0.9614130258560181, 0.9609782695770264, 0.9621739387512207, 0.9611956477165222, 0.9617391228675842, 0.960869550704956, 0.9617391228675842, 0.9621739387512207, 0.960869550704956, 0.9607608914375305, 0.9614130258560181, 0.9621739387512207, 0.9616304636001587, 0.9623913168907166, 0.9620652198791504, 0.9611956477165222, 0.9623913168907166, 0.9621739387512207, 0.9610869288444519, 0.9627174139022827, 0.9621739387512207, 0.9618478417396545, 0.9629347920417786, 0.9631521701812744, 0.9623913168907166, 0.9623913168907166, 0.9610869288444519, 0.9617391228675842, 0.9617391228675842, 0.9632608890533447, 0.9613043665885925, 0.9616304636001587, 0.9631521701812744, 0.9615217447280884, 0.9621739387512207, 0.9617391228675842, 0.9621739387512207, 0.9620652198791504, 0.9628260731697083, 0.9618478417396545, 0.9624999761581421, 0.9624999761581421, 0.9631521701812744, 0.9613043665885925, 0.9631521701812744, 0.9626086950302124, 0.9622825980186462, 0.9624999761581421, 0.9632608890533447, 0.9621739387512207, 0.9630434513092041, 0.9634782671928406, 0.9621739387512207, 0.9616304636001587, 0.9627174139022827, 0.9631521701812744, 0.9617391228675842, 0.9624999761581421, 0.9620652198791504, 0.9611956477165222, 0.9629347920417786, 0.9626086950302124, 0.9624999761581421, 0.9627174139022827, 0.9629347920417786, 0.9627174139022827, 0.9627174139022827, 0.9622825980186462, 0.9633695483207703, 0.9623913168907166, 0.9614130258560181], "val_loss": [0.47730645537376404, 0.43377766013145447, 0.3551519513130188, 0.28726309537887573, 0.23516444861888885, 0.21282608807086945, 0.18067967891693115, 0.16889552772045135, 0.15787889063358307, 0.15436573326587677, 0.14603325724601746, 0.1426958590745926, 0.140023335814476, 0.14226678013801575, 0.13722147047519684, 0.1357211321592331, 0.13513578474521637, 0.13588446378707886, 0.14719200134277344, 0.13267642259597778, 0.1323941946029663, 0.13346022367477417, 0.13920387625694275, 0.13246573507785797, 0.13189123570919037, 0.1322275847196579, 0.13399754464626312, 0.131285160779953, 0.13116797804832458, 0.13043968379497528, 0.13510340452194214, 0.13173124194145203, 0.1302085667848587, 0.1313946396112442, 0.1350344866514206, 0.13228046894073486, 0.13097164034843445, 0.13055922091007233, 0.13573265075683594, 0.1326792687177658, 0.13373860716819763, 0.1313939094543457, 0.1316826343536377, 0.14406445622444153, 0.12961284816265106, 0.13566458225250244, 0.1309874951839447, 0.13134026527404785, 0.1306244432926178, 0.13006609678268433, 0.13049034774303436, 0.13015732169151306, 0.13004998862743378, 0.1306445598602295, 0.13183508813381195, 0.13018566370010376, 0.13047805428504944, 0.130253404378891, 0.1315668374300003, 0.13108059763908386, 0.13094134628772736, 0.1356469839811325, 0.13197870552539825, 0.13112707436084747, 0.13178183138370514, 0.13639362156391144, 0.13064749538898468, 0.13027392327785492, 0.1311751753091812, 0.13356567919254303, 0.13285598158836365, 0.12989972531795502, 0.14244797825813293, 0.1368284672498703, 0.13160893321037292, 0.13158771395683289, 0.1305088996887207, 0.13208873569965363, 0.13362844288349152, 0.1319972425699234, 0.13038168847560883, 0.13277816772460938, 0.13086284697055817, 0.13267292082309723, 0.13003237545490265, 0.13035382330417633, 0.13310299813747406, 0.13085678219795227, 0.1313762366771698, 0.1315533071756363, 0.1303143948316574, 0.13278110325336456, 0.1311139315366745, 0.1318221241235733, 0.13349823653697968, 0.13144758343696594, 0.13129715621471405, 0.12996897101402283, 0.1393732726573944, 0.13509511947631836],