{"loss": [0.49194037914276123, 0.40232011675834656, 0.28152740001678467, 0.2041015475988388, 0.16953876614570618, 0.15117810666561127, 0.14270932972431183, 0.13776721060276031, 0.13363851606845856, 0.13179033994674683, 0.12909765541553497, 0.13005492091178894, 0.12714983522891998, 0.12550394237041473, 0.12533141672611237, 0.12691083550453186, 0.12347970902919769, 0.1238093227148056, 0.12275687605142593, 0.12268085032701492, 0.12241356819868088, 0.12478204071521759, 0.12403956055641174, 0.12376067787408829, 0.12222422659397125, 0.12139405310153961, 0.1231033205986023, 0.1215047538280487, 0.12055712938308716, 0.12013708800077438, 0.12212866544723511, 0.12085606902837753, 0.1215619444847107, 0.12167198956012726, 0.12028437107801437, 0.12103404104709625, 0.1195237934589386, 0.12041482329368591, 0.12014349550008774, 0.12065853178501129, 0.1218743771314621, 0.12003693729639053, 0.11866055428981781, 0.11915860325098038, 0.12090612202882767, 0.12144944071769714, 0.11937925964593887, 0.12007307261228561, 0.11928901821374893, 0.11780773848295212, 0.12081056088209152, 0.11914344877004623, 0.11814901232719421, 0.11817467957735062, 0.11761985719203949, 0.1189710795879364, 0.11767848581075668, 0.12224660813808441, 0.11759146302938461, 0.11697408556938171, 0.11815311759710312, 0.11745216697454453, 0.11784208565950394, 0.11873211711645126, 0.11877930909395218, 0.11760516464710236, 0.11756455153226852, 0.11788197606801987, 0.11923597007989883, 0.11822246015071869, 0.11703752726316452, 0.11970871686935425, 0.11733371764421463, 0.11521802842617035, 0.11687055230140686, 0.11651910841464996, 0.11543970555067062, 0.1158675104379654, 0.11656211316585541, 0.12017033994197845, 0.11881320923566818, 0.11418772488832474, 0.11576900631189346, 0.1161288172006607, 0.11747151613235474, 0.11683930456638336, 0.11994380503892899, 0.11704064160585403, 0.11562671512365341, 0.11983170360326767, 0.11518822610378265, 0.11579421162605286, 0.11567385494709015, 0.11558045446872711, 0.11339826136827469, 0.11541073024272919, 0.11393424868583679, 0.11305252462625504, 0.11449388414621353, 0.11490964144468307], "accuracy": [0.7928261160850525, 0.8059782385826111, 0.8882608413696289, 0.9359782338142395, 0.9492391347885132, 0.9543478488922119, 0.9545652270317078, 0.9583695530891418, 0.9580434560775757, 0.9580434560775757, 0.9579347968101501, 0.9591304063796997, 0.9593478441238403, 0.9595652222633362, 0.9618478417396545, 0.9593478441238403, 0.9618478417396545, 0.9598913192749023, 0.9607608914375305, 0.9605434536933899, 0.9618478417396545, 0.9585869312286377, 0.9596739411354065, 0.9613043665885925, 0.9595652222633362, 0.960326075553894, 0.959782600402832, 0.9606521725654602, 0.9621739387512207, 0.9621739387512207, 0.9617391228675842, 0.9610869288444519, 0.960326075553894, 0.960869550704956, 0.9627174139022827, 0.9614130258560181, 0.9623913168907166, 0.9620652198791504, 0.9613043665885925, 0.9627174139022827, 0.9593478441238403, 0.9611956477165222, 0.9604347944259644, 0.9619565010070801, 0.9605434536933899, 0.9620652198791504, 0.9614130258560181, 0.9622825980186462, 0.9613043665885925, 0.9620652198791504, 0.9607608914375305, 0.9609782695770264, 0.9615217447280884, 0.9623913168907166, 0.9627174139022827, 0.9615217447280884, 0.9614130258560181, 0.9588043689727783, 0.9626086950302124, 0.9626086950302124, 0.9621739387512207, 0.9610869288444519, 0.9621739387512207, 0.9630434513092041, 0.9621739387512207, 0.9623913168907166, 0.9629347920417786, 0.9618478417396545, 0.9620652198791504, 0.9598913192749023, 0.9618478417396545, 0.9618478417396545, 0.9638043642044067, 0.9627174139022827, 0.9622825980186462, 0.9617391228675842, 0.9628260731697083, 0.9622825980186462, 0.9632608890533447, 0.9634782671928406, 0.9613043665885925, 0.9634782671928406, 0.9607608914375305, 0.9622825980186462, 0.9616304636001587, 0.9618478417396545, 0.9626086950302124, 0.9629347920417786, 0.9630434513092041, 0.9624999761581421, 0.9619565010070801, 0.9632608890533447, 0.9622825980186462, 0.9628260731697083, 0.9639130234718323, 0.9630434513092041, 0.9645652174949646, 0.9635869860649109, 0.9626086950302124, 0.9627174139022827], "val_loss": [0.4553636908531189, 0.3409319519996643, 0.24013419449329376, 0.19039370119571686, 0.16375389695167542, 0.15275396406650543, 0.147724911570549, 0.14705835282802582, 0.13932403922080994, 0.14178155362606049, 0.13590753078460693, 0.14119911193847656, 0.13468709588050842, 0.15806852281093597, 0.13345499336719513, 0.13347448408603668, 0.1523061841726303, 0.1323641985654831, 0.13372986018657684, 0.13264703750610352, 0.1412482112646103, 0.14333684742450714, 0.13413336873054504, 0.13218462467193604, 0.14464375376701355, 0.13694268465042114, 0.1318931132555008, 0.1323879063129425, 0.13913410902023315, 0.13858099281787872, 0.13157594203948975, 0.1414773166179657, 0.13146987557411194, 0.13171623647212982, 0.13112351298332214, 0.1400349736213684, 0.13237516582012177, 0.14022965729236603, 0.13538303971290588, 0.13664688169956207, 0.13234177231788635, 0.13390983641147614, 0.14407013356685638, 0.132609561085701, 0.14952269196510315, 0.13129961490631104, 0.1442878097295761, 0.1323780119419098, 0.1301652491092682, 0.13140042126178741, 0.13243497908115387, 0.14047126471996307, 0.133327454328537, 0.13328871130943298, 0.12981262803077698, 0.1306556612253189, 0.16200269758701324, 0.13055242598056793, 0.13196755945682526, 0.13398736715316772, 0.14105439186096191, 0.1340787708759308, 0.13093963265419006, 0.13182470202445984, 0.1358204185962677, 0.12886717915534973, 0.1320028305053711, 0.12922103703022003, 0.13187731802463531, 0.13224123418331146, 0.12985967099666595, 0.1289776712656021, 0.13065025210380554, 0.1313444972038269, 0.12998662889003754, 0.13247698545455933, 0.13410326838493347, 0.13137286901474, 0.1446620374917984, 0.12823280692100525, 0.14639566838741302, 0.13502748310565948, 0.12817703187465668, 0.13411711156368256, 0.1295601725578308, 0.1427236944437027, 0.13177016377449036, 0.13350223004817963, 0.12986677885055542, 0.12741924822330475, 0.12810800969600677, 0.13172690570354462, 0.12814240157604218, 0.13837701082229614, 0.12962909042835236, 0.1284581422805786, 0.13006442785263062, 0.1274517923593521, 0.1290276050567627, 0.12846344709396362],