{"loss": [0.5194597840309143, 0.46877822279930115, 0.42224156856536865, 0.36334773898124695, 0.3052941858768463, 0.25703707337379456, 0.2216768115758896, 0.19539502263069153, 0.17718996107578278, 0.16425994038581848, 0.1536904275417328, 0.14723211526870728, 0.14158442616462708, 0.13788561522960663, 0.1348322629928589, 0.13256818056106567, 0.13077561557292938, 0.12864986062049866, 0.12712587416172028, 0.12596508860588074, 0.12516602873802185, 0.12436852604150772, 0.12424945086240768, 0.12333140522241592, 0.12272410839796066, 0.12227413058280945, 0.1222621500492096, 0.12177985161542892, 0.1219254732131958, 0.12125971168279648, 0.12172544747591019, 0.11949121952056885, 0.11963512748479843, 0.12054523080587387, 0.11982424557209015, 0.12018200755119324, 0.11862809956073761, 0.11901827901601791, 0.119108185172081, 0.1194346696138382, 0.11966404318809509, 0.11761540919542313, 0.11860529333353043, 0.11837593466043472, 0.11888700723648071, 0.1181216686964035, 0.11780557036399841, 0.11830145865678787, 0.11821708083152771, 0.11717554181814194, 0.11765391379594803, 0.11730802059173584, 0.11855939775705338, 0.11703244596719742, 0.11798042804002762, 0.11836487054824829, 0.11726812273263931, 0.11701817065477371, 0.11572301387786865, 0.11715264618396759, 0.11636202782392502, 0.11686169356107712, 0.11661645025014877, 0.11675967276096344, 0.11673901230096817, 0.11693163216114044, 0.11610300093889236, 0.11656706780195236, 0.11679776757955551, 0.11558479815721512, 0.11668285727500916, 0.11600317806005478, 0.11619092524051666, 0.11583437770605087, 0.11556809395551682, 0.11498136073350906, 0.1156667023897171, 0.11532563716173172, 0.11660928279161453, 0.11535433679819107, 0.11508588492870331, 0.11655598878860474, 0.11633584648370743, 0.11490488797426224, 0.1161753237247467, 0.11634723097085953, 0.11622144281864166, 0.11474981158971786, 0.11492452770471573, 0.11482551693916321, 0.11614150553941727, 0.11560311913490295, 0.11603989452123642, 0.1160365492105484, 0.1149347573518753, 0.11539700627326965, 0.11475727707147598, 0.11447163671255112, 0.11726178973913193, 0.11502880603075027], "accuracy": [0.7768478393554688, 0.7997826337814331, 0.7998912930488586, 0.8133695721626282, 0.8672826290130615, 0.9109782576560974, 0.9289130568504333, 0.9408695697784424, 0.9477173686027527, 0.9514130353927612, 0.9524999856948853, 0.9556521773338318, 0.9557608962059021, 0.9553260803222656, 0.9566304087638855, 0.957608699798584, 0.9584782719612122, 0.9584782719612122, 0.9593478441238403, 0.95923912525177, 0.9594565033912659, 0.9594565033912659, 0.9596739411354065, 0.9610869288444519, 0.9591304063796997, 0.9596739411354065, 0.9591304063796997, 0.9602174162864685, 0.9607608914375305, 0.9595652222633362, 0.9596739411354065, 0.9613043665885925, 0.9609782695770264, 0.960869550704956, 0.960869550704956, 0.9601086974143982, 0.9609782695770264, 0.9613043665885925, 0.9605434536933899, 0.960869550704956, 0.9599999785423279, 0.9631521701812744, 0.9609782695770264, 0.9611956477165222, 0.9599999785423279, 0.9617391228675842, 0.9611956477165222, 0.9610869288444519, 0.9599999785423279, 0.9610869288444519, 0.9617391228675842, 0.9624999761581421, 0.9619565010070801, 0.9616304636001587, 0.9614130258560181, 0.9614130258560181, 0.9611956477165222, 0.9621739387512207, 0.9621739387512207, 0.9609782695770264, 0.9620652198791504, 0.9611956477165222, 0.9627174139022827, 0.9620652198791504, 0.9623913168907166, 0.9610869288444519, 0.9628260731697083, 0.9616304636001587, 0.9624999761581421, 0.9629347920417786, 0.9617391228675842, 0.9624999761581421, 0.9627174139022827, 0.9619565010070801, 0.9639130234718323, 0.9618478417396545, 0.9615217447280884, 0.9626086950302124, 0.9631521701812744, 0.9624999761581421, 0.9634782671928406, 0.9619565010070801, 0.9607608914375305, 0.9627174139022827, 0.9622825980186462, 0.9630434513092041, 0.9619565010070801, 0.9628260731697083, 0.9619565010070801, 0.9633695483207703, 0.9609782695770264, 0.9627174139022827, 0.9609782695770264, 0.9610869288444519, 0.9627174139022827, 0.9621739387512207, 0.9615217447280884, 0.9619565010070801, 0.9605434536933899, 0.9615217447280884], "val_loss": [0.4838854968547821, 0.44865354895591736, 0.39542677998542786, 0.33878210186958313, 0.28360143303871155, 0.24413804709911346, 0.22043874859809875, 0.19188033044338226, 0.17697417736053467, 0.16695524752140045, 0.16670635342597961, 0.1544785499572754, 0.1510537564754486, 0.1441190242767334, 0.14107830822467804, 0.13992184400558472, 0.13765111565589905, 0.13639697432518005, 0.13517744839191437, 0.13531434535980225, 0.13497689366340637, 0.13331468403339386, 0.1357727348804474, 0.13156108558177948, 0.13288693130016327, 0.1347610354423523, 0.1419244110584259, 0.13056328892707825, 0.1340707689523697, 0.13181652128696442, 0.13383705914020538, 0.13395234942436218, 0.1299794465303421, 0.130417600274086, 0.1297151893377304, 0.1350497156381607, 0.1295679211616516, 0.12960168719291687, 0.13372144103050232, 0.13939730823040009, 0.13046841323375702, 0.12940120697021484, 0.12945078313350677, 0.13255150616168976, 0.13782250881195068, 0.12944988906383514, 0.12970921397209167, 0.12970268726348877, 0.1310637891292572, 0.13198208808898926, 0.12996181845664978, 0.1314343959093094, 0.12958234548568726, 0.1325337141752243, 0.1400013118982315, 0.1300935596227646, 0.13009341061115265, 0.1306546926498413, 0.1360560804605484, 0.13155031204223633, 0.13132905960083008, 0.12987308204174042, 0.13072469830513, 0.12985169887542725, 0.1295144259929657, 0.1306575983762741, 0.12997028231620789, 0.12975990772247314, 0.13001717627048492, 0.1315997838973999, 0.14060664176940918, 0.13138829171657562, 0.1348905712366104, 0.1298193335533142, 0.13099554181098938, 0.1299709975719452, 0.13148339092731476, 0.13001397252082825, 0.13598936796188354, 0.13141708076000214, 0.12982305884361267, 0.13017678260803223, 0.13321514427661896, 0.1337980479001999, 0.1303042620420456, 0.1300761103630066, 0.13088127970695496, 0.13102704286575317, 0.12988117337226868, 0.13174010813236237, 0.1307913064956665, 0.1304367333650589, 0.13382989168167114, 0.13023659586906433, 0.13246314227581024, 0.13004697859287262, 0.13023033738136292, 0.13904105126857758, 0.13112662732601166, 0.13971585035324097],