{"loss": [0.49660512804985046, 0.4437040686607361, 0.373365193605423, 0.2934004068374634, 0.233038991689682, 0.19437645375728607, 0.17288129031658173, 0.1587269902229309, 0.14810167253017426, 0.1410532146692276, 0.13696594536304474, 0.13387341797351837, 0.1310940533876419, 0.12960542738437653, 0.1281009316444397, 0.12674537301063538, 0.12752588093280792, 0.12510870397090912, 0.12523402273654938, 0.12279432266950607, 0.12292951345443726, 0.1219375878572464, 0.12255389988422394, 0.12224291265010834, 0.12123376131057739, 0.12200818955898285, 0.12173207104206085, 0.12004289776086807, 0.12003359943628311, 0.11894071847200394, 0.12018736451864243, 0.11892283707857132, 0.11983833461999893, 0.11994776129722595, 0.1196405291557312, 0.11977232247591019, 0.11873139441013336, 0.11821270734071732, 0.11789257824420929, 0.11867216974496841, 0.11762676388025284, 0.11815408617258072, 0.11747477948665619, 0.11921785771846771, 0.1178063452243805, 0.11730495095252991, 0.11815834045410156, 0.11647488921880722, 0.1167239397764206, 0.11618451029062271, 0.1162765771150589, 0.11695612221956253, 0.11664699018001556, 0.11825279891490936, 0.11679715663194656, 0.11697857081890106, 0.11615297943353653, 0.11650966107845306, 0.11700154095888138, 0.11556357890367508, 0.11588333547115326, 0.11644382774829865, 0.11602999269962311, 0.11579964309930801, 0.11732921749353409, 0.11545459181070328, 0.11522800475358963, 0.116792693734169, 0.11578943580389023, 0.11641819030046463, 0.11571832746267319, 0.11705298721790314, 0.11586438864469528, 0.11415597796440125, 0.11678986996412277, 0.11478996276855469, 0.1151040643453598, 0.11459667980670929, 0.11491487920284271, 0.11538130789995193, 0.11549963802099228, 0.11440432071685791, 0.11703593283891678, 0.11498681455850601, 0.11467800289392471, 0.11503349244594574, 0.1152278333902359, 0.11484318971633911, 0.11422231793403625, 0.11450166255235672, 0.1136910617351532, 0.11473465710878372, 0.1136176735162735, 0.11430931091308594, 0.11506795138120651, 0.11267729103565216, 0.11342163383960724, 0.11389651149511337, 0.11383673548698425, 0.11281419545412064], "accuracy": [0.7943478226661682, 0.7997826337814331, 0.8138043284416199, 0.8808695673942566, 0.9226086735725403, 0.9393478035926819, 0.948369562625885, 0.9514130353927612, 0.9544565081596375, 0.955978274345398, 0.9564130306243896, 0.9571738839149475, 0.9572826027870178, 0.9583695530891418, 0.9582608938217163, 0.9591304063796997, 0.9593478441238403, 0.9599999785423279, 0.9578260779380798, 0.9602174162864685, 0.958695650100708, 0.9607608914375305, 0.9607608914375305, 0.9598913192749023, 0.9606521725654602, 0.9599999785423279, 0.9605434536933899, 0.9610869288444519, 0.9620652198791504, 0.9599999785423279, 0.9610869288444519, 0.9607608914375305, 0.960869550704956, 0.9609782695770264, 0.9613043665885925, 0.9611956477165222, 0.9607608914375305, 0.9618478417396545, 0.9622825980186462, 0.9621739387512207, 0.9620652198791504, 0.9634782671928406, 0.9626086950302124, 0.9605434536933899, 0.9620652198791504, 0.9619565010070801, 0.9620652198791504, 0.9628260731697083, 0.9622825980186462, 0.9618478417396545, 0.9631521701812744, 0.9628260731697083, 0.9620652198791504, 0.9620652198791504, 0.9632608890533447, 0.9633695483207703, 0.9636956453323364, 0.9619565010070801, 0.9617391228675842, 0.9631521701812744, 0.9630434513092041, 0.9633695483207703, 0.9619565010070801, 0.9641304612159729, 0.9620652198791504, 0.9634782671928406, 0.9627174139022827, 0.9611956477165222, 0.9622825980186462, 0.9617391228675842, 0.9627174139022827, 0.9633695483207703, 0.9636956453323364, 0.9636956453323364, 0.9621739387512207, 0.9632608890533447, 0.9639130234718323, 0.9630434513092041, 0.9629347920417786, 0.9631521701812744, 0.9620652198791504, 0.9640217423439026, 0.9621739387512207, 0.960869550704956, 0.9640217423439026, 0.9628260731697083, 0.9622825980186462, 0.9618478417396545, 0.9629347920417786, 0.9634782671928406, 0.9624999761581421, 0.9620652198791504, 0.9623913168907166, 0.9622825980186462, 0.9641304612159729, 0.9630434513092041, 0.9641304612159729, 0.9626086950302124, 0.9638043642044067, 0.9635869860649109], "val_loss": [0.4665995240211487, 0.4121640622615814, 0.34493640065193176, 0.2640513777732849, 0.21830031275749207, 0.18873435258865356, 0.1819368153810501, 0.1605989784002304, 0.15122202038764954, 0.14725489914417267, 0.1448190063238144, 0.14463813602924347, 0.13851743936538696, 0.13638077676296234, 0.13758301734924316, 0.14059294760227203, 0.13676868379116058, 0.13923195004463196, 0.14080683887004852, 0.13470259308815002, 0.1318855583667755, 0.13169148564338684, 0.13104428350925446, 0.1316343992948532, 0.13486097753047943, 0.13052116334438324, 0.13144782185554504, 0.13208630681037903, 0.13592658936977386, 0.13048924505710602, 0.130451500415802, 0.13408926129341125, 0.13169385492801666, 0.14072437584400177, 0.13007836043834686, 0.1344301998615265, 0.13030828535556793, 0.12959176301956177, 0.1330508142709732, 0.1309870481491089, 0.12978149950504303, 0.1307123750448227, 0.13365969061851501, 0.13413473963737488, 0.13486327230930328, 0.1314133256673813, 0.14455018937587738, 0.13072414696216583, 0.1306682527065277, 0.1310759037733078, 0.1349550038576126, 0.13038557767868042, 0.1557658463716507, 0.13463687896728516, 0.1303682178258896, 0.13299407064914703, 0.13143232464790344, 0.13188156485557556, 0.13009868562221527, 0.13058841228485107, 0.13653887808322906, 0.1334804743528366, 0.13108009099960327, 0.1299266517162323, 0.13332444429397583, 0.13029101490974426, 0.1323651224374771, 0.1294921189546585, 0.13195326924324036, 0.13200078904628754, 0.13847649097442627, 0.1302032321691513, 0.13033297657966614, 0.13067547976970673, 0.13435733318328857, 0.13071586191654205, 0.13086271286010742, 0.13168664276599884, 0.1301289200782776, 0.1315205693244934, 0.13109679520130157, 0.12963558733463287, 0.12949250638484955, 0.1307373046875, 0.14418214559555054, 0.13110823929309845, 0.13646796345710754, 0.13285011053085327, 0.13430903851985931, 0.13745440542697906, 0.12868385016918182, 0.1315741091966629, 0.12900012731552124, 0.13100026547908783, 0.1312682330608368, 0.13386912643909454, 0.1312023252248764, 0.13002654910087585, 0.12998314201831818, 0.1360379159450531],