{"loss": [0.4840252995491028, 0.37988603115081787, 0.2558034062385559, 0.19090931117534637, 0.16094298660755157, 0.1465471386909485, 0.14179778099060059, 0.1333499550819397, 0.13159486651420593, 0.12824450433254242, 0.12667612731456757, 0.12624101340770721, 0.12445926666259766, 0.12565355002880096, 0.12537580728530884, 0.12400336563587189, 0.12290754169225693, 0.1236725002527237, 0.1228884756565094, 0.12147090584039688, 0.12301948666572571, 0.12312374264001846, 0.12244321405887604, 0.12243229150772095, 0.1214258223772049, 0.12019173055887222, 0.1213160902261734, 0.11990533024072647, 0.12258730828762054, 0.12198106944561005, 0.12037616223096848, 0.12317472696304321, 0.11987914890050888, 0.119723379611969, 0.12187790870666504, 0.12242138385772705, 0.11904168128967285, 0.11940750479698181, 0.11939742416143417, 0.1189410388469696, 0.12077192217111588, 0.11833352595567703, 0.12020603567361832, 0.12007662653923035, 0.1190003901720047, 0.12008947134017944, 0.11807414144277573, 0.11915870755910873, 0.11839716136455536, 0.11922480165958405, 0.12004294991493225, 0.1172233372926712, 0.11805572360754013, 0.11740095168352127, 0.11836697906255722, 0.12088573724031448, 0.11884333193302155, 0.11799439787864685, 0.12003377825021744, 0.11765513569116592, 0.1171695739030838, 0.11758140474557877, 0.11556541174650192, 0.11716361343860626, 0.11687952280044556, 0.1170538067817688, 0.11690064519643784, 0.11644157022237778, 0.1167014092206955, 0.11606985330581665, 0.11663521081209183, 0.1183001697063446, 0.11795171350240707, 0.11729703098535538, 0.11725112050771713, 0.1178947240114212, 0.11591106653213501, 0.11650615930557251, 0.11679732799530029, 0.11571495980024338, 0.11866539716720581, 0.11787237972021103, 0.11397624015808105, 0.11691935360431671, 0.11515774577856064, 0.11614629626274109, 0.11397113651037216, 0.11434773355722427, 0.11579162627458572, 0.1180552989244461, 0.1147913932800293, 0.11459848284721375, 0.11419904977083206, 0.11396616697311401, 0.11543712019920349, 0.11557313054800034, 0.11440219730138779, 0.11367643624544144, 0.11422071605920792, 0.11453066766262054], "accuracy": [0.7956521511077881, 0.8139130473136902, 0.9089130163192749, 0.9413043260574341, 0.9514130353927612, 0.9549999833106995, 0.9546738862991333, 0.9580434560775757, 0.9588043689727783, 0.9578260779380798, 0.959782600402832, 0.9590217471122742, 0.9613043665885925, 0.9590217471122742, 0.9599999785423279, 0.9599999785423279, 0.9606521725654602, 0.9611956477165222, 0.9602174162864685, 0.9605434536933899, 0.9607608914375305, 0.9596739411354065, 0.9596739411354065, 0.9610869288444519, 0.9614130258560181, 0.9613043665885925, 0.9601086974143982, 0.9614130258560181, 0.9589130282402039, 0.9593478441238403, 0.9620652198791504, 0.9599999785423279, 0.9628260731697083, 0.9613043665885925, 0.9610869288444519, 0.9609782695770264, 0.9627174139022827, 0.9622825980186462, 0.9604347944259644, 0.9627174139022827, 0.9617391228675842, 0.9621739387512207, 0.9601086974143982, 0.9615217447280884, 0.9620652198791504, 0.9607608914375305, 0.9627174139022827, 0.9615217447280884, 0.9629347920417786, 0.9604347944259644, 0.960326075553894, 0.9622825980186462, 0.9623913168907166, 0.9621739387512207, 0.9627174139022827, 0.9596739411354065, 0.9631521701812744, 0.9633695483207703, 0.9613043665885925, 0.9617391228675842, 0.9630434513092041, 0.9622825980186462, 0.9627174139022827, 0.9627174139022827, 0.9617391228675842, 0.9621739387512207, 0.9622825980186462, 0.9633695483207703, 0.9629347920417786, 0.9635869860649109, 0.9628260731697083, 0.9616304636001587, 0.9631521701812744, 0.9624999761581421, 0.9614130258560181, 0.9621739387512207, 0.9616304636001587, 0.9639130234718323, 0.9617391228675842, 0.9626086950302124, 0.9607608914375305, 0.9607608914375305, 0.9615217447280884, 0.9623913168907166, 0.9620652198791504, 0.9616304636001587, 0.9628260731697083, 0.9633695483207703, 0.9620652198791504, 0.9623913168907166, 0.9630434513092041, 0.9630434513092041, 0.9634782671928406, 0.9634782671928406, 0.9621739387512207, 0.9623913168907166, 0.9631521701812744, 0.9643478393554688, 0.9642391204833984, 0.9620652198791504], "val_loss": [0.4399661719799042, 0.3178851902484894, 0.22537459433078766, 0.17877031862735748, 0.15820924937725067, 0.15420982241630554, 0.14754775166511536, 0.13925053179264069, 0.15576347708702087, 0.13849632441997528, 0.134810209274292, 0.13475969433784485, 0.13834789395332336, 0.13910436630249023, 0.13268214464187622, 0.1384725421667099, 0.13249726593494415, 0.1323637068271637, 0.1340915709733963, 0.1321667730808258, 0.13215717673301697, 0.13196146488189697, 0.13318432867527008, 0.13778164982795715, 0.13966825604438782, 0.133168563246727, 0.13179633021354675, 0.1321629285812378, 0.13235291838645935, 0.13230706751346588, 0.13361510634422302, 0.13257145881652832, 0.13615931570529938, 0.1376028209924698, 0.13375940918922424, 0.1571255624294281, 0.13858242332935333, 0.13178333640098572, 0.1394101083278656, 0.13355514407157898, 0.13164107501506805, 0.13840819895267487, 0.13414977490901947, 0.13779790699481964, 0.1322772353887558, 0.13281922042369843, 0.13286782801151276, 0.13713039457798004, 0.13374386727809906, 0.14687088131904602, 0.13276509940624237, 0.1315409243106842, 0.1319080889225006, 0.14633025228977203, 0.15534044802188873, 0.13177704811096191, 0.13465459644794464, 0.1479078084230423, 0.1358242928981781, 0.13059881329536438, 0.13841348886489868, 0.13061664998531342, 0.13957162201404572, 0.14016598463058472, 0.14352773129940033, 0.1405894160270691, 0.1297389566898346, 0.13028676807880402, 0.157944917678833, 0.13190799951553345, 0.13302923738956451, 0.13328780233860016, 0.13473118841648102, 0.1311289519071579, 0.1302163153886795, 0.13060256838798523, 0.13553839921951294, 0.1413009911775589, 0.13782981038093567, 0.1309094876050949, 0.13135182857513428, 0.13087047636508942, 0.13204316794872284, 0.12883828580379486, 0.13183894753456116, 0.12948450446128845, 0.1305927187204361, 0.13396896421909332, 0.14661721885204315, 0.13574303686618805, 0.13446518778800964, 0.1316194385290146, 0.1303638368844986, 0.128212571144104, 0.1326383799314499, 0.1385892927646637, 0.12841659784317017, 0.13677991926670074, 0.1284937709569931, 0.1372578740119934],