{"loss": [0.48111259937286377, 0.37159571051597595, 0.24685053527355194, 0.18295994400978088, 0.15807318687438965, 0.14586994051933289, 0.13759933412075043, 0.13410986959934235, 0.13049258291721344, 0.12736481428146362, 0.12899459898471832, 0.12620829045772552, 0.12581312656402588, 0.1254437118768692, 0.12631814181804657, 0.12686699628829956, 0.12577217817306519, 0.12620358169078827, 0.12464172393083572, 0.12602251768112183, 0.12344647943973541, 0.12337891757488251, 0.12090998142957687, 0.12107338011264801, 0.12116944789886475, 0.12350242584943771, 0.12115485221147537, 0.12222584336996078, 0.11987979710102081, 0.1228213906288147, 0.12119639664888382, 0.12210085988044739, 0.1198568046092987, 0.11957807093858719, 0.1230296939611435, 0.11899230629205704, 0.11874993145465851, 0.1215827614068985, 0.11963196098804474, 0.12075996398925781, 0.1183481514453888, 0.12161938101053238, 0.1200018972158432, 0.11936653405427933, 0.11970379203557968, 0.1204066276550293, 0.11952158063650131, 0.11781617254018784, 0.1207648515701294, 0.1191154420375824, 0.11761223524808884, 0.11888451874256134, 0.11910519748926163, 0.11861997842788696, 0.11998827010393143, 0.11716926842927933, 0.11765290796756744, 0.11689821630716324, 0.11724046617746353, 0.11870364099740982, 0.11723514646291733, 0.11721524596214294, 0.11809048801660538, 0.11755064874887466, 0.11712794005870819, 0.11743556708097458, 0.11853621900081635, 0.11855820566415787, 0.1164504736661911, 0.11610241234302521, 0.11677128076553345, 0.11920148879289627, 0.11678311228752136, 0.11670886725187302, 0.11656273901462555, 0.11737888306379318, 0.11677610874176025, 0.11757032573223114, 0.11542460322380066, 0.1170937716960907, 0.11434660851955414, 0.11667495220899582, 0.11695355921983719, 0.11510312557220459, 0.11499237269163132, 0.11504115909337997, 0.11525731533765793, 0.11560176312923431, 0.11588727682828903, 0.11538787931203842, 0.11532416194677353, 0.115533247590065, 0.11835931986570358, 0.11438314616680145, 0.11561008542776108, 0.11358021944761276, 0.11347397416830063, 0.11515858769416809, 0.11348846554756165, 0.11460845917463303], "accuracy": [0.7997826337814331, 0.8194565176963806, 0.9115217328071594, 0.9435869455337524, 0.9510869383811951, 0.9552174210548401, 0.95652174949646, 0.9578260779380798, 0.9580434560775757, 0.959782600402832, 0.9590217471122742, 0.960869550704956, 0.960326075553894, 0.9616304636001587, 0.9607608914375305, 0.960326075553894, 0.960869550704956, 0.9598913192749023, 0.960326075553894, 0.9599999785423279, 0.9606521725654602, 0.9610869288444519, 0.9616304636001587, 0.9621739387512207, 0.9610869288444519, 0.9599999785423279, 0.9610869288444519, 0.9620652198791504, 0.9622825980186462, 0.9607608914375305, 0.9631521701812744, 0.9601086974143982, 0.9629347920417786, 0.9627174139022827, 0.9611956477165222, 0.9618478417396545, 0.9624999761581421, 0.9621739387512207, 0.9626086950302124, 0.9615217447280884, 0.9627174139022827, 0.9618478417396545, 0.9616304636001587, 0.9617391228675842, 0.9609782695770264, 0.9615217447280884, 0.9619565010070801, 0.9620652198791504, 0.9599999785423279, 0.9626086950302124, 0.9638043642044067, 0.9632608890533447, 0.9605434536933899, 0.9622825980186462, 0.9611956477165222, 0.9621739387512207, 0.9629347920417786, 0.9624999761581421, 0.9638043642044067, 0.9621739387512207, 0.9605434536933899, 0.9615217447280884, 0.9626086950302124, 0.9632608890533447, 0.9642391204833984, 0.9605434536933899, 0.9615217447280884, 0.9626086950302124, 0.9620652198791504, 0.9615217447280884, 0.9626086950302124, 0.9615217447280884, 0.9611956477165222, 0.9629347920417786, 0.9622825980186462, 0.9623913168907166, 0.9639130234718323, 0.9636956453323364, 0.9633695483207703, 0.9630434513092041, 0.9641304612159729, 0.9620652198791504, 0.9622825980186462, 0.9623913168907166, 0.9631521701812744, 0.9639130234718323, 0.9624999761581421, 0.9623913168907166, 0.9619565010070801, 0.9628260731697083, 0.9624999761581421, 0.9629347920417786, 0.9618478417396545, 0.9634782671928406, 0.9636956453323364, 0.9633695483207703, 0.9636956453323364, 0.9633695483207703, 0.9641304612159729, 0.9641304612159729], "val_loss": [0.43820053339004517, 0.30248305201530457, 0.20982563495635986, 0.17174935340881348, 0.15692365169525146, 0.14701947569847107, 0.14230597019195557, 0.13946281373500824, 0.14273162186145782, 0.13689617812633514, 0.13657009601593018, 0.1441984474658966, 0.1336612105369568, 0.1383739709854126, 0.13341759145259857, 0.1363254338502884, 0.13626356422901154, 0.13241803646087646, 0.13909906148910522, 0.13148656487464905, 0.1327390819787979, 0.13736200332641602, 0.13216109573841095, 0.1505485475063324, 0.13629527390003204, 0.13134057819843292, 0.15278121829032898, 0.13168743252754211, 0.13284321129322052, 0.13949765264987946, 0.13667844235897064, 0.13665147125720978, 0.13396911323070526, 0.14458876848220825, 0.13134180009365082, 0.13427287340164185, 0.1318129301071167, 0.13082794845104218, 0.15744933485984802, 0.13176682591438293, 0.13158172369003296, 0.13130511343479156, 0.14156845211982727, 0.13111145794391632, 0.13349108397960663, 0.1389421969652176, 0.15860450267791748, 0.13063563406467438, 0.13008975982666016, 0.12990298867225647, 0.1299789696931839, 0.136639803647995, 0.13118775188922882, 0.13288161158561707, 0.12906692922115326, 0.13196462392807007, 0.13267755508422852, 0.1306690126657486, 0.14006216824054718, 0.1309020072221756, 0.13119269907474518, 0.13285879790782928, 0.1318318247795105, 0.129618301987648, 0.12984062731266022, 0.1310255229473114, 0.13062383234500885, 0.13009661436080933, 0.13375841081142426, 0.1437329798936844, 0.13182203471660614, 0.12878423929214478, 0.13676443696022034, 0.12901577353477478, 0.13770538568496704, 0.12847267091274261, 0.1306735724210739, 0.12775643169879913, 0.1341344118118286, 0.13192424178123474, 0.13312117755413055, 0.16958385705947876, 0.12772712111473083, 0.12993988394737244, 0.13077428936958313, 0.1320047229528427, 0.1488422304391861, 0.1326826512813568, 0.13113078474998474, 0.13424889743328094, 0.13885560631752014, 0.1290043443441391, 0.12987108528614044, 0.12758928537368774, 0.14160855114459991, 0.1300424337387085, 0.1379304677248001, 0.1348285973072052, 0.13687585294246674, 0.12764470279216766],