{"loss": [0.49684417247772217, 0.41451364755630493, 0.2963513135910034, 0.21486984193325043, 0.17583566904067993, 0.15525934100151062, 0.14470277726650238, 0.137918621301651, 0.13281060755252838, 0.13021737337112427, 0.13010746240615845, 0.12849943339824677, 0.126851886510849, 0.12613041698932648, 0.1260032206773758, 0.12506772577762604, 0.12358604371547699, 0.12431034445762634, 0.12432411313056946, 0.12195425480604172, 0.12195464968681335, 0.12178400158882141, 0.12051600217819214, 0.12194967269897461, 0.12108447402715683, 0.12073338031768799, 0.12277309596538544, 0.12170974165201187, 0.12071725726127625, 0.11960858106613159, 0.12188013643026352, 0.11898814141750336, 0.12090682238340378, 0.12004172801971436, 0.11939329653978348, 0.11840703338384628, 0.11905381083488464, 0.11834175139665604, 0.12129420787096024, 0.1185116320848465, 0.11935584992170334, 0.12022540718317032, 0.11878439038991928, 0.11997225880622864, 0.11994951218366623, 0.11955215781927109, 0.1183605045080185, 0.11983010917901993, 0.11788564920425415, 0.12034764885902405, 0.11822810769081116, 0.11868688464164734, 0.11793016642332077, 0.11833242326974869, 0.1180635392665863, 0.11848221719264984, 0.11991918087005615, 0.11872357875108719, 0.11918298155069351, 0.11818256229162216, 0.12016765773296356, 0.1194746196269989, 0.11920597404241562, 0.11909573525190353, 0.11691249907016754, 0.11733090877532959, 0.11635313928127289, 0.11759668588638306, 0.11775804311037064, 0.11836808174848557, 0.11667874455451965, 0.11921832710504532, 0.11687181890010834, 0.11656958609819412, 0.1188143938779831, 0.11778046935796738, 0.11699904501438141, 0.11733268201351166, 0.11832080036401749, 0.1161142885684967, 0.11892596632242203, 0.11604645848274231, 0.11695633828639984, 0.1179952472448349, 0.11702702939510345, 0.11662421375513077, 0.11781366914510727, 0.11488719284534454, 0.11650848388671875, 0.11664853245019913, 0.11613695323467255, 0.11583356559276581, 0.11522780358791351, 0.11744088679552078, 0.11645115166902542, 0.11709808558225632, 0.11562678962945938, 0.11705894023180008, 0.1161385327577591, 0.11584760248661041], "accuracy": [0.7904347777366638, 0.8030434846878052, 0.8763043284416199, 0.9315217137336731, 0.9474999904632568, 0.9536956548690796, 0.9560869336128235, 0.9563043713569641, 0.9579347968101501, 0.959782600402832, 0.9589130282402039, 0.9593478441238403, 0.9596739411354065, 0.9606521725654602, 0.9598913192749023, 0.960326075553894, 0.9618478417396545, 0.9610869288444519, 0.960869550704956, 0.9606521725654602, 0.9606521725654602, 0.9604347944259644, 0.9621739387512207, 0.9617391228675842, 0.9606521725654602, 0.9610869288444519, 0.9596739411354065, 0.9618478417396545, 0.9616304636001587, 0.9618478417396545, 0.9611956477165222, 0.9632608890533447, 0.9611956477165222, 0.9620652198791504, 0.9620652198791504, 0.9627174139022827, 0.9614130258560181, 0.9618478417396545, 0.9622825980186462, 0.9624999761581421, 0.9621739387512207, 0.9616304636001587, 0.9624999761581421, 0.9613043665885925, 0.9618478417396545, 0.9623913168907166, 0.9632608890533447, 0.9611956477165222, 0.9626086950302124, 0.9614130258560181, 0.9609782695770264, 0.9607608914375305, 0.9618478417396545, 0.9606521725654602, 0.9618478417396545, 0.9629347920417786, 0.9611956477165222, 0.9618478417396545, 0.9614130258560181, 0.9606521725654602, 0.9604347944259644, 0.9613043665885925, 0.9624999761581421, 0.9616304636001587, 0.9628260731697083, 0.9626086950302124, 0.9632608890533447, 0.9622825980186462, 0.9620652198791504, 0.9614130258560181, 0.9623913168907166, 0.9620652198791504, 0.9623913168907166, 0.9628260731697083, 0.9626086950302124, 0.9620652198791504, 0.9618478417396545, 0.9613043665885925, 0.9615217447280884, 0.9634782671928406, 0.9622825980186462, 0.9630434513092041, 0.9631521701812744, 0.9626086950302124, 0.9619565010070801, 0.9627174139022827, 0.9621739387512207, 0.9635869860649109, 0.9638043642044067, 0.9621739387512207, 0.9626086950302124, 0.9613043665885925, 0.9631521701812744, 0.9619565010070801, 0.9622825980186462, 0.9621739387512207, 0.9631521701812744, 0.9638043642044067, 0.9640217423439026, 0.9624999761581421], "val_loss": [0.476359486579895, 0.35912489891052246, 0.250815212726593, 0.1948043555021286, 0.16906054317951202, 0.15606194734573364, 0.1603662520647049, 0.14435283839702606, 0.1424972414970398, 0.13843832910060883, 0.1635531634092331, 0.13877782225608826, 0.1344262659549713, 0.15028609335422516, 0.13903310894966125, 0.14385759830474854, 0.13404758274555206, 0.1329559087753296, 0.1318364441394806, 0.14043408632278442, 0.13188529014587402, 0.1316729038953781, 0.1398475170135498, 0.13301610946655273, 0.13097581267356873, 0.13574090600013733, 0.14799821376800537, 0.14549778401851654, 0.13052883744239807, 0.1345919966697693, 0.1307450830936432, 0.1307951658964157, 0.13992123305797577, 0.13391365110874176, 0.13117966055870056, 0.132923886179924, 0.13189232349395752, 0.13176032900810242, 0.13328073918819427, 0.1315384954214096, 0.13405972719192505, 0.13551798462867737, 0.1322350949048996, 0.13131096959114075, 0.14746947586536407, 0.13840779662132263, 0.13217729330062866, 0.1355970948934555, 0.12989310920238495, 0.13325734436511993, 0.13252319395542145, 0.13103273510932922, 0.13089852035045624, 0.1298636496067047, 0.13122369349002838, 0.1630021184682846, 0.12952569127082825, 0.13323858380317688, 0.13732124865055084, 0.1305476725101471, 0.1320735514163971, 0.1298704296350479, 0.13089673221111298, 0.13102148473262787, 0.13449467718601227, 0.13026075065135956, 0.12870799005031586, 0.13197335600852966, 0.13561347126960754, 0.13186953961849213, 0.12996245920658112, 0.13993768393993378, 0.13015946745872498, 0.1317729353904724, 0.13018788397312164, 0.1343078464269638, 0.12991847097873688, 0.13293558359146118, 0.12986350059509277, 0.13193829357624054, 0.1311647742986679, 0.1298370361328125, 0.13072551786899567, 0.13148993253707886, 0.12865549325942993, 0.12976635992527008, 0.13541840016841888, 0.13797277212142944, 0.1290591061115265, 0.12769773602485657, 0.12843090295791626, 0.12857426702976227, 0.13310649991035461, 0.13336028158664703, 0.1335563212633133, 0.13431744277477264, 0.1306738555431366, 0.1287318766117096, 0.1323586106300354, 0.13770096004009247],