{"loss": [0.48691657185554504, 0.39525550603866577, 0.2669934630393982, 0.19566762447357178, 0.16377809643745422, 0.15006844699382782, 0.14031782746315002, 0.13482064008712769, 0.13078495860099792, 0.13031183183193207, 0.12877309322357178, 0.12623916566371918, 0.12617972493171692, 0.1275181621313095, 0.12512512505054474, 0.12573042511940002, 0.12473436444997787, 0.1253231316804886, 0.12276463955640793, 0.12377520650625229, 0.12295576184988022, 0.12224976718425751, 0.12341954559087753, 0.12089939415454865, 0.12178763747215271, 0.12243213504552841, 0.12337937206029892, 0.11957240849733353, 0.12238594144582748, 0.12163300812244415, 0.12104364484548569, 0.11973831802606583, 0.12097740918397903, 0.11963104456663132, 0.1210324764251709, 0.11865976452827454, 0.11783082038164139, 0.11961425840854645, 0.12095275521278381, 0.12132328003644943, 0.11952760070562363, 0.11996021121740341, 0.11989106237888336, 0.1178320050239563, 0.1189383715391159, 0.11925985664129257, 0.11708471924066544, 0.11902589350938797, 0.1210494190454483, 0.1182209849357605, 0.11953390389680862, 0.1191515177488327, 0.11945507675409317, 0.12057323753833771, 0.11921379715204239, 0.11918079853057861, 0.11705323308706284, 0.11830071359872818, 0.11790581792593002, 0.11831723153591156, 0.11721247434616089, 0.11919701844453812, 0.11629276722669601, 0.11954031139612198, 0.11651652306318283, 0.1181267648935318, 0.11853156238794327, 0.11741858720779419, 0.11644186079502106, 0.11757795512676239, 0.11736409366130829, 0.11849123984575272, 0.11975663155317307, 0.11706192791461945, 0.11712310463190079, 0.11797408759593964, 0.11659655719995499, 0.11717275530099869, 0.11861378699541092, 0.11837252229452133, 0.11558400094509125, 0.11857298761606216, 0.11832183599472046, 0.11679971218109131, 0.11825903505086899, 0.11536625027656555, 0.11919073015451431, 0.1160643994808197, 0.1175624430179596, 0.12019339203834534, 0.11595315486192703, 0.11861500889062881, 0.11572951823472977, 0.11592407524585724, 0.11742714047431946, 0.11829268932342529, 0.1166151762008667, 0.11513638496398926, 0.11578132957220078, 0.11779116094112396], "accuracy": [0.7971739172935486, 0.8085869550704956, 0.8995652198791504, 0.9397826194763184, 0.9510869383811951, 0.9542391300201416, 0.9566304087638855, 0.9564130306243896, 0.958695650100708, 0.9588043689727783, 0.9579347968101501, 0.9591304063796997, 0.9583695530891418, 0.9602174162864685, 0.9591304063796997, 0.9591304063796997, 0.9609782695770264, 0.9591304063796997, 0.960869550704956, 0.9594565033912659, 0.960326075553894, 0.960326075553894, 0.9578260779380798, 0.9615217447280884, 0.9615217447280884, 0.9609782695770264, 0.9606521725654602, 0.9609782695770264, 0.9613043665885925, 0.9611956477165222, 0.9609782695770264, 0.9611956477165222, 0.9617391228675842, 0.9620652198791504, 0.9621739387512207, 0.9630434513092041, 0.9620652198791504, 0.9614130258560181, 0.9611956477165222, 0.9613043665885925, 0.9615217447280884, 0.9619565010070801, 0.9622825980186462, 0.9620652198791504, 0.9618478417396545, 0.9614130258560181, 0.9626086950302124, 0.9616304636001587, 0.9624999761581421, 0.9626086950302124, 0.9624999761581421, 0.9616304636001587, 0.9607608914375305, 0.9615217447280884, 0.9626086950302124, 0.9621739387512207, 0.9615217447280884, 0.9617391228675842, 0.9618478417396545, 0.9618478417396545, 0.9620652198791504, 0.9616304636001587, 0.9636956453323364, 0.9624999761581421, 0.9621739387512207, 0.9630434513092041, 0.9633695483207703, 0.9622825980186462, 0.9622825980186462, 0.960869550704956, 0.9615217447280884, 0.9610869288444519, 0.9610869288444519, 0.9626086950302124, 0.9630434513092041, 0.9618478417396545, 0.9631521701812744, 0.9628260731697083, 0.9614130258560181, 0.9621739387512207, 0.9633695483207703, 0.960869550704956, 0.9623913168907166, 0.9615217447280884, 0.9636956453323364, 0.9632608890533447, 0.9602174162864685, 0.9626086950302124, 0.9611956477165222, 0.9610869288444519, 0.9632608890533447, 0.9609782695770264, 0.9630434513092041, 0.9643478393554688, 0.9606521725654602, 0.9616304636001587, 0.9622825980186462, 0.9630434513092041, 0.9628260731697083, 0.9623913168907166], "val_loss": [0.45328670740127563, 0.32669034600257874, 0.2271874099969864, 0.1862565279006958, 0.17495952546596527, 0.15065225958824158, 0.15121421217918396, 0.14026948809623718, 0.13922283053398132, 0.13628390431404114, 0.14285150170326233, 0.13470657169818878, 0.13924133777618408, 0.13477733731269836, 0.13552312552928925, 0.13300897181034088, 0.13284432888031006, 0.1337447315454483, 0.13181892037391663, 0.14497675001621246, 0.13590329885482788, 0.13538004457950592, 0.1314869523048401, 0.13166192173957825, 0.13066400587558746, 0.1425013542175293, 0.14358431100845337, 0.13156671822071075, 0.13082833588123322, 0.13896054029464722, 0.13582400977611542, 0.13490919768810272, 0.14054745435714722, 0.15031738579273224, 0.1579645723104477, 0.13058818876743317, 0.13114608824253082, 0.13106414675712585, 0.132411926984787, 0.13733536005020142, 0.132917121052742, 0.1353735774755478, 0.14052172005176544, 0.16343246400356293, 0.13018952310085297, 0.1361243575811386, 0.13177481293678284, 0.13099373877048492, 0.13125492632389069, 0.1313830465078354, 0.13694292306900024, 0.13456693291664124, 0.1324983537197113, 0.14092522859573364, 0.15145771205425262, 0.12987031042575836, 0.13103656470775604, 0.13104844093322754, 0.13073773682117462, 0.13503043353557587, 0.13320209085941315, 0.1305212676525116, 0.166285440325737, 0.14088891446590424, 0.13471198081970215, 0.13046036660671234, 0.12963749468326569, 0.13568876683712006, 0.13342183828353882, 0.13054727017879486, 0.1298888623714447, 0.1302299052476883, 0.13164940476417542, 0.13106337189674377, 0.16246964037418365, 0.13001392781734467, 0.12864089012145996, 0.13531522452831268, 0.12948870658874512, 0.1299636960029602, 0.13706658780574799, 0.13278578221797943, 0.12793181836605072, 0.13171780109405518, 0.12866534292697906, 0.12985260784626007, 0.12887178361415863, 0.1299002766609192, 0.1287180334329605, 0.1482304483652115, 0.12966451048851013, 0.12978753447532654, 0.12887680530548096, 0.12756502628326416, 0.15055342018604279, 0.1280929297208786, 0.13925617933273315, 0.13903699815273285, 0.126943439245224, 0.12765930593013763],