{"loss": [0.4929672181606293, 0.39292603731155396, 0.26550328731536865, 0.19191409647464752, 0.16260740160942078, 0.14839492738246918, 0.13913500308990479, 0.1360851675271988, 0.13123606145381927, 0.13083375990390778, 0.12880656123161316, 0.1266355663537979, 0.12905718386173248, 0.12420263141393661, 0.12664198875427246, 0.12486766278743744, 0.12417563050985336, 0.12313877046108246, 0.12183243781328201, 0.12426681816577911, 0.12453629076480865, 0.12167033553123474, 0.12328792363405228, 0.12227990478277206, 0.12103437632322311, 0.12251072376966476, 0.12325756251811981, 0.12180233001708984, 0.12097310274839401, 0.12430749088525772, 0.1202348917722702, 0.12142068892717361, 0.12106265127658844, 0.12163025885820389, 0.12039168924093246, 0.12296856194734573, 0.12045609205961227, 0.11918788403272629, 0.11973665654659271, 0.11862191557884216, 0.12056728452444077, 0.1203671246767044, 0.1203843355178833, 0.11934058368206024, 0.11968334764242172, 0.11848174780607224, 0.11891525983810425, 0.12052512913942337, 0.11749189347028732, 0.11896584928035736, 0.11947634816169739, 0.12018055468797684, 0.11876984685659409, 0.11994557082653046, 0.11910380423069, 0.12033051997423172, 0.12038382142782211, 0.11733194440603256, 0.117324098944664, 0.11884943395853043, 0.11947456747293472, 0.11839848011732101, 0.11802731454372406, 0.11850421130657196, 0.11996055394411087, 0.1176614761352539, 0.11792208254337311, 0.11940449476242065, 0.11764775961637497, 0.11901170760393143, 0.12046538293361664, 0.11708157509565353, 0.11779642105102539, 0.11738085001707077, 0.11826373636722565, 0.11746560782194138, 0.11662798374891281, 0.11730814725160599, 0.11792352050542831, 0.11564884334802628, 0.11763396859169006, 0.11656326800584793, 0.11934875696897507, 0.1170438826084137, 0.11729203164577484, 0.11819654703140259, 0.11739201098680496, 0.11651014536619186, 0.11709537357091904, 0.11746799945831299, 0.12037704139947891, 0.1187925636768341, 0.11666625738143921, 0.11634760349988937, 0.11544337868690491, 0.11748187243938446, 0.11532612890005112, 0.11709973216056824, 0.11625140905380249, 0.11796636134386063], "accuracy": [0.791304349899292, 0.8111956715583801, 0.9011956453323364, 0.9420652389526367, 0.9506521821022034, 0.9545652270317078, 0.9569565057754517, 0.9557608962059021, 0.958695650100708, 0.9585869312286377, 0.959782600402832, 0.9598913192749023, 0.9602174162864685, 0.9605434536933899, 0.9601086974143982, 0.959782600402832, 0.9606521725654602, 0.960869550704956, 0.9609782695770264, 0.9604347944259644, 0.9594565033912659, 0.9601086974143982, 0.9623913168907166, 0.9606521725654602, 0.9616304636001587, 0.9596739411354065, 0.9614130258560181, 0.9616304636001587, 0.9618478417396545, 0.9598913192749023, 0.9618478417396545, 0.9605434536933899, 0.9605434536933899, 0.9601086974143982, 0.9615217447280884, 0.9602174162864685, 0.9611956477165222, 0.9624999761581421, 0.9622825980186462, 0.9628260731697083, 0.9622825980186462, 0.9611956477165222, 0.9611956477165222, 0.9616304636001587, 0.9611956477165222, 0.9619565010070801, 0.9613043665885925, 0.9610869288444519, 0.9620652198791504, 0.9617391228675842, 0.9620652198791504, 0.9619565010070801, 0.9619565010070801, 0.9630434513092041, 0.9627174139022827, 0.9605434536933899, 0.960869550704956, 0.9635869860649109, 0.9633695483207703, 0.9605434536933899, 0.9614130258560181, 0.9622825980186462, 0.9627174139022827, 0.9628260731697083, 0.9605434536933899, 0.9634782671928406, 0.9635869860649109, 0.9635869860649109, 0.9617391228675842, 0.9615217447280884, 0.9622825980186462, 0.9634782671928406, 0.9623913168907166, 0.9627174139022827, 0.9632608890533447, 0.9617391228675842, 0.9624999761581421, 0.9617391228675842, 0.9629347920417786, 0.9636956453323364, 0.9613043665885925, 0.9627174139022827, 0.9627174139022827, 0.9614130258560181, 0.9619565010070801, 0.9621739387512207, 0.9626086950302124, 0.9621739387512207, 0.9631521701812744, 0.9607608914375305, 0.960869550704956, 0.9609782695770264, 0.9629347920417786, 0.9627174139022827, 0.9630434513092041, 0.9633695483207703, 0.9638043642044067, 0.960869550704956, 0.9629347920417786, 0.9615217447280884], "val_loss": [0.46038201451301575, 0.32483240962028503, 0.22474674880504608, 0.1855406016111374, 0.15965010225772858, 0.14873816072940826, 0.14318451285362244, 0.14438264071941376, 0.14508472383022308, 0.13613803684711456, 0.13524101674556732, 0.13464389741420746, 0.14085137844085693, 0.13395541906356812, 0.13391005992889404, 0.14693966507911682, 0.13339564204216003, 0.14867962896823883, 0.1322912722826004, 0.1351172924041748, 0.1337524950504303, 0.1330769658088684, 0.13817502558231354, 0.13321319222450256, 0.13912248611450195, 0.13133901357650757, 0.13291972875595093, 0.13175137341022491, 0.13223260641098022, 0.1332726776599884, 0.13328558206558228, 0.1351364403963089, 0.14400726556777954, 0.13428163528442383, 0.13552118837833405, 0.13725459575653076, 0.1334693729877472, 0.13120925426483154, 0.14330078661441803, 0.13287633657455444, 0.13104364275932312, 0.13497190177440643, 0.1378270834684372, 0.1344342976808548, 0.13588763773441315, 0.13070182502269745, 0.13330566883087158, 0.13151764869689941, 0.13531775772571564, 0.1383560448884964, 0.14924123883247375, 0.13931314647197723, 0.13974852859973907, 0.13352850079536438, 0.1318526566028595, 0.13000378012657166, 0.1313491314649582, 0.1313176453113556, 0.13195432722568512, 0.13750015199184418, 0.13417233526706696, 0.13248611986637115, 0.13168734312057495, 0.1333664208650589, 0.1296452283859253, 0.15134499967098236, 0.13422860205173492, 0.13371488451957703, 0.13052290678024292, 0.13149456679821014, 0.13412566483020782, 0.13520941138267517, 0.13659745454788208, 0.13340742886066437, 0.12909084558486938, 0.1465781033039093, 0.14598126709461212, 0.135622039437294, 0.1324867159128189, 0.129280224442482, 0.13496758043766022, 0.13105987012386322, 0.1322704255580902, 0.12917307019233704, 0.1303071230649948, 0.14531874656677246, 0.1305972933769226, 0.13056395947933197, 0.14552508294582367, 0.13281267881393433, 0.1313895285129547, 0.12889984250068665, 0.129873126745224, 0.12967084348201752, 0.1335555613040924, 0.13832174241542816, 0.147744283080101, 0.13185784220695496, 0.13094379007816315, 0.12898674607276917],