{"loss": [0.4873916208744049, 0.4111117422580719, 0.29441335797309875, 0.2155791074037552, 0.17432758212089539, 0.15467007458209991, 0.14588333666324615, 0.13832280039787292, 0.13469155132770538, 0.13029788434505463, 0.12980909645557404, 0.13048867881298065, 0.12813907861709595, 0.1262541264295578, 0.12561270594596863, 0.12580856680870056, 0.12432531267404556, 0.12357119470834732, 0.12492001801729202, 0.12386113405227661, 0.12232302129268646, 0.12201011180877686, 0.12220664322376251, 0.12112287431955338, 0.12098688632249832, 0.12097971886396408, 0.12131061404943466, 0.12073715776205063, 0.12163379043340683, 0.12051770091056824, 0.1218641847372055, 0.12150280177593231, 0.11951606720685959, 0.12400738149881363, 0.12053177505731583, 0.1198415458202362, 0.12248063832521439, 0.12116474658250809, 0.11959473788738251, 0.11957184970378876, 0.12230268120765686, 0.12160179018974304, 0.11750468611717224, 0.11988725513219833, 0.1186630129814148, 0.11952868849039078, 0.12135440856218338, 0.11866399645805359, 0.11980854719877243, 0.11967573314905167, 0.12002259492874146, 0.11777710169553757, 0.12009866535663605, 0.11917674541473389, 0.11792976409196854, 0.12125084549188614, 0.11925467848777771, 0.1171693503856659, 0.11816046386957169, 0.11899756640195847, 0.11792376637458801, 0.11799810081720352, 0.11706673353910446, 0.11738837510347366, 0.11841458827257156, 0.11771940439939499, 0.11794035881757736, 0.1183139830827713, 0.1175357848405838, 0.11675459146499634, 0.11971796303987503, 0.11886587738990784, 0.11815477162599564, 0.11855460703372955, 0.11627965420484543, 0.11859112232923508, 0.12032712250947952, 0.11820100247859955, 0.11697355657815933, 0.11891692876815796, 0.11720474809408188, 0.11810749769210815, 0.11636397987604141, 0.11715829372406006, 0.11576969176530838, 0.11603916436433792, 0.11612344533205032, 0.12013273686170578, 0.11705677956342697, 0.11762380599975586, 0.1167571097612381, 0.11836586147546768, 0.11759085208177567, 0.1155233085155487, 0.11716353893280029, 0.11532650142908096, 0.11452823877334595, 0.11598407477140427, 0.11716831475496292, 0.11622006446123123], "accuracy": [0.7997826337814331, 0.8030434846878052, 0.8799999952316284, 0.9303261041641235, 0.9474999904632568, 0.9519565105438232, 0.9549999833106995, 0.9571738839149475, 0.9583695530891418, 0.9578260779380798, 0.958695650100708, 0.9606521725654602, 0.9583695530891418, 0.9593478441238403, 0.9596739411354065, 0.959782600402832, 0.9606521725654602, 0.9618478417396545, 0.960869550704956, 0.9596739411354065, 0.9610869288444519, 0.9610869288444519, 0.9618478417396545, 0.9613043665885925, 0.9614130258560181, 0.9626086950302124, 0.9596739411354065, 0.9611956477165222, 0.9617391228675842, 0.9611956477165222, 0.9611956477165222, 0.9599999785423279, 0.9624999761581421, 0.9594565033912659, 0.9621739387512207, 0.9620652198791504, 0.9605434536933899, 0.9626086950302124, 0.9620652198791504, 0.9617391228675842, 0.9605434536933899, 0.9611956477165222, 0.9624999761581421, 0.9617391228675842, 0.9617391228675842, 0.9628260731697083, 0.9619565010070801, 0.9624999761581421, 0.9620652198791504, 0.960869550704956, 0.9623913168907166, 0.9623913168907166, 0.9616304636001587, 0.9620652198791504, 0.9626086950302124, 0.9621739387512207, 0.9613043665885925, 0.9627174139022827, 0.9613043665885925, 0.9613043665885925, 0.9626086950302124, 0.9624999761581421, 0.9619565010070801, 0.9615217447280884, 0.9618478417396545, 0.9622825980186462, 0.9626086950302124, 0.9621739387512207, 0.9619565010070801, 0.9628260731697083, 0.9613043665885925, 0.9626086950302124, 0.9622825980186462, 0.9624999761581421, 0.9639130234718323, 0.9610869288444519, 0.9611956477165222, 0.9616304636001587, 0.9629347920417786, 0.9617391228675842, 0.9628260731697083, 0.9627174139022827, 0.9620652198791504, 0.9627174139022827, 0.9621739387512207, 0.9626086950302124, 0.9627174139022827, 0.9602174162864685, 0.9630434513092041, 0.9616304636001587, 0.9631521701812744, 0.9615217447280884, 0.9627174139022827, 0.9615217447280884, 0.9620652198791504, 0.9628260731697083, 0.9631521701812744, 0.9629347920417786, 0.9628260731697083, 0.9633695483207703], "val_loss": [0.4554782807826996, 0.35537105798721313, 0.24978913366794586, 0.1956353634595871, 0.17060810327529907, 0.15512727200984955, 0.14738033711910248, 0.14882829785346985, 0.1605670154094696, 0.13915465772151947, 0.13892535865306854, 0.13509155809879303, 0.13439713418483734, 0.13509981334209442, 0.1354496031999588, 0.13668358325958252, 0.1409522444009781, 0.13974639773368835, 0.1333654820919037, 0.1323699802160263, 0.13203784823417664, 0.1343396008014679, 0.1319776326417923, 0.13537469506263733, 0.13166317343711853, 0.13541509211063385, 0.13127611577510834, 0.13294927775859833, 0.13345323503017426, 0.1345430463552475, 0.13228796422481537, 0.13191263377666473, 0.1312703639268875, 0.13300721347332, 0.13094548881053925, 0.13226619362831116, 0.13051709532737732, 0.1301923394203186, 0.13018754124641418, 0.13318641483783722, 0.13179494440555573, 0.13207125663757324, 0.13584615290164948, 0.13250519335269928, 0.1431426852941513, 0.13094264268875122, 0.13076160848140717, 0.139816015958786, 0.13294588029384613, 0.1316498965024948, 0.12945449352264404, 0.137183278799057, 0.13556769490242004, 0.13468316197395325, 0.13162186741828918, 0.13414296507835388, 0.13291864097118378, 0.13093121349811554, 0.13188716769218445, 0.1328917294740677, 0.13002678751945496, 0.13100433349609375, 0.13123279809951782, 0.14532695710659027, 0.13766229152679443, 0.13228751718997955, 0.1341545432806015, 0.12969113886356354, 0.1314346343278885, 0.14369462430477142, 0.1297021210193634, 0.13168606162071228, 0.13169914484024048, 0.13005375862121582, 0.13019250333309174, 0.13442111015319824, 0.1295590102672577, 0.13654108345508575, 0.13398005068302155, 0.12976518273353577, 0.13010716438293457, 0.1343839317560196, 0.13001702725887299, 0.13005231320858002, 0.12959010899066925, 0.12982863187789917, 0.1303134709596634, 0.13641692698001862, 0.1450178623199463, 0.13271966576576233, 0.1348567008972168, 0.13037070631980896, 0.12982317805290222, 0.13123738765716553, 0.1285979449748993, 0.12958289682865143, 0.12844277918338776, 0.12898145616054535, 0.12864603102207184, 0.13849692046642303],