{"loss": [0.49131321907043457, 0.4412963390350342, 0.3445495069026947, 0.2512655556201935, 0.19978860020637512, 0.17090031504631042, 0.15532749891281128, 0.14555752277374268, 0.14059922099113464, 0.13556082546710968, 0.13233515620231628, 0.1312127411365509, 0.1296464502811432, 0.12713569402694702, 0.12681321799755096, 0.12476152181625366, 0.12594416737556458, 0.12449664622545242, 0.12292524427175522, 0.1229536235332489, 0.1223052591085434, 0.12230463325977325, 0.12220567464828491, 0.12145335227251053, 0.12004847079515457, 0.12112290412187576, 0.12036523222923279, 0.12070611119270325, 0.11972901970148087, 0.11959154158830643, 0.12226156145334244, 0.11941412836313248, 0.12033656984567642, 0.12109852582216263, 0.11842439323663712, 0.11878034472465515, 0.11896087974309921, 0.12026569992303848, 0.1194809228181839, 0.1179446280002594, 0.11848767101764679, 0.11839672923088074, 0.11753206700086594, 0.11748926341533661, 0.12060021609067917, 0.11828399449586868, 0.11834966391324997, 0.11716274172067642, 0.11825811117887497, 0.11777471005916595, 0.11773356795310974, 0.11766373366117477, 0.11728069931268692, 0.12048529833555222, 0.11711195111274719, 0.1165575236082077, 0.11619075387716293, 0.11722373962402344, 0.11656134575605392, 0.11752818524837494, 0.11556293070316315, 0.11715350300073624, 0.11573369801044464, 0.11606322973966599, 0.11547720432281494, 0.11595281213521957, 0.11691586673259735, 0.1160527914762497, 0.11678319424390793, 0.1163700670003891, 0.11530102044343948, 0.11656341701745987, 0.11645209044218063, 0.11497338116168976, 0.1150393933057785, 0.11550619453191757, 0.11580335348844528, 0.11587709188461304, 0.11471284180879593, 0.11542781442403793, 0.11743845790624619, 0.11520618200302124, 0.11663840711116791, 0.1157158613204956, 0.11531727761030197, 0.11471013724803925, 0.11852391809225082, 0.11638454347848892, 0.11503443121910095, 0.11483427882194519, 0.11694066226482391, 0.11460118740797043, 0.11600212752819061, 0.11605044454336166, 0.11451616138219833, 0.11547406017780304, 0.11458851397037506, 0.11518353968858719, 0.11542144417762756, 0.11454448103904724], "accuracy": [0.7997826337814331, 0.7997826337814331, 0.83152174949646, 0.9128260612487793, 0.9383695721626282, 0.9491304159164429, 0.9522826075553894, 0.9552174210548401, 0.9558695554733276, 0.957608699798584, 0.9580434560775757, 0.9588043689727783, 0.9596739411354065, 0.9596739411354065, 0.9594565033912659, 0.9607608914375305, 0.95923912525177, 0.9585869312286377, 0.9604347944259644, 0.960326075553894, 0.9613043665885925, 0.9602174162864685, 0.9596739411354065, 0.9599999785423279, 0.9627174139022827, 0.9620652198791504, 0.9611956477165222, 0.959782600402832, 0.9616304636001587, 0.9618478417396545, 0.9596739411354065, 0.9622825980186462, 0.9604347944259644, 0.9618478417396545, 0.9617391228675842, 0.9622825980186462, 0.9629347920417786, 0.9613043665885925, 0.9610869288444519, 0.9626086950302124, 0.9628260731697083, 0.9623913168907166, 0.9630434513092041, 0.9626086950302124, 0.9611956477165222, 0.9626086950302124, 0.9630434513092041, 0.9623913168907166, 0.9635869860649109, 0.9622825980186462, 0.9624999761581421, 0.9618478417396545, 0.9621739387512207, 0.9609782695770264, 0.9620652198791504, 0.9624999761581421, 0.9622825980186462, 0.9617391228675842, 0.9620652198791504, 0.9619565010070801, 0.9633695483207703, 0.9628260731697083, 0.9618478417396545, 0.9626086950302124, 0.9633695483207703, 0.9627174139022827, 0.9627174139022827, 0.9630434513092041, 0.9631521701812744, 0.9632608890533447, 0.9623913168907166, 0.9627174139022827, 0.9646739363670349, 0.9631521701812744, 0.9629347920417786, 0.9617391228675842, 0.9613043665885925, 0.9630434513092041, 0.9626086950302124, 0.9615217447280884, 0.9615217447280884, 0.9631521701812744, 0.9619565010070801, 0.9631521701812744, 0.9628260731697083, 0.9618478417396545, 0.9610869288444519, 0.9616304636001587, 0.9620652198791504, 0.9629347920417786, 0.9616304636001587, 0.9629347920417786, 0.9627174139022827, 0.9636956453323364, 0.9634782671928406, 0.9627174139022827, 0.9631521701812744, 0.9620652198791504, 0.9624999761581421, 0.9624999761581421], "val_loss": [0.47159379720687866, 0.399226576089859, 0.2942628562450409, 0.22430634498596191, 0.1870417594909668, 0.16793891787528992, 0.15879948437213898, 0.14935865998268127, 0.144029900431633, 0.14163652062416077, 0.1457875519990921, 0.1377333402633667, 0.1369239091873169, 0.1393592655658722, 0.1455008089542389, 0.13337598741054535, 0.1329534947872162, 0.13308295607566833, 0.13404275476932526, 0.13180804252624512, 0.13246309757232666, 0.14269116520881653, 0.13093698024749756, 0.13762407004833221, 0.13417121767997742, 0.13744133710861206, 0.13542571663856506, 0.13029763102531433, 0.13056695461273193, 0.13221986591815948, 0.13068129122257233, 0.13246122002601624, 0.1309822052717209, 0.13181722164154053, 0.13083814084529877, 0.13036707043647766, 0.12989874184131622, 0.12982849776744843, 0.13292376697063446, 0.13417768478393555, 0.13011564314365387, 0.1298757940530777, 0.13244347274303436, 0.13219299912452698, 0.1459474265575409, 0.14410819113254547, 0.13215625286102295, 0.13253693282604218, 0.13022443652153015, 0.13032521307468414, 0.13243816792964935, 0.1320733278989792, 0.1325971633195877, 0.1371752768754959, 0.12986654043197632, 0.13119633495807648, 0.12985859811306, 0.13366049528121948, 0.12951110303401947, 0.12989093363285065, 0.13036049902439117, 0.12961052358150482, 0.12866273522377014, 0.1292673945426941, 0.12985341250896454, 0.13681325316429138, 0.13530339300632477, 0.1290695071220398, 0.12884511053562164, 0.12873244285583496, 0.1484239250421524, 0.13003648817539215, 0.1313386708498001, 0.13407275080680847, 0.12970751523971558, 0.12957999110221863, 0.12950067222118378, 0.12925776839256287, 0.12856435775756836, 0.13042645156383514, 0.12921805679798126, 0.14523746073246002, 0.12973399460315704, 0.12945392727851868, 0.1304643601179123, 0.138791024684906, 0.12858940660953522, 0.13738934695720673, 0.13284429907798767, 0.13052698969841003, 0.12845464050769806, 0.14214211702346802, 0.1309409737586975, 0.1308818906545639, 0.13888049125671387, 0.12992022931575775, 0.12773945927619934, 0.1292038857936859, 0.1358880251646042, 0.13036870956420898],