{"loss": [0.5061966776847839, 0.4291832149028778, 0.32097235321998596, 0.2329009473323822, 0.1869211494922638, 0.16146309673786163, 0.1485627144575119, 0.14154118299484253, 0.13483171164989471, 0.1317160725593567, 0.1349184513092041, 0.12681791186332703, 0.12690985202789307, 0.1252497285604477, 0.12548525631427765, 0.12424835562705994, 0.123194620013237, 0.12217728048563004, 0.12322410196065903, 0.12538816034793854, 0.12110871821641922, 0.12287646532058716, 0.1213035136461258, 0.12194591760635376, 0.12171601504087448, 0.12116136401891708, 0.12194385379552841, 0.12154021114110947, 0.1226969063282013, 0.12196652591228485, 0.12010109424591064, 0.119565948843956, 0.11970450729131699, 0.12230969965457916, 0.11864110827445984, 0.11940724402666092, 0.11904669553041458, 0.1191307008266449, 0.11992067843675613, 0.12081078439950943, 0.11871284991502762, 0.11919700354337692, 0.11789701879024506, 0.11767810583114624, 0.11771316081285477, 0.11890280246734619, 0.11972499638795853, 0.1168937236070633, 0.11804912984371185, 0.11889469623565674, 0.11700338870286942, 0.11806511878967285, 0.11781982332468033, 0.1176387369632721, 0.1158054918050766, 0.11901258677244186, 0.1158219575881958, 0.11784641444683075, 0.11720919609069824, 0.1181054562330246, 0.11597779393196106, 0.11895918101072311, 0.1170482486486435, 0.11677157133817673, 0.11721008270978928, 0.11759194731712341, 0.11574967205524445, 0.11586549133062363, 0.11609114706516266, 0.11467693746089935, 0.11687029153108597, 0.11606176197528839, 0.1138918399810791, 0.1146601140499115, 0.11644668877124786, 0.1160714328289032, 0.11490364372730255, 0.11701613664627075, 0.1145712286233902, 0.1181987076997757, 0.11529681831598282, 0.11437911540269852, 0.11636736243963242, 0.11389323323965073, 0.11595679074525833, 0.11402034759521484, 0.11513667553663254, 0.11468244343996048, 0.1137409657239914, 0.11300721764564514, 0.11412347108125687, 0.1146964430809021, 0.11502610146999359, 0.11374635249376297, 0.11543795466423035, 0.1136050671339035, 0.11488974839448929, 0.11523096263408661, 0.11418421566486359, 0.1130516529083252], "accuracy": [0.783695638179779, 0.800543487071991, 0.8592391014099121, 0.9222826361656189, 0.9429348111152649, 0.9504348039627075, 0.9540217518806458, 0.9563043713569641, 0.9574999809265137, 0.958152174949646, 0.95652174949646, 0.9599999785423279, 0.9596739411354065, 0.9604347944259644, 0.95923912525177, 0.9596739411354065, 0.9605434536933899, 0.9604347944259644, 0.9596739411354065, 0.9601086974143982, 0.9609782695770264, 0.9596739411354065, 0.9595652222633362, 0.9609782695770264, 0.9615217447280884, 0.9616304636001587, 0.9611956477165222, 0.9619565010070801, 0.9599999785423279, 0.9611956477165222, 0.9598913192749023, 0.9617391228675842, 0.960326075553894, 0.9614130258560181, 0.9610869288444519, 0.9607608914375305, 0.9624999761581421, 0.9604347944259644, 0.9601086974143982, 0.9607608914375305, 0.9624999761581421, 0.959782600402832, 0.9627174139022827, 0.9627174139022827, 0.9620652198791504, 0.9618478417396545, 0.9616304636001587, 0.9631521701812744, 0.9607608914375305, 0.9614130258560181, 0.9630434513092041, 0.9613043665885925, 0.9617391228675842, 0.9620652198791504, 0.9626086950302124, 0.9609782695770264, 0.9626086950302124, 0.9618478417396545, 0.9628260731697083, 0.9622825980186462, 0.9627174139022827, 0.9623913168907166, 0.9623913168907166, 0.9624999761581421, 0.9621739387512207, 0.9616304636001587, 0.9618478417396545, 0.9633695483207703, 0.9617391228675842, 0.9636956453323364, 0.9624999761581421, 0.9630434513092041, 0.9630434513092041, 0.9627174139022827, 0.9623913168907166, 0.9621739387512207, 0.9630434513092041, 0.9614130258560181, 0.9628260731697083, 0.9615217447280884, 0.9618478417396545, 0.9623913168907166, 0.9605434536933899, 0.9638043642044067, 0.9624999761581421, 0.9619565010070801, 0.9629347920417786, 0.9621739387512207, 0.9635869860649109, 0.9626086950302124, 0.9624999761581421, 0.9628260731697083, 0.9622825980186462, 0.9644564986228943, 0.9624999761581421, 0.9621739387512207, 0.9624999761581421, 0.9642391204833984, 0.9620652198791504, 0.9640217423439026], "val_loss": [0.4692288339138031, 0.3798900246620178, 0.2855041027069092, 0.20892156660556793, 0.17733941972255707, 0.16090801358222961, 0.15119478106498718, 0.14465324580669403, 0.1406877338886261, 0.14177432656288147, 0.13652996718883514, 0.13970941305160522, 0.13590438663959503, 0.1565445363521576, 0.13371731340885162, 0.1396535038948059, 0.1322891265153885, 0.13760186731815338, 0.13199478387832642, 0.13169708847999573, 0.13222593069076538, 0.13767127692699432, 0.13288326561450958, 0.13699795305728912, 0.13141995668411255, 0.13330626487731934, 0.13202673196792603, 0.1386438012123108, 0.13411112129688263, 0.1319187581539154, 0.13380873203277588, 0.13181442022323608, 0.13109628856182098, 0.13357143104076385, 0.1350136697292328, 0.1316251903772354, 0.13457630574703217, 0.1314142495393753, 0.13152843713760376, 0.13788437843322754, 0.13571211695671082, 0.13468782603740692, 0.1332816183567047, 0.13297146558761597, 0.13100045919418335, 0.1344919353723526, 0.13369502127170563, 0.13402386009693146, 0.13142570853233337, 0.13364960253238678, 0.13088785111904144, 0.13146179914474487, 0.1368640661239624, 0.13255564868450165, 0.13308855891227722, 0.13078944385051727, 0.13065578043460846, 0.13126140832901, 0.13424189388751984, 0.1321839988231659, 0.13046161830425262, 0.13750889897346497, 0.13192354142665863, 0.13077794015407562, 0.13695096969604492, 0.13019809126853943, 0.13107958436012268, 0.13079501688480377, 0.13079583644866943, 0.1336284577846527, 0.12983089685440063, 0.13952060043811798, 0.14752882719039917, 0.14041277766227722, 0.1313093900680542, 0.12977240979671478, 0.1648663878440857, 0.12973050773143768, 0.1295645833015442, 0.13280600309371948, 0.12944373488426208, 0.13693584501743317, 0.13123904168605804, 0.13847815990447998, 0.1291535645723343, 0.1475054919719696, 0.13372491300106049, 0.13122831284999847, 0.1282138079404831, 0.13341812789440155, 0.13473094999790192, 0.12834356725215912, 0.13677829504013062, 0.12936696410179138, 0.13442102074623108, 0.12982259690761566, 0.12991270422935486, 0.13711115717887878, 0.13207489252090454, 0.1292230784893036],