{"loss": [0.4917016625404358, 0.3986224830150604, 0.27859655022621155, 0.20169447362422943, 0.16624870896339417, 0.1488848179578781, 0.14079703390598297, 0.13558846712112427, 0.13104736804962158, 0.12925638258457184, 0.1294817328453064, 0.12885095179080963, 0.12569136917591095, 0.12414845079183578, 0.12451732903718948, 0.12271595746278763, 0.12268034368753433, 0.12449917942285538, 0.12285428494215012, 0.12454930692911148, 0.12155851721763611, 0.12223085016012192, 0.1263420283794403, 0.12506037950515747, 0.12070697546005249, 0.11994823813438416, 0.12139834463596344, 0.12156184762716293, 0.12078485637903214, 0.1214478611946106, 0.11998002976179123, 0.12009067833423615, 0.12054169923067093, 0.12096216529607773, 0.11998959630727768, 0.11952584981918335, 0.11959157884120941, 0.11926355957984924, 0.11874071508646011, 0.11789123713970184, 0.11885356158018112, 0.12073477357625961, 0.11892525106668472, 0.12020087242126465, 0.12011349946260452, 0.1188763678073883, 0.12159774452447891, 0.11906470358371735, 0.117913618683815, 0.11693083494901657, 0.11834288388490677, 0.12090431898832321, 0.11804311722517014, 0.11716916412115097, 0.11810556054115295, 0.11933936178684235, 0.11794588714838028, 0.11747942119836807, 0.11938264220952988, 0.11920053511857986, 0.11818835884332657, 0.11715886741876602, 0.1169123500585556, 0.11906883120536804, 0.11750482767820358, 0.11671309918165207, 0.11573473364114761, 0.11618378758430481, 0.11788158863782883, 0.11648157238960266, 0.116522416472435, 0.11629047989845276, 0.11756952852010727, 0.11665801703929901, 0.11573745310306549, 0.11921941488981247, 0.11609020829200745, 0.11574213206768036, 0.11399644613265991, 0.11655963212251663, 0.11737677454948425, 0.11606458574533463, 0.11494652926921844, 0.11650040000677109, 0.11480414122343063, 0.11446946859359741, 0.11512419581413269, 0.11535432189702988, 0.11747004091739655, 0.11424461007118225, 0.1154535710811615, 0.11414549499750137, 0.11538101732730865, 0.11583918333053589, 0.11560610681772232, 0.11348185688257217, 0.1152314841747284, 0.11540036648511887, 0.1155448853969574, 0.11467751860618591], "accuracy": [0.7956521511077881, 0.8079347610473633, 0.8919565081596375, 0.9372826218605042, 0.9505434632301331, 0.9548913240432739, 0.9573913216590881, 0.9566304087638855, 0.95923912525177, 0.9579347968101501, 0.9588043689727783, 0.959782600402832, 0.9601086974143982, 0.9595652222633362, 0.9605434536933899, 0.9614130258560181, 0.9613043665885925, 0.95923912525177, 0.9606521725654602, 0.9594565033912659, 0.9632608890533447, 0.960869550704956, 0.9604347944259644, 0.9599999785423279, 0.9619565010070801, 0.9614130258560181, 0.9601086974143982, 0.9609782695770264, 0.9618478417396545, 0.9618478417396545, 0.9617391228675842, 0.9621739387512207, 0.9613043665885925, 0.9606521725654602, 0.9613043665885925, 0.9620652198791504, 0.9613043665885925, 0.9613043665885925, 0.9628260731697083, 0.9614130258560181, 0.9623913168907166, 0.960326075553894, 0.9611956477165222, 0.9627174139022827, 0.9619565010070801, 0.9630434513092041, 0.9619565010070801, 0.9602174162864685, 0.9626086950302124, 0.9617391228675842, 0.9618478417396545, 0.9609782695770264, 0.9616304636001587, 0.9639130234718323, 0.9615217447280884, 0.9604347944259644, 0.9631521701812744, 0.9631521701812744, 0.9609782695770264, 0.9599999785423279, 0.9615217447280884, 0.9623913168907166, 0.9640217423439026, 0.9617391228675842, 0.9626086950302124, 0.9623913168907166, 0.9628260731697083, 0.9636956453323364, 0.9622825980186462, 0.9634782671928406, 0.9616304636001587, 0.9623913168907166, 0.9626086950302124, 0.9613043665885925, 0.9632608890533447, 0.9622825980186462, 0.9624999761581421, 0.9623913168907166, 0.9642391204833984, 0.9635869860649109, 0.9616304636001587, 0.9623913168907166, 0.9628260731697083, 0.9621739387512207, 0.9630434513092041, 0.9635869860649109, 0.9636956453323364, 0.9636956453323364, 0.9635869860649109, 0.9633695483207703, 0.9620652198791504, 0.9635869860649109, 0.9621739387512207, 0.9628260731697083, 0.9624999761581421, 0.9641304612159729, 0.9647825956344604, 0.9615217447280884, 0.9631521701812744, 0.9630434513092041], "val_loss": [0.4523090720176697, 0.364223450422287, 0.23578311502933502, 0.1845892369747162, 0.16349442303180695, 0.1518104374408722, 0.14422930777072906, 0.14141888916492462, 0.1380074918270111, 0.14117512106895447, 0.14181722700595856, 0.14148001372814178, 0.13703300058841705, 0.13505908846855164, 0.13348306715488434, 0.13710249960422516, 0.1448371857404709, 0.13265272974967957, 0.1369914710521698, 0.13182857632637024, 0.13689741492271423, 0.13227812945842743, 0.13618196547031403, 0.1322949081659317, 0.1348176896572113, 0.13425225019454956, 0.13530343770980835, 0.13388508558273315, 0.13219928741455078, 0.13556842505931854, 0.13690321147441864, 0.13218966126441956, 0.15012706816196442, 0.13413932919502258, 0.13078223168849945, 0.1307462751865387, 0.134577676653862, 0.13521012663841248, 0.13148124516010284, 0.1393197625875473, 0.1633482277393341, 0.14106790721416473, 0.1329348087310791, 0.13078731298446655, 0.14598572254180908, 0.13205446302890778, 0.13084761798381805, 0.1310584396123886, 0.13486576080322266, 0.13061870634555817, 0.142825648188591, 0.15262900292873383, 0.13226139545440674, 0.18118727207183838, 0.13595139980316162, 0.1336865872144699, 0.13092917203903198, 0.13648907840251923, 0.1305253803730011, 0.13226889073848724, 0.13271453976631165, 0.1474960446357727, 0.13410784304141998, 0.1506214737892151, 0.13558420538902283, 0.12998956441879272, 0.13337479531764984, 0.12913675606250763, 0.13115406036376953, 0.1303926408290863, 0.13922235369682312, 0.13190525770187378, 0.13123197853565216, 0.13037517666816711, 0.13479669392108917, 0.13094517588615417, 0.13360565900802612, 0.13139590620994568, 0.13005006313323975, 0.13376031816005707, 0.1386580467224121, 0.12874312698841095, 0.1290876716375351, 0.128513902425766, 0.1309920996427536, 0.12874780595302582, 0.12855027616024017, 0.13536332547664642, 0.13001036643981934, 0.12726375460624695, 0.12960284948349, 0.13091793656349182, 0.13130517303943634, 0.1274305284023285, 0.13368645310401917, 0.12762795388698578, 0.12750563025474548, 0.12660160660743713, 0.12705078721046448, 0.12707598507404327],