{"loss": [0.4901699423789978, 0.40419963002204895, 0.28741466999053955, 0.20971235632896423, 0.17423588037490845, 0.15471597015857697, 0.14480385184288025, 0.13942044973373413, 0.13334323465824127, 0.13190890848636627, 0.13014467060565948, 0.12687119841575623, 0.1255650371313095, 0.12567290663719177, 0.12616445124149323, 0.12502898275852203, 0.12711627781391144, 0.12325254827737808, 0.12272284179925919, 0.12217582017183304, 0.12331252545118332, 0.12235105037689209, 0.12274173647165298, 0.12245971709489822, 0.1200847178697586, 0.12234705686569214, 0.12322793900966644, 0.12061475962400436, 0.11968105286359787, 0.12216515839099884, 0.12149322777986526, 0.12226155400276184, 0.12082882970571518, 0.1215391457080841, 0.11923348903656006, 0.11886630952358246, 0.11999690532684326, 0.11909926682710648, 0.1190071702003479, 0.11956188827753067, 0.11946974694728851, 0.11776810139417648, 0.11923132836818695, 0.12015533447265625, 0.11864735186100006, 0.1186128705739975, 0.11779514700174332, 0.11797429621219635, 0.12002595514059067, 0.11995609104633331, 0.11754723638296127, 0.11715195327997208, 0.11825428903102875, 0.1161259263753891, 0.11794885993003845, 0.1170981377363205, 0.11814073473215103, 0.11761981248855591, 0.11630112677812576, 0.11934947222471237, 0.11719023436307907, 0.11609053611755371, 0.11774592846632004, 0.12013774365186691, 0.11643513292074203, 0.11590863019227982, 0.11656488478183746, 0.11569557338953018, 0.11529620736837387, 0.11591584235429764, 0.11657210439443588, 0.11690860986709595, 0.11580181866884232, 0.11407535523176193, 0.11660916358232498, 0.11581520736217499, 0.1160440444946289, 0.11583337187767029, 0.11585928499698639, 0.11591193079948425, 0.11628776043653488, 0.11762449890375137, 0.11708852648735046, 0.11646822839975357, 0.11418097466230392, 0.11480580270290375, 0.11399943381547928, 0.11475340276956558, 0.11471331864595413, 0.11452450603246689, 0.11570136249065399, 0.11501955986022949, 0.11322816461324692, 0.11516939848661423, 0.11405313014984131, 0.1137273907661438, 0.1137528270483017, 0.11291882395744324, 0.11559664458036423, 0.11290547251701355], "accuracy": [0.7915217280387878, 0.8058695793151855, 0.885326087474823, 0.9342391490936279, 0.9473913311958313, 0.9518478512763977, 0.9546738862991333, 0.9558695554733276, 0.9580434560775757, 0.958152174949646, 0.95923912525177, 0.9596739411354065, 0.9598913192749023, 0.960326075553894, 0.9605434536933899, 0.9599999785423279, 0.958695650100708, 0.9619565010070801, 0.9614130258560181, 0.9606521725654602, 0.9607608914375305, 0.9596739411354065, 0.9602174162864685, 0.9611956477165222, 0.9615217447280884, 0.9623913168907166, 0.9598913192749023, 0.9611956477165222, 0.9621739387512207, 0.9607608914375305, 0.960869550704956, 0.9605434536933899, 0.9611956477165222, 0.9619565010070801, 0.9622825980186462, 0.9620652198791504, 0.9623913168907166, 0.9617391228675842, 0.9620652198791504, 0.9615217447280884, 0.9617391228675842, 0.9632608890533447, 0.9609782695770264, 0.9613043665885925, 0.9617391228675842, 0.960869550704956, 0.9613043665885925, 0.9619565010070801, 0.9628260731697083, 0.9620652198791504, 0.9619565010070801, 0.9615217447280884, 0.9613043665885925, 0.9631521701812744, 0.9624999761581421, 0.9628260731697083, 0.9622825980186462, 0.9620652198791504, 0.9634782671928406, 0.960326075553894, 0.9623913168907166, 0.9630434513092041, 0.9607608914375305, 0.9606521725654602, 0.9620652198791504, 0.9641304612159729, 0.9619565010070801, 0.9631521701812744, 0.9634782671928406, 0.9636956453323364, 0.9623913168907166, 0.9626086950302124, 0.9604347944259644, 0.9649999737739563, 0.9614130258560181, 0.9628260731697083, 0.9624999761581421, 0.9620652198791504, 0.9628260731697083, 0.9632608890533447, 0.9627174139022827, 0.9616304636001587, 0.9628260731697083, 0.9620652198791504, 0.9626086950302124, 0.9626086950302124, 0.9641304612159729, 0.9623913168907166, 0.9629347920417786, 0.9635869860649109, 0.9629347920417786, 0.9619565010070801, 0.9632608890533447, 0.9634782671928406, 0.9628260731697083, 0.9631521701812744, 0.9633695483207703, 0.9638043642044067, 0.9620652198791504, 0.9638043642044067], "val_loss": [0.4539340138435364, 0.3516940474510193, 0.2435969114303589, 0.19274072349071503, 0.16844280064105988, 0.1558617204427719, 0.1540476679801941, 0.14346306025981903, 0.1445266157388687, 0.1391851007938385, 0.13680319488048553, 0.14282067120075226, 0.13464008271694183, 0.13578496873378754, 0.15004339814186096, 0.1334977149963379, 0.1347825974225998, 0.13398341834545135, 0.13362032175064087, 0.14885830879211426, 0.14720876514911652, 0.1329280138015747, 0.14281487464904785, 0.13141538202762604, 0.13337308168411255, 0.13671869039535522, 0.15341717004776, 0.1312427520751953, 0.13201311230659485, 0.1313357651233673, 0.13194246590137482, 0.15391702950000763, 0.13219524919986725, 0.1315372884273529, 0.1346094012260437, 0.14489541947841644, 0.13174450397491455, 0.1310015171766281, 0.1304636150598526, 0.13193176686763763, 0.1322801113128662, 0.13126415014266968, 0.12980803847312927, 0.14508043229579926, 0.1330420821905136, 0.12920589745044708, 0.13008689880371094, 0.14143440127372742, 0.13334546983242035, 0.14670565724372864, 0.13172446191310883, 0.1313144564628601, 0.13420484960079193, 0.13276776671409607, 0.1442321389913559, 0.13114137947559357, 0.13088460266590118, 0.13282901048660278, 0.13338728249073029, 0.13397684693336487, 0.14193333685398102, 0.13119347393512726, 0.14215350151062012, 0.13233549892902374, 0.13307029008865356, 0.1321731060743332, 0.13666583597660065, 0.1305556446313858, 0.1295902132987976, 0.13019512593746185, 0.13215228915214539, 0.13078777492046356, 0.13161925971508026, 0.14696639776229858, 0.14398130774497986, 0.12957525253295898, 0.1292767971754074, 0.12843328714370728, 0.1301027536392212, 0.12773774564266205, 0.13669772446155548, 0.14545127749443054, 0.13669519126415253, 0.13704931735992432, 0.13276326656341553, 0.1322982907295227, 0.13287347555160522, 0.12900030612945557, 0.1264646053314209, 0.13856066763401031, 0.12729796767234802, 0.1276741772890091, 0.13746826350688934, 0.12898719310760498, 0.12884075939655304, 0.1263376921415329, 0.1268102377653122, 0.13438569009304047, 0.12621253728866577, 0.12683941423892975],