{"loss": [0.5078163743019104, 0.4415108263492584, 0.34420838952064514, 0.2520340383052826, 0.1978311985731125, 0.1713348627090454, 0.15499627590179443, 0.14526234567165375, 0.13870924711227417, 0.13483311235904694, 0.13179440796375275, 0.12879446148872375, 0.12827804684638977, 0.1273391991853714, 0.12547644972801208, 0.12456551939249039, 0.12406843155622482, 0.12225527316331863, 0.12400836497545242, 0.12345612794160843, 0.12333264946937561, 0.12052234262228012, 0.12130511552095413, 0.12224940955638885, 0.12045515328645706, 0.12214256078004837, 0.12001943588256836, 0.11969681084156036, 0.11876965314149857, 0.12085767835378647, 0.12224507331848145, 0.11926046758890152, 0.1201525330543518, 0.118745818734169, 0.12040020525455475, 0.11873146146535873, 0.11976391077041626, 0.11935712397098541, 0.11992459744215012, 0.11942128092050552, 0.11845219880342484, 0.11765493452548981, 0.11807463318109512, 0.11732001602649689, 0.11849813908338547, 0.1168496310710907, 0.11655215173959732, 0.11732026189565659, 0.11838299036026001, 0.11701761186122894, 0.11841396242380142, 0.1169445663690567, 0.11748276650905609, 0.11791671067476273, 0.11548969894647598, 0.11717723309993744, 0.11644233763217926, 0.11716355383396149, 0.11534494161605835, 0.11618052423000336, 0.11635895818471909, 0.11626467853784561, 0.11571116745471954, 0.11512618511915207, 0.11638529598712921, 0.11563806980848312, 0.11508605629205704, 0.1151895523071289, 0.11512910574674606, 0.11751560121774673, 0.11511021852493286, 0.11450016498565674, 0.11519748717546463, 0.11383657902479172, 0.11603150516748428, 0.11363176256418228, 0.11425414681434631, 0.11532116681337357, 0.11365893483161926, 0.11536222696304321, 0.11376053839921951, 0.11598027497529984, 0.11325645446777344, 0.11572780460119247, 0.11267195641994476, 0.11343590915203094, 0.11516520380973816, 0.11297595500946045, 0.11501321196556091, 0.11451255530118942, 0.11248970031738281, 0.11352112144231796, 0.11413968354463577, 0.11248772591352463, 0.11346381157636642, 0.11372516304254532, 0.11248573660850525, 0.11275169253349304, 0.11316237598657608, 0.11293661594390869], "accuracy": [0.7828260660171509, 0.7997826337814331, 0.8341304063796997, 0.9116304516792297, 0.9402173757553101, 0.9471738934516907, 0.9517391324043274, 0.9552174210548401, 0.9553260803222656, 0.958152174949646, 0.9580434560775757, 0.9595652222633362, 0.9590217471122742, 0.9591304063796997, 0.9602174162864685, 0.9595652222633362, 0.9596739411354065, 0.9599999785423279, 0.959782600402832, 0.9602174162864685, 0.95923912525177, 0.9616304636001587, 0.9614130258560181, 0.9594565033912659, 0.9618478417396545, 0.9610869288444519, 0.9618478417396545, 0.9618478417396545, 0.9614130258560181, 0.9606521725654602, 0.9601086974143982, 0.9620652198791504, 0.9595652222633362, 0.9621739387512207, 0.9602174162864685, 0.9619565010070801, 0.9606521725654602, 0.9623913168907166, 0.9629347920417786, 0.9604347944259644, 0.9628260731697083, 0.9609782695770264, 0.9620652198791504, 0.9623913168907166, 0.9611956477165222, 0.9632608890533447, 0.9620652198791504, 0.9617391228675842, 0.9614130258560181, 0.9618478417396545, 0.9616304636001587, 0.9624999761581421, 0.9627174139022827, 0.9628260731697083, 0.9619565010070801, 0.9632608890533447, 0.9622825980186462, 0.9626086950302124, 0.9633695483207703, 0.9631521701812744, 0.9627174139022827, 0.9623913168907166, 0.9622825980186462, 0.9623913168907166, 0.9610869288444519, 0.9611956477165222, 0.9623913168907166, 0.9628260731697083, 0.9616304636001587, 0.9619565010070801, 0.9632608890533447, 0.9632608890533447, 0.9634782671928406, 0.9636956453323364, 0.9616304636001587, 0.9629347920417786, 0.9644564986228943, 0.9628260731697083, 0.9638043642044067, 0.9622825980186462, 0.9640217423439026, 0.9629347920417786, 0.9628260731697083, 0.9630434513092041, 0.9634782671928406, 0.9635869860649109, 0.9623913168907166, 0.9647825956344604, 0.9618478417396545, 0.9627174139022827, 0.9639130234718323, 0.9643478393554688, 0.9624999761581421, 0.9630434513092041, 0.9629347920417786, 0.9621739387512207, 0.9644564986228943, 0.9638043642044067, 0.9633695483207703, 0.9631521701812744], "val_loss": [0.4758904278278351, 0.4070959985256195, 0.2967277467250824, 0.22603735327720642, 0.1925891935825348, 0.1675276756286621, 0.15587475895881653, 0.15192531049251556, 0.1464785635471344, 0.14243339002132416, 0.13984893262386322, 0.14285610616207123, 0.15069490671157837, 0.1343623697757721, 0.13487879931926727, 0.13316676020622253, 0.13469664752483368, 0.13529348373413086, 0.1347004622220993, 0.13282448053359985, 0.1429469734430313, 0.13129539787769318, 0.13264569640159607, 0.13982325792312622, 0.1310950368642807, 0.1306227296590805, 0.13050410151481628, 0.13160394132137299, 0.13310620188713074, 0.13077770173549652, 0.13537628948688507, 0.14640629291534424, 0.13269899785518646, 0.1493217647075653, 0.13540402054786682, 0.13190753757953644, 0.13918644189834595, 0.1292053610086441, 0.13851480185985565, 0.13170652091503143, 0.12940704822540283, 0.13159267604351044, 0.12877173721790314, 0.1317892074584961, 0.13018092513084412, 0.13277572393417358, 0.12790469825267792, 0.12848545610904694, 0.13220615684986115, 0.12950977683067322, 0.12951011955738068, 0.14095187187194824, 0.14335358142852783, 0.13986723124980927, 0.13271135091781616, 0.12849414348602295, 0.12860386073589325, 0.131342351436615, 0.1276613175868988, 0.12934914231300354, 0.13683940470218658, 0.12760910391807556, 0.12934011220932007, 0.12771734595298767, 0.1274951845407486, 0.13359865546226501, 0.12850046157836914, 0.1289089471101761, 0.13469509780406952, 0.1298358291387558, 0.12720322608947754, 0.13169021904468536, 0.12895964086055756, 0.1345185488462448, 0.13003920018672943, 0.13211199641227722, 0.12832997739315033, 0.12743090093135834, 0.13976161181926727, 0.1278402954339981, 0.1276424378156662, 0.12703309953212738, 0.13613617420196533, 0.12648557126522064, 0.12640993297100067, 0.1262487918138504, 0.12782761454582214, 0.13007709383964539, 0.13102014362812042, 0.12562885880470276, 0.12513142824172974, 0.12716905772686005, 0.1259177029132843, 0.12734955549240112, 0.12471174448728561, 0.1261892020702362, 0.13203150033950806, 0.1435360312461853, 0.1275598704814911, 0.12714697420597076],