{"loss": [0.5007854700088501, 0.47815370559692383, 0.4602167010307312, 0.43085771799087524, 0.38813647627830505, 0.33932438492774963, 0.29344820976257324, 0.25478318333625793, 0.22493398189544678, 0.20220553874969482, 0.18463408946990967, 0.17164328694343567, 0.16228114068508148, 0.15367108583450317, 0.14733996987342834, 0.14289061725139618, 0.13927146792411804, 0.136216938495636, 0.132944256067276, 0.13161194324493408, 0.12890540063381195, 0.12763017416000366, 0.12568964064121246, 0.12508676946163177, 0.1238904595375061, 0.12310711294412613, 0.12250814586877823, 0.12217824906110764, 0.12144630402326584, 0.12175004929304123, 0.12067709118127823, 0.11960592865943909, 0.11990600824356079, 0.11962691694498062, 0.11993303149938583, 0.11941345036029816, 0.11919271945953369, 0.11807247251272202, 0.11792031675577164, 0.1183081865310669, 0.11774468421936035, 0.11819882690906525, 0.11735184490680695, 0.11766818910837173, 0.11822869628667831, 0.11731978505849838, 0.11728149652481079, 0.11703929305076599, 0.11670154333114624, 0.1172066479921341, 0.11698952317237854, 0.1163414865732193, 0.11674652248620987, 0.11609379947185516, 0.11668159812688828, 0.11648543924093246, 0.11720364540815353, 0.1165408045053482, 0.11599500477313995, 0.11616399139165878, 0.11651590466499329, 0.11611825972795486, 0.11590342968702316, 0.11708416789770126, 0.11593812704086304, 0.11633812636137009, 0.1165308952331543, 0.11571432650089264, 0.11638864129781723, 0.11585529893636703, 0.11530980467796326, 0.11612298339605331, 0.1152498871088028, 0.11673752218484879, 0.11454413086175919, 0.11500971019268036, 0.11546684056520462, 0.1152620017528534, 0.11554589122533798, 0.11540442705154419, 0.11500110477209091, 0.11506829410791397, 0.11627363413572311, 0.11576012521982193, 0.11540273576974869, 0.11485699564218521, 0.11427903175354004, 0.11564024537801743, 0.11554106324911118, 0.11524687707424164, 0.1146196722984314, 0.11492066830396652, 0.11554060876369476, 0.11479343473911285, 0.11469314992427826, 0.11497500538825989, 0.11532275378704071, 0.115015909075737, 0.11432556062936783, 0.11418228596448898], "accuracy": [0.800000011920929, 0.7997826337814331, 0.7997826337814331, 0.7997826337814331, 0.8007608652114868, 0.8269565105438232, 0.8783695697784424, 0.9097825884819031, 0.9294565320014954, 0.9381521940231323, 0.9448913335800171, 0.9495652318000793, 0.9517391324043274, 0.9532608985900879, 0.9553260803222656, 0.9560869336128235, 0.9569565057754517, 0.9572826027870178, 0.9582608938217163, 0.9573913216590881, 0.9591304063796997, 0.9582608938217163, 0.9582608938217163, 0.9594565033912659, 0.9598913192749023, 0.9614130258560181, 0.9601086974143982, 0.9620652198791504, 0.9605434536933899, 0.9616304636001587, 0.9601086974143982, 0.9610869288444519, 0.9621739387512207, 0.9596739411354065, 0.9606521725654602, 0.960869550704956, 0.9615217447280884, 0.9617391228675842, 0.9601086974143982, 0.9614130258560181, 0.9621739387512207, 0.9615217447280884, 0.9617391228675842, 0.960869550704956, 0.9628260731697083, 0.9619565010070801, 0.9616304636001587, 0.9619565010070801, 0.9620652198791504, 0.9620652198791504, 0.9618478417396545, 0.9629347920417786, 0.9614130258560181, 0.9622825980186462, 0.9615217447280884, 0.9620652198791504, 0.9615217447280884, 0.9613043665885925, 0.9630434513092041, 0.9623913168907166, 0.9628260731697083, 0.9616304636001587, 0.9628260731697083, 0.9632608890533447, 0.9623913168907166, 0.9616304636001587, 0.9615217447280884, 0.9626086950302124, 0.9626086950302124, 0.9626086950302124, 0.9624999761581421, 0.9621739387512207, 0.9630434513092041, 0.9616304636001587, 0.9621739387512207, 0.9627174139022827, 0.9623913168907166, 0.9624999761581421, 0.9626086950302124, 0.9620652198791504, 0.9622825980186462, 0.9620652198791504, 0.9627174139022827, 0.9623913168907166, 0.9624999761581421, 0.9622825980186462, 0.9623913168907166, 0.9619565010070801, 0.9632608890533447, 0.9618478417396545, 0.9618478417396545, 0.9624999761581421, 0.9630434513092041, 0.9634782671928406, 0.9624999761581421, 0.9620652198791504, 0.9629347920417786, 0.9626086950302124, 0.9633695483207703, 0.9627174139022827], "val_loss": [0.48438572883605957, 0.4708431363105774, 0.4478479325771332, 0.4123136103153229, 0.36676421761512756, 0.31935176253318787, 0.27831828594207764, 0.24455496668815613, 0.21860066056251526, 0.19934773445129395, 0.18571540713310242, 0.17379790544509888, 0.16748277842998505, 0.1589876115322113, 0.15490253269672394, 0.14932353794574738, 0.1476094126701355, 0.14357611536979675, 0.14153273403644562, 0.14051377773284912, 0.1374809294939041, 0.13708552718162537, 0.13706986606121063, 0.1341620683670044, 0.13397067785263062, 0.1338958442211151, 0.1322091668844223, 0.13177481293678284, 0.13191375136375427, 0.1310243308544159, 0.13092677295207977, 0.13053347170352936, 0.13160862028598785, 0.13535751402378082, 0.13074395060539246, 0.13157859444618225, 0.1302880197763443, 0.12989385426044464, 0.1297675520181656, 0.1325235217809677, 0.12977235019207, 0.12956903874874115, 0.13055267930030823, 0.1301407516002655, 0.12936602532863617, 0.13013099133968353, 0.12974420189857483, 0.13126851618289948, 0.13147574663162231, 0.1293448507785797, 0.1299031376838684, 0.13050639629364014, 0.13052192330360413, 0.12935873866081238, 0.13491417467594147, 0.1296604573726654, 0.1304720938205719, 0.12934787571430206, 0.1312410980463028, 0.13223151862621307, 0.1339690089225769, 0.14019188284873962, 0.12930890917778015, 0.12937387824058533, 0.12932996451854706, 0.1293712705373764, 0.12944144010543823, 0.1309596449136734, 0.13002783060073853, 0.1297207772731781, 0.13098473846912384, 0.13262835144996643, 0.13581207394599915, 0.13078895211219788, 0.1311464011669159, 0.1295858919620514, 0.12991154193878174, 0.1300315409898758, 0.13360293209552765, 0.13124340772628784, 0.13098593056201935, 0.1298154592514038, 0.1297914981842041, 0.13018864393234253, 0.12978532910346985, 0.13023406267166138, 0.13486526906490326, 0.13057075440883636, 0.13192279636859894, 0.12980206310749054, 0.13094812631607056, 0.12994401156902313, 0.12974470853805542, 0.13240528106689453, 0.13466647267341614, 0.13427959382534027, 0.13015496730804443, 0.13093432784080505, 0.13035798072814941, 0.13235992193222046],