{"loss": [0.48172590136528015, 0.3699134290218353, 0.24548332393169403, 0.18537858128547668, 0.15752092003822327, 0.14580127596855164, 0.13821983337402344, 0.13719595968723297, 0.13243676722049713, 0.13006800413131714, 0.12969280779361725, 0.12530694901943207, 0.1269294023513794, 0.12716251611709595, 0.1245361715555191, 0.12357420474290848, 0.1253347098827362, 0.12347150593996048, 0.12234155833721161, 0.12379726022481918, 0.1233307272195816, 0.1229461133480072, 0.12366761267185211, 0.12188132852315903, 0.12193707376718521, 0.12153885513544083, 0.12251102924346924, 0.12139876931905746, 0.12259889394044876, 0.12270256876945496, 0.12312133610248566, 0.1215672492980957, 0.12212487310171127, 0.12080433964729309, 0.1203850656747818, 0.1200704276561737, 0.11820410937070847, 0.12054652720689774, 0.12100774049758911, 0.11908472329378128, 0.12185993045568466, 0.12087894976139069, 0.11996505409479141, 0.12044057995080948, 0.11917056143283844, 0.11995775252580643, 0.1216941624879837, 0.1195448487997055, 0.1199832558631897, 0.11995402723550797, 0.11939086765050888, 0.1185542643070221, 0.11898570507764816, 0.11853698641061783, 0.11703438311815262, 0.12035463750362396, 0.1179770678281784, 0.11966248601675034, 0.12402389198541641, 0.11871806532144547, 0.11879629641771317, 0.11937136203050613, 0.11793727427721024, 0.11781418323516846, 0.11765476316213608, 0.11886924505233765, 0.11644764989614487, 0.11812606453895569, 0.11867938190698624, 0.11885260790586472, 0.11640095710754395, 0.11778281629085541, 0.11664610356092453, 0.11859193444252014, 0.11741998046636581, 0.11831078678369522, 0.11748307943344116, 0.11683593690395355, 0.11690822243690491, 0.11617361009120941, 0.11704174429178238, 0.11942353844642639, 0.11736438423395157, 0.1152077317237854, 0.11623049527406693, 0.11622395366430283, 0.11584188789129257, 0.11645594239234924, 0.11550694704055786, 0.11425917595624924, 0.11510185897350311, 0.11393795907497406, 0.11403805762529373, 0.11697537451982498, 0.11690157651901245, 0.11440452188253403, 0.11682082712650299, 0.11414679139852524, 0.11634104698896408, 0.11436271667480469], "accuracy": [0.7997826337814331, 0.820652186870575, 0.9177173972129822, 0.9442391395568848, 0.9498913288116455, 0.9542391300201416, 0.9556521773338318, 0.9556521773338318, 0.9573913216590881, 0.9591304063796997, 0.9596739411354065, 0.9606521725654602, 0.9602174162864685, 0.9598913192749023, 0.9602174162864685, 0.9607608914375305, 0.9604347944259644, 0.9614130258560181, 0.9609782695770264, 0.9613043665885925, 0.9602174162864685, 0.9607608914375305, 0.9591304063796997, 0.9605434536933899, 0.9620652198791504, 0.9611956477165222, 0.9611956477165222, 0.9601086974143982, 0.9606521725654602, 0.9605434536933899, 0.9609782695770264, 0.9615217447280884, 0.960869550704956, 0.9607608914375305, 0.9622825980186462, 0.9616304636001587, 0.9639130234718323, 0.9615217447280884, 0.9599999785423279, 0.9630434513092041, 0.960326075553894, 0.9622825980186462, 0.9609782695770264, 0.9628260731697083, 0.9618478417396545, 0.9607608914375305, 0.9615217447280884, 0.9619565010070801, 0.9618478417396545, 0.9610869288444519, 0.9621739387512207, 0.9618478417396545, 0.9631521701812744, 0.9623913168907166, 0.9627174139022827, 0.9621739387512207, 0.9628260731697083, 0.9620652198791504, 0.9579347968101501, 0.9615217447280884, 0.9624999761581421, 0.9617391228675842, 0.9618478417396545, 0.9620652198791504, 0.9626086950302124, 0.9613043665885925, 0.9628260731697083, 0.9622825980186462, 0.9619565010070801, 0.9614130258560181, 0.9626086950302124, 0.9616304636001587, 0.9636956453323364, 0.9598913192749023, 0.9622825980186462, 0.9619565010070801, 0.9606521725654602, 0.9619565010070801, 0.9611956477165222, 0.9629347920417786, 0.9621739387512207, 0.960869550704956, 0.9620652198791504, 0.9626086950302124, 0.9636956453323364, 0.9624999761581421, 0.9623913168907166, 0.9634782671928406, 0.9633695483207703, 0.9620652198791504, 0.9636956453323364, 0.9631521701812744, 0.9629347920417786, 0.9627174139022827, 0.9609782695770264, 0.9632608890533447, 0.9621739387512207, 0.9635869860649109, 0.9626086950302124, 0.9634782671928406], "val_loss": [0.4378087520599365, 0.3012933135032654, 0.20917613804340363, 0.17733517289161682, 0.15704308450222015, 0.14998090267181396, 0.1428941786289215, 0.1394273042678833, 0.13988640904426575, 0.1366148144006729, 0.13575761020183563, 0.1366547793149948, 0.13638059794902802, 0.1346130073070526, 0.14272397756576538, 0.1336272954940796, 0.13383202254772186, 0.1338232457637787, 0.13596664369106293, 0.13189630210399628, 0.13668757677078247, 0.13291461765766144, 0.1348389834165573, 0.14000341296195984, 0.1335727721452713, 0.13401217758655548, 0.13191890716552734, 0.13481482863426208, 0.13766562938690186, 0.13253839313983917, 0.13203004002571106, 0.1349857747554779, 0.14936763048171997, 0.14830133318901062, 0.13243438303470612, 0.1402548849582672, 0.13651373982429504, 0.14067530632019043, 0.13325254619121552, 0.1444738209247589, 0.13268926739692688, 0.1313638985157013, 0.13354845345020294, 0.1333247870206833, 0.1323961764574051, 0.13279864192008972, 0.14837335050106049, 0.13165533542633057, 0.1322091668844223, 0.13056865334510803, 0.13259397447109222, 0.12973907589912415, 0.13019540905952454, 0.13218235969543457, 0.1381506770849228, 0.13131657242774963, 0.1322600245475769, 0.13766713440418243, 0.13282525539398193, 0.13043133914470673, 0.12988562881946564, 0.13264738023281097, 0.1402801126241684, 0.1312151849269867, 0.13391903042793274, 0.13702133297920227, 0.14165842533111572, 0.13601453602313995, 0.1284925788640976, 0.13221915066242218, 0.1322898268699646, 0.13982413709163666, 0.14044414460659027, 0.13809449970722198, 0.13362640142440796, 0.130533367395401, 0.1300612837076187, 0.13434413075447083, 0.12855449318885803, 0.1315089762210846, 0.13568367063999176, 0.13319247961044312, 0.14452165365219116, 0.13089679181575775, 0.12891902029514313, 0.13053885102272034, 0.14045174419879913, 0.12788070738315582, 0.12713538110256195, 0.12939436733722687, 0.15256424248218536, 0.1298641711473465, 0.1292591094970703, 0.13370674848556519, 0.12904803454875946, 0.12839385867118835, 0.12936758995056152, 0.13012728095054626, 0.12860773503780365, 0.12794579565525055],