{"loss": [0.5030151605606079, 0.44229039549827576, 0.3398119807243347, 0.24772042036056519, 0.19444330036640167, 0.16760441660881042, 0.1536150574684143, 0.14319072663784027, 0.13780981302261353, 0.13341672718524933, 0.13173280656337738, 0.12803694605827332, 0.12854845821857452, 0.12732698023319244, 0.12619374692440033, 0.12415585666894913, 0.12564413249492645, 0.12424423545598984, 0.12344522029161453, 0.123511403799057, 0.121278315782547, 0.12157246470451355, 0.12134300917387009, 0.12217868864536285, 0.12163583189249039, 0.12020907551050186, 0.1212056577205658, 0.11960539221763611, 0.12032417953014374, 0.12124490737915039, 0.12023571878671646, 0.1198945939540863, 0.11864619702100754, 0.12010510265827179, 0.1194029301404953, 0.12066461890935898, 0.12018086016178131, 0.11893060058355331, 0.11976546794176102, 0.11874204128980637, 0.12010765820741653, 0.11883009225130081, 0.11943521350622177, 0.1180959939956665, 0.11918152123689651, 0.11785423010587692, 0.11839569360017776, 0.1200857013463974, 0.11830125749111176, 0.11867561936378479, 0.11700166016817093, 0.11776478588581085, 0.11735876649618149, 0.11778673529624939, 0.11944833397865295, 0.11836191266775131, 0.11775919795036316, 0.11672825366258621, 0.11847477406263351, 0.11650735884904861, 0.11850874871015549, 0.11647167801856995, 0.118655264377594, 0.11819565296173096, 0.11928940564393997, 0.11776796728372574, 0.11599556356668472, 0.11774060875177383, 0.11748531460762024, 0.11594638973474503, 0.11481327563524246, 0.11764092743396759, 0.11675047129392624, 0.11804644018411636, 0.11788956075906754, 0.11569055914878845, 0.11463840305805206, 0.11838299036026001, 0.11608292162418365, 0.11702375113964081, 0.11871170997619629, 0.1165200024843216, 0.11618408560752869, 0.11539442092180252, 0.11642459779977798, 0.11480507254600525, 0.11554189771413803, 0.11475803703069687, 0.1168583482503891, 0.11475693434476852, 0.11526977270841599, 0.1159142255783081, 0.11454535275697708, 0.11466409265995026, 0.11512788385152817, 0.1149074137210846, 0.11652214825153351, 0.11451169103384018, 0.11545827984809875, 0.1139637678861618], "accuracy": [0.7942391037940979, 0.800000011920929, 0.8378260731697083, 0.9154347777366638, 0.9406521916389465, 0.9486956596374512, 0.9536956548690796, 0.9564130306243896, 0.9569565057754517, 0.9579347968101501, 0.9569565057754517, 0.9583695530891418, 0.9605434536933899, 0.959782600402832, 0.9595652222633362, 0.9602174162864685, 0.9598913192749023, 0.9596739411354065, 0.9601086974143982, 0.9609782695770264, 0.9611956477165222, 0.960869550704956, 0.9617391228675842, 0.9598913192749023, 0.960326075553894, 0.9609782695770264, 0.9631521701812744, 0.9607608914375305, 0.9609782695770264, 0.9606521725654602, 0.9622825980186462, 0.9610869288444519, 0.9622825980186462, 0.9610869288444519, 0.9618478417396545, 0.9619565010070801, 0.9615217447280884, 0.9616304636001587, 0.9621739387512207, 0.9626086950302124, 0.9621739387512207, 0.9614130258560181, 0.9623913168907166, 0.9615217447280884, 0.9624999761581421, 0.9624999761581421, 0.9610869288444519, 0.9604347944259644, 0.9618478417396545, 0.9631521701812744, 0.9630434513092041, 0.9620652198791504, 0.9615217447280884, 0.9628260731697083, 0.9606521725654602, 0.9614130258560181, 0.9614130258560181, 0.9620652198791504, 0.9623913168907166, 0.9632608890533447, 0.9618478417396545, 0.9624999761581421, 0.9618478417396545, 0.9623913168907166, 0.9610869288444519, 0.9621739387512207, 0.9641304612159729, 0.9624999761581421, 0.960326075553894, 0.9621739387512207, 0.9630434513092041, 0.9616304636001587, 0.9643478393554688, 0.9623913168907166, 0.9615217447280884, 0.9632608890533447, 0.9634782671928406, 0.9604347944259644, 0.9618478417396545, 0.9627174139022827, 0.9614130258560181, 0.9622825980186462, 0.9627174139022827, 0.9630434513092041, 0.9618478417396545, 0.9630434513092041, 0.9628260731697083, 0.9633695483207703, 0.9622825980186462, 0.9627174139022827, 0.9632608890533447, 0.9626086950302124, 0.9633695483207703, 0.9635869860649109, 0.9624999761581421, 0.9630434513092041, 0.9630434513092041, 0.9632608890533447, 0.9622825980186462, 0.9640217423439026], "val_loss": [0.4782816171646118, 0.39567315578460693, 0.2906727194786072, 0.2191426157951355, 0.18304443359375, 0.16399505734443665, 0.15363262593746185, 0.14743930101394653, 0.1493968665599823, 0.13949845731258392, 0.13726355135440826, 0.13574086129665375, 0.13531211018562317, 0.1339857280254364, 0.13392476737499237, 0.13612176477909088, 0.13315387070178986, 0.1358618140220642, 0.1340440958738327, 0.13518239557743073, 0.1391182541847229, 0.13075284659862518, 0.13294717669487, 0.13410553336143494, 0.13086432218551636, 0.13097470998764038, 0.13575336337089539, 0.13413435220718384, 0.1324077695608139, 0.130042165517807, 0.13339561223983765, 0.13087886571884155, 0.13202224671840668, 0.13173682987689972, 0.130919948220253, 0.1297033429145813, 0.1377202868461609, 0.1343635767698288, 0.13121704757213593, 0.13678647577762604, 0.13240812718868256, 0.13626974821090698, 0.13373413681983948, 0.129450723528862, 0.14596746861934662, 0.13353048264980316, 0.1324196308851242, 0.12973731756210327, 0.13127531111240387, 0.13340896368026733, 0.12989521026611328, 0.1314934343099594, 0.12973447144031525, 0.12949317693710327, 0.13008001446723938, 0.13244113326072693, 0.1361154168844223, 0.13587577641010284, 0.1354527473449707, 0.13062268495559692, 0.1348734050989151, 0.13460680842399597, 0.1299077570438385, 0.13045281171798706, 0.13612526655197144, 0.13079901039600372, 0.1317491978406906, 0.1348010152578354, 0.135977104306221, 0.1302666813135147, 0.13211694359779358, 0.13488855957984924, 0.13014264404773712, 0.13045036792755127, 0.13353678584098816, 0.1312863826751709, 0.13040606677532196, 0.15179932117462158, 0.12905561923980713, 0.13302527368068695, 0.13320666551589966, 0.13477404415607452, 0.13658511638641357, 0.12906621396541595, 0.12848271429538727, 0.1481771320104599, 0.1291961967945099, 0.1392127126455307, 0.1336284875869751, 0.12984615564346313, 0.13822422921657562, 0.13233022391796112, 0.13395673036575317, 0.13261006772518158, 0.12829424440860748, 0.1440327763557434, 0.12871447205543518, 0.13106070458889008, 0.12889251112937927, 0.14007556438446045],