{"loss": [0.47920680046081543, 0.3697655200958252, 0.2462957799434662, 0.18171097338199615, 0.15515288710594177, 0.14281146228313446, 0.13754300773143768, 0.13513001799583435, 0.1298387348651886, 0.128532275557518, 0.1275864690542221, 0.12758302688598633, 0.12535399198532104, 0.1275050789117813, 0.12548701465129852, 0.12258783727884293, 0.12570621073246002, 0.1238022893667221, 0.12349643558263779, 0.12288038432598114, 0.12383254617452621, 0.12174549698829651, 0.12216422706842422, 0.12187983095645905, 0.12502527236938477, 0.12270599603652954, 0.12224043905735016, 0.12169604748487473, 0.12249217182397842, 0.12095826864242554, 0.12069708853960037, 0.11861655861139297, 0.12018034607172012, 0.1193443089723587, 0.12018518894910812, 0.1209036260843277, 0.12152265757322311, 0.11983627825975418, 0.12109459936618805, 0.11917483061552048, 0.1196853369474411, 0.1194562166929245, 0.11773163825273514, 0.1194085031747818, 0.11992532759904861, 0.11865956336259842, 0.11892920732498169, 0.11753043532371521, 0.11807245761156082, 0.11739079654216766, 0.11736837774515152, 0.11969809979200363, 0.1187351793050766, 0.11706346273422241, 0.11931698769330978, 0.11796094477176666, 0.11833639442920685, 0.11781374365091324, 0.11805315315723419, 0.12024541199207306, 0.11542797833681107, 0.11990782618522644, 0.1190604418516159, 0.11618900299072266, 0.1163661777973175, 0.11790420114994049, 0.11604445427656174, 0.11809412389993668, 0.1168566644191742, 0.11759667098522186, 0.1165691614151001, 0.11702805012464523, 0.11608836054801941, 0.11534085124731064, 0.11781012266874313, 0.1167820543050766, 0.11394955962896347, 0.11916257441043854, 0.11510977149009705, 0.11587861180305481, 0.11692771315574646, 0.11388079822063446, 0.11413891613483429, 0.11545903980731964, 0.11531311273574829, 0.11352542787790298, 0.11537022143602371, 0.11467935144901276, 0.114097461104393, 0.11529827862977982, 0.11594555526971817, 0.11309806257486343, 0.11561503261327744, 0.11448628455400467, 0.11269207298755646, 0.11345954984426498, 0.11308504641056061, 0.11426261812448502, 0.11416367441415787, 0.11457169055938721], "accuracy": [0.7997826337814331, 0.8238043189048767, 0.9156521558761597, 0.9445652365684509, 0.9521738886833191, 0.9560869336128235, 0.9569565057754517, 0.9574999809265137, 0.9595652222633362, 0.960326075553894, 0.960326075553894, 0.9598913192749023, 0.9598913192749023, 0.9599999785423279, 0.9594565033912659, 0.9619565010070801, 0.9601086974143982, 0.958152174949646, 0.9610869288444519, 0.9610869288444519, 0.9622825980186462, 0.9622825980186462, 0.9613043665885925, 0.9617391228675842, 0.959782600402832, 0.9598913192749023, 0.9611956477165222, 0.9607608914375305, 0.9618478417396545, 0.960326075553894, 0.9627174139022827, 0.9634782671928406, 0.9623913168907166, 0.9616304636001587, 0.9601086974143982, 0.9605434536933899, 0.9621739387512207, 0.9618478417396545, 0.9618478417396545, 0.9609782695770264, 0.9626086950302124, 0.9618478417396545, 0.9640217423439026, 0.9627174139022827, 0.9609782695770264, 0.9619565010070801, 0.9623913168907166, 0.9627174139022827, 0.9626086950302124, 0.9617391228675842, 0.9626086950302124, 0.9623913168907166, 0.9618478417396545, 0.9624999761581421, 0.9614130258560181, 0.9626086950302124, 0.9629347920417786, 0.9624999761581421, 0.9620652198791504, 0.9604347944259644, 0.9632608890533447, 0.9607608914375305, 0.9620652198791504, 0.9626086950302124, 0.9619565010070801, 0.9611956477165222, 0.9634782671928406, 0.9632608890533447, 0.9617391228675842, 0.9619565010070801, 0.9613043665885925, 0.9626086950302124, 0.9627174139022827, 0.9621739387512207, 0.9613043665885925, 0.9622825980186462, 0.9639130234718323, 0.9613043665885925, 0.9628260731697083, 0.9632608890533447, 0.9629347920417786, 0.9635869860649109, 0.9635869860649109, 0.9621739387512207, 0.9621739387512207, 0.9640217423439026, 0.9626086950302124, 0.9634782671928406, 0.9618478417396545, 0.9618478417396545, 0.9623913168907166, 0.9641304612159729, 0.9629347920417786, 0.9629347920417786, 0.9640217423439026, 0.9636956453323364, 0.9635869860649109, 0.9632608890533447, 0.9629347920417786, 0.9633695483207703], "val_loss": [0.43925896286964417, 0.3210059702396393, 0.21240194141864777, 0.17535313963890076, 0.1537839025259018, 0.14779527485370636, 0.14407752454280853, 0.14810112118721008, 0.13767822086811066, 0.1455601453781128, 0.14604583382606506, 0.13582254946231842, 0.13362613320350647, 0.13407452404499054, 0.13330425322055817, 0.13362020254135132, 0.1375587284564972, 0.1344461292028427, 0.1317262053489685, 0.13647088408470154, 0.14174440503120422, 0.13297808170318604, 0.13525435328483582, 0.13429784774780273, 0.13204357028007507, 0.13149641454219818, 0.13408353924751282, 0.1332424283027649, 0.13144931197166443, 0.13201655447483063, 0.13252882659435272, 0.13410131633281708, 0.1306912750005722, 0.14248637855052948, 0.1345958560705185, 0.13532055914402008, 0.14204145967960358, 0.1408672332763672, 0.13878364861011505, 0.13536089658737183, 0.13398583233356476, 0.13093949854373932, 0.12965460121631622, 0.13223737478256226, 0.1300864815711975, 0.13331426680088043, 0.13266928493976593, 0.12982778251171112, 0.13309144973754883, 0.1320948600769043, 0.13205647468566895, 0.13090896606445312, 0.13110321760177612, 0.13051483035087585, 0.12989573180675507, 0.1289900839328766, 0.13051894307136536, 0.13915297389030457, 0.13479462265968323, 0.1548810601234436, 0.13998004794120789, 0.12932159006595612, 0.13064050674438477, 0.1293090432882309, 0.12867611646652222, 0.13819466531276703, 0.12935400009155273, 0.13818831741809845, 0.13325731456279755, 0.13316716253757477, 0.13868115842342377, 0.14152948558330536, 0.12736846506595612, 0.13541029393672943, 0.12943148612976074, 0.1279819905757904, 0.13009168207645416, 0.13892127573490143, 0.12816265225410461, 0.1291790008544922, 0.1262037605047226, 0.1285128891468048, 0.13156402111053467, 0.13883788883686066, 0.1275409609079361, 0.12990263104438782, 0.14493408799171448, 0.12750983238220215, 0.13055315613746643, 0.1279059648513794, 0.1255340576171875, 0.1576618105173111, 0.131173238158226, 0.12678185105323792, 0.13110047578811646, 0.13241103291511536, 0.12923528254032135, 0.1261676400899887, 0.12451469153165817, 0.12666304409503937],