{"loss": [0.4815964102745056, 0.39054030179977417, 0.27311936020851135, 0.19923298060894012, 0.16530676186084747, 0.15064197778701782, 0.14090538024902344, 0.135742649435997, 0.1334962248802185, 0.12944327294826508, 0.12880834937095642, 0.12768077850341797, 0.1278102844953537, 0.12474913150072098, 0.12506340444087982, 0.12490985542535782, 0.12291005253791809, 0.12690326571464539, 0.12406536936759949, 0.1234985738992691, 0.12466847151517868, 0.12380518019199371, 0.122235506772995, 0.12148449569940567, 0.12123867869377136, 0.12234612554311752, 0.122809037566185, 0.12045582383871078, 0.1214473694562912, 0.12044826149940491, 0.12156885862350464, 0.12237446755170822, 0.12047603726387024, 0.12011079490184784, 0.12026757001876831, 0.12080767005681992, 0.12062336504459381, 0.12089428305625916, 0.12097494304180145, 0.12078624963760376, 0.12137530744075775, 0.11996296793222427, 0.12125837057828903, 0.12099666148424149, 0.11876731365919113, 0.12011756002902985, 0.11881828308105469, 0.11995644122362137, 0.11906495690345764, 0.12046637386083603, 0.11847812682390213, 0.11913862079381943, 0.12025220692157745, 0.11817238479852676, 0.1171516478061676, 0.11774453520774841, 0.11881419271230698, 0.12063214182853699, 0.1179783046245575, 0.11903636157512665, 0.11972079426050186, 0.11899249255657196, 0.11867424845695496, 0.11866111308336258, 0.11902197450399399, 0.11727167665958405, 0.11692573875188828, 0.11845486611127853, 0.11853847652673721, 0.11983698606491089, 0.11791518330574036, 0.11722585558891296, 0.1181546002626419, 0.11860277503728867, 0.11871202290058136, 0.11694054305553436, 0.11815040558576584, 0.12141581624746323, 0.11694524437189102, 0.11795198917388916, 0.11808639019727707, 0.1180095374584198, 0.11821481585502625, 0.11823096126317978, 0.11999998986721039, 0.11862912029027939, 0.11683715879917145, 0.11782117933034897, 0.11759228259325027, 0.1171191930770874, 0.11617573350667953, 0.11870811134576797, 0.11798383295536041, 0.11815782636404037, 0.11773688346147537, 0.11695531755685806, 0.11665134876966476, 0.11671094596385956, 0.11704544723033905, 0.1156943142414093], "accuracy": [0.7997826337814331, 0.8096739053726196, 0.8990217447280884, 0.9389130473136902, 0.9488043189048767, 0.9536956548690796, 0.9558695554733276, 0.95652174949646, 0.9571738839149475, 0.9599999785423279, 0.9598913192749023, 0.9588043689727783, 0.960869550704956, 0.9594565033912659, 0.9588043689727783, 0.9595652222633362, 0.9616304636001587, 0.960326075553894, 0.9606521725654602, 0.9617391228675842, 0.9596739411354065, 0.9611956477165222, 0.9613043665885925, 0.9606521725654602, 0.9613043665885925, 0.9610869288444519, 0.960869550704956, 0.9620652198791504, 0.9606521725654602, 0.9613043665885925, 0.9606521725654602, 0.9601086974143982, 0.9616304636001587, 0.9621739387512207, 0.9604347944259644, 0.9615217447280884, 0.9610869288444519, 0.960326075553894, 0.9609782695770264, 0.9613043665885925, 0.9604347944259644, 0.9617391228675842, 0.9601086974143982, 0.9609782695770264, 0.9613043665885925, 0.9613043665885925, 0.9623913168907166, 0.9605434536933899, 0.9613043665885925, 0.9631521701812744, 0.9628260731697083, 0.9627174139022827, 0.9617391228675842, 0.9613043665885925, 0.9615217447280884, 0.9626086950302124, 0.9616304636001587, 0.9614130258560181, 0.9628260731697083, 0.9621739387512207, 0.9617391228675842, 0.9594565033912659, 0.9619565010070801, 0.9620652198791504, 0.9623913168907166, 0.9623913168907166, 0.9622825980186462, 0.9619565010070801, 0.9611956477165222, 0.9607608914375305, 0.9627174139022827, 0.9634782671928406, 0.9617391228675842, 0.9617391228675842, 0.9630434513092041, 0.9626086950302124, 0.9618478417396545, 0.9615217447280884, 0.9620652198791504, 0.9621739387512207, 0.9629347920417786, 0.9618478417396545, 0.9620652198791504, 0.9628260731697083, 0.9618478417396545, 0.9618478417396545, 0.9632608890533447, 0.9614130258560181, 0.9617391228675842, 0.9619565010070801, 0.9629347920417786, 0.9611956477165222, 0.9626086950302124, 0.9614130258560181, 0.9623913168907166, 0.9621739387512207, 0.9624999761581421, 0.9617391228675842, 0.9624999761581421, 0.9626086950302124], "val_loss": [0.447631299495697, 0.33424898982048035, 0.2301110327243805, 0.18759259581565857, 0.16226604580879211, 0.15096373856067657, 0.14545698463916779, 0.15959532558918, 0.14326390624046326, 0.13711358606815338, 0.13600072264671326, 0.13474172353744507, 0.1369682252407074, 0.1473272442817688, 0.15801794826984406, 0.1331671178340912, 0.1415317803621292, 0.13286910951137543, 0.13412009179592133, 0.1321660727262497, 0.15429213643074036, 0.13542746007442474, 0.13247932493686676, 0.1423080563545227, 0.1355196237564087, 0.13375884294509888, 0.14314313232898712, 0.13175208866596222, 0.13530999422073364, 0.1349545121192932, 0.15717339515686035, 0.15150059759616852, 0.13295917212963104, 0.14208070933818817, 0.15664665400981903, 0.13713623583316803, 0.13185442984104156, 0.13405294716358185, 0.13238802552223206, 0.13253746926784515, 0.15009960532188416, 0.13173580169677734, 0.13181380927562714, 0.1335277557373047, 0.13220952451229095, 0.1329517811536789, 0.13311845064163208, 0.13277950882911682, 0.13542300462722778, 0.13074180483818054, 0.1305682212114334, 0.13635481894016266, 0.14116239547729492, 0.1318155974149704, 0.13234466314315796, 0.131630539894104, 0.1576576828956604, 0.1302770972251892, 0.1314372718334198, 0.13489514589309692, 0.13043855130672455, 0.13595353066921234, 0.1392015963792801, 0.13596217334270477, 0.1297713667154312, 0.1299181580543518, 0.1318395882844925, 0.12960931658744812, 0.1303577572107315, 0.13049770891666412, 0.13174378871917725, 0.12976178526878357, 0.1405518800020218, 0.13406558334827423, 0.13571153581142426, 0.14848695695400238, 0.13741137087345123, 0.13784998655319214, 0.13132983446121216, 0.13208641111850739, 0.13188433647155762, 0.1301388442516327, 0.139801487326622, 0.13652269542217255, 0.12958836555480957, 0.13035248219966888, 0.13430750370025635, 0.13779869675636292, 0.1298372596502304, 0.1309138387441635, 0.13083668053150177, 0.12979784607887268, 0.13785198330879211, 0.1385064274072647, 0.12805107235908508, 0.1292586773633957, 0.12830109894275665, 0.13075664639472961, 0.12938442826271057, 0.13092976808547974],