{"loss": [0.492087721824646, 0.4373815059661865, 0.348836749792099, 0.2641317546367645, 0.20904578268527985, 0.1784106194972992, 0.1602056622505188, 0.150558203458786, 0.14291949570178986, 0.13991940021514893, 0.13392125070095062, 0.131326362490654, 0.12948791682720184, 0.1291029304265976, 0.12588898837566376, 0.12691019475460052, 0.12498676776885986, 0.12423260509967804, 0.12335170805454254, 0.12324153631925583, 0.12309153378009796, 0.1225588470697403, 0.12264487892389297, 0.12368762493133545, 0.12239126116037369, 0.12062784284353256, 0.12122873216867447, 0.12036825716495514, 0.12198645621538162, 0.11990728229284286, 0.1206330806016922, 0.12004929035902023, 0.11901658028364182, 0.12004704773426056, 0.1182684451341629, 0.11992261558771133, 0.11970995366573334, 0.11930616199970245, 0.11917120963335037, 0.11869151145219803, 0.11840643733739853, 0.11841047555208206, 0.12135772407054901, 0.11967437714338303, 0.11792933195829391, 0.1188487857580185, 0.11931537091732025, 0.11620830744504929, 0.11828354746103287, 0.11943547427654266, 0.11711335927248001, 0.11853382736444473, 0.1176169216632843, 0.11989928036928177, 0.11509928852319717, 0.11725446581840515, 0.11701295524835587, 0.11774911731481552, 0.11656367033720016, 0.11884620040655136, 0.11856675893068314, 0.11893179267644882, 0.11692354828119278, 0.11906509101390839, 0.11609804630279541, 0.11701942980289459, 0.11812154948711395, 0.1169598251581192, 0.12151824682950974, 0.11653032153844833, 0.11816883832216263, 0.11614535003900528, 0.11667677015066147, 0.11634930223226547, 0.11687992513179779, 0.11643306910991669, 0.11505232006311417, 0.11886271834373474, 0.11564260721206665, 0.1174299567937851, 0.11731668561697006, 0.11545131355524063, 0.11649800091981888, 0.11524972319602966, 0.11609702557325363, 0.1154237687587738, 0.11676683276891708, 0.11500082165002823, 0.11559168249368668, 0.11649507284164429, 0.11673794686794281, 0.11557397991418839, 0.11617191135883331, 0.11766636371612549, 0.11489509791135788, 0.11633152514696121, 0.11551839858293533, 0.11676305532455444, 0.11663798242807388, 0.1164092868566513], "accuracy": [0.7997826337814331, 0.7998912930488586, 0.8321738839149475, 0.9046739339828491, 0.9341304302215576, 0.9451087117195129, 0.9503260850906372, 0.9539130330085754, 0.9556521773338318, 0.9558695554733276, 0.9568478465080261, 0.9583695530891418, 0.9580434560775757, 0.95923912525177, 0.9605434536933899, 0.9583695530891418, 0.9588043689727783, 0.9599999785423279, 0.9598913192749023, 0.9604347944259644, 0.9598913192749023, 0.9602174162864685, 0.9607608914375305, 0.9588043689727783, 0.9611956477165222, 0.9602174162864685, 0.9598913192749023, 0.9616304636001587, 0.9601086974143982, 0.9620652198791504, 0.9596739411354065, 0.9605434536933899, 0.9610869288444519, 0.9621739387512207, 0.9620652198791504, 0.9617391228675842, 0.960869550704956, 0.9623913168907166, 0.960326075553894, 0.9616304636001587, 0.9624999761581421, 0.9617391228675842, 0.9606521725654602, 0.9629347920417786, 0.9615217447280884, 0.9615217447280884, 0.9618478417396545, 0.9620652198791504, 0.9622825980186462, 0.9606521725654602, 0.9627174139022827, 0.9622825980186462, 0.9619565010070801, 0.9617391228675842, 0.9631521701812744, 0.9627174139022827, 0.9616304636001587, 0.9622825980186462, 0.9624999761581421, 0.9616304636001587, 0.9613043665885925, 0.9606521725654602, 0.9620652198791504, 0.9619565010070801, 0.9626086950302124, 0.9623913168907166, 0.9622825980186462, 0.9623913168907166, 0.9611956477165222, 0.9628260731697083, 0.9620652198791504, 0.9631521701812744, 0.9643478393554688, 0.9631521701812744, 0.9627174139022827, 0.9624999761581421, 0.9624999761581421, 0.960326075553894, 0.9624999761581421, 0.9623913168907166, 0.9619565010070801, 0.9628260731697083, 0.9626086950302124, 0.9641304612159729, 0.9626086950302124, 0.9616304636001587, 0.9629347920417786, 0.9624999761581421, 0.9626086950302124, 0.9624999761581421, 0.9611956477165222, 0.9629347920417786, 0.9632608890533447, 0.9623913168907166, 0.9644564986228943, 0.9626086950302124, 0.9622825980186462, 0.9630434513092041, 0.9610869288444519, 0.9621739387512207], "val_loss": [0.4671264886856079, 0.398397833108902, 0.30587708950042725, 0.23596863448619843, 0.19729061424732208, 0.17597538232803345, 0.16146205365657806, 0.1520363837480545, 0.14948521554470062, 0.14502069354057312, 0.14042545855045319, 0.1401517540216446, 0.1366806924343109, 0.13559557497501373, 0.14016149938106537, 0.13857880234718323, 0.13393723964691162, 0.13658997416496277, 0.13467860221862793, 0.13218945264816284, 0.1328137218952179, 0.13123267889022827, 0.14141999185085297, 0.1335938274860382, 0.13202980160713196, 0.13674511015415192, 0.13094060122966766, 0.13052457571029663, 0.13138967752456665, 0.13116692006587982, 0.13950343430042267, 0.13065780699253082, 0.12989449501037598, 0.13011282682418823, 0.13776880502700806, 0.13081145286560059, 0.13762925565242767, 0.13095751404762268, 0.1300925761461258, 0.12924206256866455, 0.14328955113887787, 0.13285662233829498, 0.14524029195308685, 0.1296464204788208, 0.13188765943050385, 0.1359771192073822, 0.12971502542495728, 0.13401372730731964, 0.13237346708774567, 0.13010506331920624, 0.13104142248630524, 0.13151708245277405, 0.1352762132883072, 0.12876327335834503, 0.1370060294866562, 0.13075706362724304, 0.13253898918628693, 0.13076947629451752, 0.13285213708877563, 0.1336510330438614, 0.13007208704948425, 0.1341879963874817, 0.12991182506084442, 0.129555806517601, 0.13131487369537354, 0.13369251787662506, 0.14398950338363647, 0.13035652041435242, 0.12916341423988342, 0.1304081231355667, 0.13587616384029388, 0.131824791431427, 0.1292211264371872, 0.13259857892990112, 0.12994195520877838, 0.12882475554943085, 0.13095247745513916, 0.1294495165348053, 0.13598883152008057, 0.13207760453224182, 0.12963995337486267, 0.1344984620809555, 0.14052385091781616, 0.127338245511055, 0.1301918625831604, 0.14905299246311188, 0.1285942941904068, 0.12911836802959442, 0.13506652414798737, 0.13144171237945557, 0.12796448171138763, 0.1394633948802948, 0.14103944599628448, 0.12879544496536255, 0.13029684126377106, 0.12658458948135376, 0.12801243364810944, 0.133187398314476, 0.1284623146057129, 0.13574668765068054],