{"loss": [0.49473100900650024, 0.40798860788345337, 0.29113030433654785, 0.2138069123029709, 0.1766711324453354, 0.15680953860282898, 0.14476926624774933, 0.138506218791008, 0.13464991748332977, 0.13211379945278168, 0.13096223771572113, 0.12714803218841553, 0.12812590599060059, 0.1280568689107895, 0.12502756714820862, 0.12438951432704926, 0.12450668960809708, 0.12504082918167114, 0.12301408499479294, 0.12641724944114685, 0.12448857724666595, 0.12319663912057877, 0.1231023371219635, 0.12318214774131775, 0.12291564792394638, 0.12086953967809677, 0.12345485389232635, 0.12259908765554428, 0.12107988446950912, 0.12173410505056381, 0.12151961773633957, 0.1220836192369461, 0.12117111682891846, 0.12064215540885925, 0.12117210030555725, 0.12077098339796066, 0.12008082121610641, 0.12067802250385284, 0.12017540633678436, 0.11949427425861359, 0.11976808309555054, 0.12103601545095444, 0.12070288509130478, 0.1185549944639206, 0.11933358758687973, 0.11909513920545578, 0.11938630789518356, 0.11936493217945099, 0.12309449911117554, 0.11870056390762329, 0.11825986206531525, 0.11722519248723984, 0.11857963353395462, 0.11874119192361832, 0.12074320763349533, 0.11905991286039352, 0.11936917155981064, 0.11900472640991211, 0.12077408283948898, 0.11885158717632294, 0.11830273270606995, 0.1183023452758789, 0.11730427294969559, 0.11722004413604736, 0.11824023723602295, 0.11873378604650497, 0.11850377917289734, 0.11727817356586456, 0.11790510267019272, 0.11665172874927521, 0.11823616176843643, 0.11914817243814468, 0.11740536987781525, 0.11843597143888474, 0.1182001531124115, 0.11930646747350693, 0.11791975051164627, 0.11844249069690704, 0.11657566577196121, 0.1173512190580368, 0.11808756738901138, 0.11822016537189484, 0.11920188367366791, 0.11748883128166199, 0.11834961920976639, 0.11831796169281006, 0.11708782613277435, 0.11899980902671814, 0.1156267523765564, 0.11575954407453537, 0.11730382591485977, 0.1188601553440094, 0.11685098707675934, 0.11797108501195908, 0.116019606590271, 0.11611755192279816, 0.11798102408647537, 0.11701907217502594, 0.11574418097734451, 0.11726021021604538], "accuracy": [0.7947825789451599, 0.8046739101409912, 0.8810869455337524, 0.9326087236404419, 0.9440217614173889, 0.9532608985900879, 0.9553260803222656, 0.9571738839149475, 0.9572826027870178, 0.958152174949646, 0.9578260779380798, 0.9588043689727783, 0.9580434560775757, 0.957608699798584, 0.9594565033912659, 0.9605434536933899, 0.9593478441238403, 0.9591304063796997, 0.960869550704956, 0.958695650100708, 0.9596739411354065, 0.9609782695770264, 0.9601086974143982, 0.9611956477165222, 0.9606521725654602, 0.9616304636001587, 0.9599999785423279, 0.9599999785423279, 0.960869550704956, 0.9615217447280884, 0.9602174162864685, 0.9609782695770264, 0.9598913192749023, 0.9617391228675842, 0.9614130258560181, 0.9620652198791504, 0.9627174139022827, 0.9609782695770264, 0.9615217447280884, 0.9618478417396545, 0.9621739387512207, 0.9628260731697083, 0.9609782695770264, 0.9628260731697083, 0.9617391228675842, 0.9627174139022827, 0.9616304636001587, 0.9624999761581421, 0.9601086974143982, 0.9616304636001587, 0.9619565010070801, 0.9631521701812744, 0.9627174139022827, 0.9629347920417786, 0.9621739387512207, 0.9620652198791504, 0.9619565010070801, 0.9613043665885925, 0.960326075553894, 0.9631521701812744, 0.9621739387512207, 0.9627174139022827, 0.9622825980186462, 0.9627174139022827, 0.9613043665885925, 0.9622825980186462, 0.9614130258560181, 0.9628260731697083, 0.9628260731697083, 0.9623913168907166, 0.9619565010070801, 0.9613043665885925, 0.9619565010070801, 0.9609782695770264, 0.9626086950302124, 0.9610869288444519, 0.9622825980186462, 0.9623913168907166, 0.9618478417396545, 0.9618478417396545, 0.9627174139022827, 0.9623913168907166, 0.9614130258560181, 0.9628260731697083, 0.9626086950302124, 0.9619565010070801, 0.9631521701812744, 0.960869550704956, 0.9614130258560181, 0.9629347920417786, 0.9618478417396545, 0.9618478417396545, 0.9628260731697083, 0.9623913168907166, 0.9644564986228943, 0.9615217447280884, 0.9618478417396545, 0.9630434513092041, 0.9633695483207703, 0.9618478417396545], "val_loss": [0.4619310200214386, 0.34349268674850464, 0.24951785802841187, 0.19445209205150604, 0.17030075192451477, 0.16024784743785858, 0.14941908419132233, 0.1441434621810913, 0.13997356593608856, 0.13919207453727722, 0.14403794705867767, 0.14494262635707855, 0.14475607872009277, 0.1382991373538971, 0.13343359529972076, 0.13428150117397308, 0.13858574628829956, 0.13239027559757233, 0.13879741728305817, 0.14134098589420319, 0.13161472976207733, 0.1452837437391281, 0.13713985681533813, 0.13236691057682037, 0.13689546287059784, 0.13207383453845978, 0.13642261922359467, 0.14580237865447998, 0.13184145092964172, 0.13456891477108002, 0.1454286277294159, 0.1314629763364792, 0.1317051500082016, 0.1316497027873993, 0.13240095973014832, 0.13210929930210114, 0.13705213367938995, 0.1426282674074173, 0.13233795762062073, 0.13049285113811493, 0.13314318656921387, 0.1322864592075348, 0.13443200290203094, 0.13155832886695862, 0.13415633141994476, 0.13288751244544983, 0.13048318028450012, 0.13331754505634308, 0.13169854879379272, 0.13160595297813416, 0.1340385228395462, 0.14136844873428345, 0.1359783113002777, 0.13252559304237366, 0.1430545300245285, 0.13293804228305817, 0.1449464112520218, 0.13254889845848083, 0.13476189970970154, 0.13113802671432495, 0.1381184309720993, 0.13525177538394928, 0.13113617897033691, 0.13812464475631714, 0.13807523250579834, 0.13059690594673157, 0.1373375803232193, 0.13363386690616608, 0.13156478106975555, 0.13977862894535065, 0.1336696892976761, 0.13227400183677673, 0.13239844143390656, 0.13131842017173767, 0.13248220086097717, 0.12948548793792725, 0.15318253636360168, 0.13099625706672668, 0.13030923902988434, 0.13407205045223236, 0.13475839793682098, 0.1311231255531311, 0.15914611518383026, 0.13028019666671753, 0.13037565350532532, 0.12964817881584167, 0.13617314398288727, 0.1303461790084839, 0.13400740921497345, 0.13041964173316956, 0.1327793151140213, 0.1356956660747528, 0.1488313227891922, 0.13563580811023712, 0.1285034865140915, 0.13222764432430267, 0.13074256479740143, 0.13255515694618225, 0.12898260354995728, 0.1337166130542755],