{"loss": [0.48268985748291016, 0.39752113819122314, 0.28082096576690674, 0.20899921655654907, 0.17118464410305023, 0.15302975475788116, 0.1436067521572113, 0.1383621096611023, 0.13347457349300385, 0.12921828031539917, 0.12970198690891266, 0.12859156727790833, 0.12585842609405518, 0.12789089977741241, 0.12472007423639297, 0.12433809787034988, 0.12368152290582657, 0.12259108573198318, 0.12369522452354431, 0.12165044248104095, 0.12258178740739822, 0.12079206109046936, 0.12244430929422379, 0.12240052968263626, 0.12094906717538834, 0.11970850080251694, 0.1200636476278305, 0.11931492388248444, 0.12013939768075943, 0.11963426321744919, 0.11884307861328125, 0.11940384656190872, 0.11903240531682968, 0.12000196427106857, 0.11942974478006363, 0.11995895951986313, 0.11902907490730286, 0.1179758608341217, 0.1193511039018631, 0.1187325119972229, 0.11900824308395386, 0.11842945963144302, 0.11766155809164047, 0.12022977322340012, 0.1174086332321167, 0.1182582676410675, 0.11813566833734512, 0.11911030858755112, 0.11720889061689377, 0.11774692684412003, 0.11747514456510544, 0.11712007224559784, 0.1175374835729599, 0.11862385272979736, 0.11761807650327682, 0.1156834214925766, 0.11738664656877518, 0.11784211546182632, 0.1175883412361145, 0.11641451716423035, 0.11662518233060837, 0.11858116090297699, 0.11621461063623428, 0.1163845956325531, 0.11753148585557938, 0.11635272204875946, 0.1167764812707901, 0.11656482517719269, 0.11621271818876266, 0.11617247015237808, 0.11592631787061691, 0.11755228787660599, 0.11798528581857681, 0.11657415330410004, 0.1154615730047226, 0.11682407557964325, 0.11479806900024414, 0.11619309335947037, 0.1160612553358078, 0.11607140302658081, 0.11495091766119003, 0.11671965569257736, 0.11353114992380142, 0.11730866879224777, 0.11490020900964737, 0.11536883562803268, 0.11681561172008514, 0.11674824357032776, 0.11424661427736282, 0.11446347087621689, 0.11431621760129929, 0.11587563902139664, 0.11398904770612717, 0.11368165165185928, 0.11401178687810898, 0.11331154406070709, 0.11520133912563324, 0.11297327280044556, 0.11533375829458237, 0.11441841721534729], "accuracy": [0.7997826337814331, 0.8086956739425659, 0.8895652294158936, 0.9339130520820618, 0.947282612323761, 0.9536956548690796, 0.9541304111480713, 0.9560869336128235, 0.9579347968101501, 0.9583695530891418, 0.9591304063796997, 0.9584782719612122, 0.9604347944259644, 0.9594565033912659, 0.960326075553894, 0.9593478441238403, 0.9607608914375305, 0.9601086974143982, 0.9601086974143982, 0.960326075553894, 0.9601086974143982, 0.9606521725654602, 0.960326075553894, 0.9602174162864685, 0.9616304636001587, 0.9613043665885925, 0.960869550704956, 0.9615217447280884, 0.960869550704956, 0.9624999761581421, 0.9616304636001587, 0.9619565010070801, 0.9623913168907166, 0.9596739411354065, 0.9626086950302124, 0.9622825980186462, 0.9610869288444519, 0.9622825980186462, 0.9614130258560181, 0.9604347944259644, 0.9606521725654602, 0.9609782695770264, 0.9634782671928406, 0.9616304636001587, 0.9620652198791504, 0.9632608890533447, 0.9621739387512207, 0.9615217447280884, 0.9627174139022827, 0.9620652198791504, 0.9622825980186462, 0.9618478417396545, 0.9622825980186462, 0.9621739387512207, 0.9620652198791504, 0.9623913168907166, 0.9617391228675842, 0.9618478417396545, 0.9604347944259644, 0.9634782671928406, 0.9613043665885925, 0.960326075553894, 0.9630434513092041, 0.9622825980186462, 0.9628260731697083, 0.9629347920417786, 0.9626086950302124, 0.9622825980186462, 0.9635869860649109, 0.9622825980186462, 0.9615217447280884, 0.9614130258560181, 0.9618478417396545, 0.960869550704956, 0.9622825980186462, 0.9614130258560181, 0.9640217423439026, 0.9626086950302124, 0.9630434513092041, 0.9615217447280884, 0.9630434513092041, 0.9619565010070801, 0.9640217423439026, 0.9631521701812744, 0.9632608890533447, 0.9626086950302124, 0.9614130258560181, 0.9629347920417786, 0.9629347920417786, 0.9635869860649109, 0.9639130234718323, 0.9618478417396545, 0.9633695483207703, 0.9642391204833984, 0.9622825980186462, 0.9632608890533447, 0.9629347920417786, 0.9629347920417786, 0.9633695483207703, 0.9632608890533447], "val_loss": [0.4505583941936493, 0.3380957841873169, 0.24026556313037872, 0.18998651206493378, 0.1737547367811203, 0.154904305934906, 0.16053567826747894, 0.147515207529068, 0.13868330419063568, 0.16410298645496368, 0.1636471152305603, 0.13487255573272705, 0.14984546601772308, 0.1336815357208252, 0.13427996635437012, 0.13269823789596558, 0.13375134766101837, 0.13271306455135345, 0.14070747792720795, 0.13509540259838104, 0.13180820643901825, 0.13112586736679077, 0.13130056858062744, 0.13210289180278778, 0.13125529885292053, 0.1320844441652298, 0.1335599273443222, 0.13092584908008575, 0.13084793090820312, 0.1345009207725525, 0.138942688703537, 0.13360252976417542, 0.1396382451057434, 0.1387689858675003, 0.13139639794826508, 0.13070784509181976, 0.13065201044082642, 0.13095536828041077, 0.13126897811889648, 0.13388074934482574, 0.13340522348880768, 0.13510222733020782, 0.13898475468158722, 0.13122442364692688, 0.1428193897008896, 0.14266623556613922, 0.13059307634830475, 0.1303735077381134, 0.14756576716899872, 0.13505788147449493, 0.13197338581085205, 0.138974130153656, 0.17257682979106903, 0.13581109046936035, 0.14903311431407928, 0.13504131138324738, 0.1349169760942459, 0.13115060329437256, 0.13678419589996338, 0.1322930008172989, 0.15199017524719238, 0.13010157644748688, 0.1306944340467453, 0.1307690590620041, 0.13733021914958954, 0.1296471804380417, 0.12994787096977234, 0.1292974054813385, 0.14024752378463745, 0.13132689893245697, 0.13256210088729858, 0.1294941008090973, 0.13577190041542053, 0.1296968162059784, 0.14624711871147156, 0.1309080570936203, 0.13750775158405304, 0.12948964536190033, 0.13696815073490143, 0.13572649657726288, 0.1290043592453003, 0.13377724587917328, 0.13041187822818756, 0.12987005710601807, 0.12999354302883148, 0.12902820110321045, 0.13073180615901947, 0.13097332417964935, 0.14543798565864563, 0.14528225362300873, 0.12940837442874908, 0.13022880256175995, 0.14003974199295044, 0.1287640780210495, 0.12914997339248657, 0.1336430162191391, 0.12901879847049713, 0.13726069033145905, 0.12900689244270325, 0.13109442591667175],