{"loss": [0.5022592544555664, 0.4523611068725586, 0.359616219997406, 0.26497682929039, 0.20723392069339752, 0.17710015177726746, 0.1590145081281662, 0.1479632705450058, 0.14045903086662292, 0.13636338710784912, 0.13475465774536133, 0.1324520707130432, 0.13259835541248322, 0.1292182058095932, 0.1291772723197937, 0.1260862797498703, 0.12637220323085785, 0.12444692850112915, 0.12721486389636993, 0.12375335395336151, 0.12400783598423004, 0.12321274727582932, 0.12280058115720749, 0.12219997495412827, 0.12266674637794495, 0.12269794195890427, 0.12087491154670715, 0.12173894792795181, 0.12024819850921631, 0.12062995880842209, 0.1207449734210968, 0.1213827133178711, 0.12089800089597702, 0.12039952725172043, 0.11967984586954117, 0.11982470005750656, 0.1194792240858078, 0.11979841440916061, 0.1202378123998642, 0.12069297581911087, 0.1196279376745224, 0.11865527927875519, 0.12063686549663544, 0.11952469497919083, 0.12113144248723984, 0.12064488977193832, 0.11942625790834427, 0.11826327443122864, 0.11928773671388626, 0.11952371150255203, 0.11898230761289597, 0.1187542974948883, 0.11915960162878036, 0.11784734576940536, 0.11883807927370071, 0.11830855906009674, 0.11862942576408386, 0.11813738942146301, 0.11895927041769028, 0.11776772886514664, 0.11894156038761139, 0.11862809956073761, 0.11804411560297012, 0.11838730424642563, 0.11723851412534714, 0.11824578046798706, 0.11746547371149063, 0.11746913939714432, 0.11740618199110031, 0.11696892976760864, 0.11713820695877075, 0.11689414829015732, 0.11946562677621841, 0.11574546247720718, 0.11610516160726547, 0.11495229601860046, 0.11713805049657822, 0.11735600978136063, 0.11645597964525223, 0.11743621528148651, 0.11768672615289688, 0.11785953491926193, 0.11617445945739746, 0.11602713167667389, 0.11616907268762589, 0.11706121265888214, 0.1190265566110611, 0.11755238473415375, 0.11618541926145554, 0.11894399672746658, 0.1189950704574585, 0.11670888960361481, 0.11779255419969559, 0.11584135890007019, 0.11696311831474304, 0.11647789925336838, 0.11580965667963028, 0.11661500483751297, 0.1153574138879776, 0.11505860835313797], "accuracy": [0.7997826337814331, 0.7997826337814331, 0.8242391347885132, 0.904347836971283, 0.936413049697876, 0.947282612323761, 0.9517391324043274, 0.9549999833106995, 0.9551087021827698, 0.957608699798584, 0.9577174186706543, 0.9577174186706543, 0.958152174949646, 0.957065224647522, 0.9582608938217163, 0.9594565033912659, 0.9590217471122742, 0.9599999785423279, 0.9594565033912659, 0.9604347944259644, 0.9596739411354065, 0.9614130258560181, 0.9617391228675842, 0.9605434536933899, 0.9596739411354065, 0.9604347944259644, 0.9619565010070801, 0.9618478417396545, 0.9613043665885925, 0.9621739387512207, 0.9606521725654602, 0.9616304636001587, 0.9610869288444519, 0.960869550704956, 0.9609782695770264, 0.9607608914375305, 0.9613043665885925, 0.9613043665885925, 0.9620652198791504, 0.9623913168907166, 0.9613043665885925, 0.9615217447280884, 0.9618478417396545, 0.9615217447280884, 0.9616304636001587, 0.9601086974143982, 0.9623913168907166, 0.9623913168907166, 0.9622825980186462, 0.9618478417396545, 0.9622825980186462, 0.9627174139022827, 0.9623913168907166, 0.9619565010070801, 0.9617391228675842, 0.9623913168907166, 0.9613043665885925, 0.9626086950302124, 0.9610869288444519, 0.9628260731697083, 0.9614130258560181, 0.9621739387512207, 0.9627174139022827, 0.9618478417396545, 0.9621739387512207, 0.9617391228675842, 0.9614130258560181, 0.9616304636001587, 0.9615217447280884, 0.9627174139022827, 0.9634782671928406, 0.9616304636001587, 0.9615217447280884, 0.9635869860649109, 0.9628260731697083, 0.9620652198791504, 0.9626086950302124, 0.9629347920417786, 0.9633695483207703, 0.9616304636001587, 0.9626086950302124, 0.9620652198791504, 0.9626086950302124, 0.9634782671928406, 0.9634782671928406, 0.9630434513092041, 0.9621739387512207, 0.9614130258560181, 0.9633695483207703, 0.9616304636001587, 0.9613043665885925, 0.9613043665885925, 0.9626086950302124, 0.9626086950302124, 0.9630434513092041, 0.9644564986228943, 0.9632608890533447, 0.9618478417396545, 0.9635869860649109, 0.9630434513092041], "val_loss": [0.4782392978668213, 0.4144417345523834, 0.30942302942276, 0.2349850833415985, 0.19369427859783173, 0.17212660610675812, 0.15958164632320404, 0.1539815366268158, 0.14631487429141998, 0.14492127299308777, 0.14178545773029327, 0.1703893542289734, 0.14139461517333984, 0.13633564114570618, 0.13847002387046814, 0.15145087242126465, 0.13451403379440308, 0.16704535484313965, 0.13775332272052765, 0.13639920949935913, 0.13340544700622559, 0.13266229629516602, 0.135197713971138, 0.14012230932712555, 0.13689398765563965, 0.13342918455600739, 0.13208822906017303, 0.1319352239370346, 0.13439679145812988, 0.1340482532978058, 0.1341170072555542, 0.13229402899742126, 0.13203085958957672, 0.13685016334056854, 0.13388186693191528, 0.13491643965244293, 0.13368114829063416, 0.13337214291095734, 0.1320725828409195, 0.1353747844696045, 0.1318473070859909, 0.1346305012702942, 0.13159602880477905, 0.13355855643749237, 0.13304242491722107, 0.1309172660112381, 0.1312882900238037, 0.1323484182357788, 0.1315290331840515, 0.13087165355682373, 0.14145411550998688, 0.13125468790531158, 0.13291417062282562, 0.1309380978345871, 0.13152757287025452, 0.13130676746368408, 0.13138262927532196, 0.13250918686389923, 0.13114789128303528, 0.13138604164123535, 0.13527344167232513, 0.13173039257526398, 0.14989839494228363, 0.134431391954422, 0.13101398944854736, 0.137070432305336, 0.1322060227394104, 0.13153794407844543, 0.13248281180858612, 0.1318703591823578, 0.13094353675842285, 0.13352343440055847, 0.13999846577644348, 0.13120926916599274, 0.1328967809677124, 0.13692942261695862, 0.1328032910823822, 0.13139736652374268, 0.13107453286647797, 0.13125917315483093, 0.13101567327976227, 0.13500279188156128, 0.13138265907764435, 0.1332569420337677, 0.13050059974193573, 0.13386590778827667, 0.13393563032150269, 0.13135281205177307, 0.1419776976108551, 0.13620421290397644, 0.12995702028274536, 0.12990042567253113, 0.1319531351327896, 0.13102439045906067, 0.1383029818534851, 0.129952535033226, 0.13094918429851532, 0.13130956888198853, 0.13065612316131592, 0.12948797643184662],