{"loss": [0.4954089820384979, 0.4145726263523102, 0.3073411285877228, 0.22842003405094147, 0.18397723138332367, 0.16191452741622925, 0.1482725888490677, 0.1418546438217163, 0.13614046573638916, 0.13262788951396942, 0.132689967751503, 0.130401149392128, 0.1285138577222824, 0.12751130759716034, 0.1260678768157959, 0.12465227395296097, 0.12447350472211838, 0.12498144060373306, 0.12531481683254242, 0.12369818985462189, 0.12295236438512802, 0.12224135547876358, 0.123893603682518, 0.12133291363716125, 0.12212832272052765, 0.12211856991052628, 0.12051969021558762, 0.12132106721401215, 0.12216692417860031, 0.11913201212882996, 0.12215107679367065, 0.12044849991798401, 0.11998581886291504, 0.11976569145917892, 0.12125811725854874, 0.12089698761701584, 0.12046586722135544, 0.12089341133832932, 0.11769688874483109, 0.11928799748420715, 0.11919663101434708, 0.11839161813259125, 0.11830174922943115, 0.11979887634515762, 0.11802836507558823, 0.11950520426034927, 0.11801305413246155, 0.11863022297620773, 0.11801674216985703, 0.11754820495843887, 0.11936090886592865, 0.11672229319810867, 0.11914745718240738, 0.11783678084611893, 0.11886246502399445, 0.11756684631109238, 0.11709748953580856, 0.11945068091154099, 0.11592867970466614, 0.11762262880802155, 0.11740057915449142, 0.11631257086992264, 0.1157950609922409, 0.1163366436958313, 0.11734532564878464, 0.11577179282903671, 0.11789390444755554, 0.11626055836677551, 0.11590266972780228, 0.11734934896230698, 0.11825624108314514, 0.11815764009952545, 0.11538964509963989, 0.11636531352996826, 0.11683454364538193, 0.1147942841053009, 0.11522644013166428, 0.11491475999355316, 0.11457957327365875, 0.11514817178249359, 0.1151660829782486, 0.11435332149267197, 0.11393717676401138, 0.1157090812921524, 0.11550835520029068, 0.11441685259342194, 0.11411808431148529, 0.11650495231151581, 0.1156020313501358, 0.11508966982364655, 0.11403406411409378, 0.11400680989027023, 0.11365274339914322, 0.11381359398365021, 0.1126706451177597, 0.11314468085765839, 0.11433782428503036, 0.1135539561510086, 0.11301792412996292, 0.11364851146936417], "accuracy": [0.7941304445266724, 0.802173912525177, 0.8685869574546814, 0.9253261089324951, 0.9449999928474426, 0.9509782791137695, 0.9542391300201416, 0.9561956524848938, 0.9572826027870178, 0.9578260779380798, 0.9571738839149475, 0.9588043689727783, 0.9594565033912659, 0.9591304063796997, 0.960869550704956, 0.9601086974143982, 0.9599999785423279, 0.960326075553894, 0.9584782719612122, 0.9605434536933899, 0.9607608914375305, 0.9622825980186462, 0.9585869312286377, 0.9604347944259644, 0.9626086950302124, 0.9594565033912659, 0.9617391228675842, 0.9613043665885925, 0.960869550704956, 0.9628260731697083, 0.960869550704956, 0.9626086950302124, 0.9614130258560181, 0.9618478417396545, 0.960869550704956, 0.9622825980186462, 0.9617391228675842, 0.9614130258560181, 0.9628260731697083, 0.9623913168907166, 0.9610869288444519, 0.9624999761581421, 0.9620652198791504, 0.9618478417396545, 0.9610869288444519, 0.9623913168907166, 0.9616304636001587, 0.9615217447280884, 0.9619565010070801, 0.9621739387512207, 0.9611956477165222, 0.9638043642044067, 0.9609782695770264, 0.9623913168907166, 0.9619565010070801, 0.9610869288444519, 0.9620652198791504, 0.9614130258560181, 0.9635869860649109, 0.9628260731697083, 0.9617391228675842, 0.9634782671928406, 0.9629347920417786, 0.9623913168907166, 0.9618478417396545, 0.9617391228675842, 0.9618478417396545, 0.9621739387512207, 0.9630434513092041, 0.960869550704956, 0.960869550704956, 0.9630434513092041, 0.9648913145065308, 0.9630434513092041, 0.9624999761581421, 0.9632608890533447, 0.9629347920417786, 0.9640217423439026, 0.9634782671928406, 0.9624999761581421, 0.9624999761581421, 0.9630434513092041, 0.9636956453323364, 0.9631521701812744, 0.9635869860649109, 0.9630434513092041, 0.9635869860649109, 0.9626086950302124, 0.9613043665885925, 0.9624999761581421, 0.9629347920417786, 0.9635869860649109, 0.9627174139022827, 0.9634782671928406, 0.9627174139022827, 0.9622825980186462, 0.9622825980186462, 0.9621739387512207, 0.9631521701812744, 0.9628260731697083], "val_loss": [0.460621178150177, 0.38039588928222656, 0.2625177800655365, 0.20567475259304047, 0.1766204982995987, 0.16158653795719147, 0.15224699676036835, 0.14614634215831757, 0.1424432247877121, 0.1399664282798767, 0.13772976398468018, 0.13835592567920685, 0.14697149395942688, 0.1357017308473587, 0.13415591418743134, 0.13321031630039215, 0.1351543813943863, 0.1434105783700943, 0.13341906666755676, 0.13214224576950073, 0.1318923532962799, 0.13229867815971375, 0.1321985423564911, 0.13277088105678558, 0.1325223594903946, 0.14230000972747803, 0.13263240456581116, 0.13191945850849152, 0.13411729037761688, 0.13347521424293518, 0.1314205527305603, 0.1397421956062317, 0.13815473020076752, 0.13303427398204803, 0.13060401380062103, 0.1307736039161682, 0.14540287852287292, 0.136501282453537, 0.1317034810781479, 0.13098125159740448, 0.13213807344436646, 0.1572958528995514, 0.13114617764949799, 0.1301048845052719, 0.13036991655826569, 0.13676972687244415, 0.1302272379398346, 0.13276393711566925, 0.13321490585803986, 0.13047580420970917, 0.135142520070076, 0.13386894762516022, 0.1361587792634964, 0.13388919830322266, 0.1294129490852356, 0.13393248617649078, 0.1393372267484665, 0.1315339058637619, 0.13007913529872894, 0.1324068158864975, 0.1307777762413025, 0.13043509423732758, 0.13234838843345642, 0.12901031970977783, 0.12988847494125366, 0.1304146647453308, 0.13090097904205322, 0.13006137311458588, 0.13404081761837006, 0.12929193675518036, 0.13349942862987518, 0.1341927945613861, 0.12905353307724, 0.12907296419143677, 0.14166603982448578, 0.1305612176656723, 0.13277259469032288, 0.12747064232826233, 0.13208924233913422, 0.14658287167549133, 0.12958383560180664, 0.12680670619010925, 0.12917494773864746, 0.14208394289016724, 0.14156442880630493, 0.12680573761463165, 0.12837396562099457, 0.13175423443317413, 0.133097842335701, 0.1276281625032425, 0.13074959814548492, 0.12633585929870605, 0.12897101044654846, 0.13209037482738495, 0.14020924270153046, 0.12574830651283264, 0.12744218111038208, 0.12808366119861603, 0.13214200735092163, 0.12739896774291992],