{"loss": [0.4977565109729767, 0.4779585599899292, 0.44823843240737915, 0.4074209928512573, 0.36333614587783813, 0.3198922574520111, 0.28216424584388733, 0.2512556314468384, 0.22595934569835663, 0.205548495054245, 0.19001314043998718, 0.17722052335739136, 0.16742642223834991, 0.15933845937252045, 0.1533985137939453, 0.14800596237182617, 0.14433492720127106, 0.14048059284687042, 0.1375034600496292, 0.1347535103559494, 0.13271263241767883, 0.1315108984708786, 0.129059299826622, 0.1282835304737091, 0.12713542580604553, 0.12543821334838867, 0.12502217292785645, 0.12391959875822067, 0.12360866367816925, 0.12296728044748306, 0.12177927792072296, 0.12148380279541016, 0.12119495868682861, 0.12084376066923141, 0.12099380046129227, 0.12028259038925171, 0.12003402411937714, 0.11908040195703506, 0.11946769058704376, 0.11966950446367264, 0.11950109153985977, 0.11885242164134979, 0.11844298243522644, 0.11957940459251404, 0.11841581761837006, 0.11740103363990784, 0.11793234199285507, 0.11768022924661636, 0.11775464564561844, 0.11739065498113632, 0.11750102043151855, 0.11700709909200668, 0.11705149710178375, 0.11677742004394531, 0.11670812219381332, 0.11649489402770996, 0.11588545888662338, 0.11709820479154587, 0.11762526631355286, 0.1168319582939148, 0.11632280796766281, 0.11629559099674225, 0.11599019914865494, 0.11645372211933136, 0.11607591807842255, 0.11625590175390244, 0.11639630049467087, 0.11640509217977524, 0.11568984389305115, 0.11546458303928375, 0.11579804867506027, 0.11490830034017563, 0.11509916931390762, 0.11609011143445969, 0.11505850404500961, 0.115191251039505, 0.11582283675670624, 0.11515951156616211, 0.11473013460636139, 0.11553661525249481, 0.11584775149822235, 0.11499438434839249, 0.1147078424692154, 0.11463452130556107, 0.11422242224216461, 0.11513760685920715, 0.11496806144714355, 0.11427251249551773, 0.11474857479333878, 0.11437191814184189, 0.11420195549726486, 0.11536712944507599, 0.11438513547182083, 0.11501459777355194, 0.11463820934295654, 0.11487060785293579, 0.11385457962751389, 0.1138167530298233, 0.11410968005657196, 0.1144075095653534], "accuracy": [0.7997826337814331, 0.7997826337814331, 0.7997826337814331, 0.7998912930488586, 0.8097826242446899, 0.852173924446106, 0.8908695578575134, 0.9113043546676636, 0.9281522035598755, 0.9354347586631775, 0.9414130449295044, 0.946739137172699, 0.9495652318000793, 0.9517391324043274, 0.9526087045669556, 0.9542391300201416, 0.9556521773338318, 0.9552174210548401, 0.9561956524848938, 0.9583695530891418, 0.9572826027870178, 0.958152174949646, 0.9585869312286377, 0.9578260779380798, 0.9585869312286377, 0.95923912525177, 0.959782600402832, 0.9595652222633362, 0.9594565033912659, 0.960869550704956, 0.9602174162864685, 0.9604347944259644, 0.9598913192749023, 0.9595652222633362, 0.9609782695770264, 0.9605434536933899, 0.9598913192749023, 0.9619565010070801, 0.9620652198791504, 0.9604347944259644, 0.9607608914375305, 0.9614130258560181, 0.9626086950302124, 0.9601086974143982, 0.9605434536933899, 0.9616304636001587, 0.9611956477165222, 0.9614130258560181, 0.9617391228675842, 0.9607608914375305, 0.9616304636001587, 0.9622825980186462, 0.9617391228675842, 0.9620652198791504, 0.9624999761581421, 0.9620652198791504, 0.9616304636001587, 0.9619565010070801, 0.9620652198791504, 0.9613043665885925, 0.9628260731697083, 0.9615217447280884, 0.9622825980186462, 0.9614130258560181, 0.9622825980186462, 0.9626086950302124, 0.9626086950302124, 0.9618478417396545, 0.9622825980186462, 0.9621739387512207, 0.9621739387512207, 0.9622825980186462, 0.9630434513092041, 0.9628260731697083, 0.9626086950302124, 0.9623913168907166, 0.9620652198791504, 0.9626086950302124, 0.9621739387512207, 0.9624999761581421, 0.9620652198791504, 0.9627174139022827, 0.9633695483207703, 0.9621739387512207, 0.9620652198791504, 0.9619565010070801, 0.9621739387512207, 0.9633695483207703, 0.9627174139022827, 0.9636956453323364, 0.9626086950302124, 0.9623913168907166, 0.9633695483207703, 0.9622825980186462, 0.9630434513092041, 0.9622825980186462, 0.9622825980186462, 0.9633695483207703, 0.9636956453323364, 0.9634782671928406], "val_loss": [0.48734256625175476, 0.46497267484664917, 0.42893069982528687, 0.38644838333129883, 0.34420377016067505, 0.30505937337875366, 0.2723586857318878, 0.2432250678539276, 0.22090484201908112, 0.20415110886096954, 0.19043347239494324, 0.17932510375976562, 0.17081935703754425, 0.1650760918855667, 0.16074077785015106, 0.1542600691318512, 0.15009713172912598, 0.1477428674697876, 0.14710381627082825, 0.14287444949150085, 0.14046725630760193, 0.13895061612129211, 0.13775071501731873, 0.1368357241153717, 0.13585564494132996, 0.13476136326789856, 0.1342533826828003, 0.14444568753242493, 0.13287125527858734, 0.1339222937822342, 0.13186737895011902, 0.13172650337219238, 0.13118134438991547, 0.1309816986322403, 0.13063038885593414, 0.13173605501651764, 0.13024668395519257, 0.13090766966342926, 0.1301485002040863, 0.12969335913658142, 0.1308373361825943, 0.13017946481704712, 0.1314326673746109, 0.1297234296798706, 0.1291564255952835, 0.13424517214298248, 0.12912507355213165, 0.1301339715719223, 0.13000670075416565, 0.12903723120689392, 0.12906116247177124, 0.12975521385669708, 0.13085103034973145, 0.12892182171344757, 0.12889444828033447, 0.12887556850910187, 0.1291608363389969, 0.1308915615081787, 0.12962740659713745, 0.13160742819309235, 0.12903164327144623, 0.1292760670185089, 0.12939178943634033, 0.13003872334957123, 0.13195058703422546, 0.13678325712680817, 0.13303297758102417, 0.129224956035614, 0.1288672834634781, 0.12935183942317963, 0.12926019728183746, 0.12889352440834045, 0.128987655043602, 0.12909866869449615, 0.12896399199962616, 0.1297658532857895, 0.13164037466049194, 0.12987403571605682, 0.12900994718074799, 0.13025952875614166, 0.13061578571796417, 0.12979452311992645, 0.1296074539422989, 0.1294293850660324, 0.1304626613855362, 0.12903065979480743, 0.12894776463508606, 0.13464079797267914, 0.13094061613082886, 0.12983062863349915, 0.12927505373954773, 0.12931577861309052, 0.14052268862724304, 0.12911778688430786, 0.12933915853500366, 0.12914200127124786, 0.1323496699333191, 0.13029807806015015, 0.12998053431510925, 0.13577792048454285],