{"loss": [0.4836333394050598, 0.43132007122039795, 0.3435210585594177, 0.25548791885375977, 0.20086026191711426, 0.17236974835395813, 0.15679357945919037, 0.14737331867218018, 0.1402665674686432, 0.13500507175922394, 0.13368646800518036, 0.13199645280838013, 0.12798549234867096, 0.12670257687568665, 0.12695541977882385, 0.12501895427703857, 0.12675337493419647, 0.12537643313407898, 0.12359841912984848, 0.12450063973665237, 0.12232936918735504, 0.12356339395046234, 0.12618866562843323, 0.12722623348236084, 0.12229999154806137, 0.12266052514314651, 0.12246488779783249, 0.12152937054634094, 0.12351641058921814, 0.1220283955335617, 0.12151209264993668, 0.12104139477014542, 0.12013191729784012, 0.12007194012403488, 0.12053481489419937, 0.1210513561964035, 0.12044186890125275, 0.11935033649206161, 0.12127107381820679, 0.12011316418647766, 0.1217508465051651, 0.12070844322443008, 0.1202574074268341, 0.11907181143760681, 0.1181277334690094, 0.11929455399513245, 0.11951315402984619, 0.118361696600914, 0.12045235186815262, 0.11855193972587585, 0.11870734393596649, 0.12047617882490158, 0.11934632807970047, 0.11913848668336868, 0.1175692230463028, 0.11963743716478348, 0.11852723360061646, 0.11812005192041397, 0.11768224090337753, 0.11943025141954422, 0.11935244500637054, 0.11780806630849838, 0.11892832815647125, 0.11833751946687698, 0.11997607350349426, 0.11806339770555496, 0.12005703151226044, 0.11845148354768753, 0.118464395403862, 0.1183733195066452, 0.11719019711017609, 0.11890038847923279, 0.11783158034086227, 0.11844879388809204, 0.11864682286977768, 0.11999364197254181, 0.12020330131053925, 0.11949191987514496, 0.11738161742687225, 0.11793448776006699, 0.11857762932777405, 0.11817312240600586, 0.11807849258184433, 0.11638466268777847, 0.11806435137987137, 0.11850239336490631, 0.11702555418014526, 0.11770118027925491, 0.11757875233888626, 0.11790947616100311, 0.11723694950342178, 0.11808666586875916, 0.11763603240251541, 0.11793382465839386, 0.11628647148609161, 0.11715399473905563, 0.11725280433893204, 0.11652703583240509, 0.11851994693279266, 0.11643137037754059], "accuracy": [0.7997826337814331, 0.7997826337814331, 0.8319565057754517, 0.9109782576560974, 0.9386956691741943, 0.9485869407653809, 0.9521738886833191, 0.9538043737411499, 0.9569565057754517, 0.957608699798584, 0.9582608938217163, 0.9572826027870178, 0.9585869312286377, 0.958695650100708, 0.9588043689727783, 0.9588043689727783, 0.959782600402832, 0.9596739411354065, 0.9611956477165222, 0.9615217447280884, 0.9614130258560181, 0.9601086974143982, 0.9591304063796997, 0.9585869312286377, 0.9618478417396545, 0.9601086974143982, 0.9606521725654602, 0.9606521725654602, 0.9607608914375305, 0.9606521725654602, 0.9620652198791504, 0.9614130258560181, 0.9620652198791504, 0.9617391228675842, 0.9622825980186462, 0.9596739411354065, 0.9619565010070801, 0.9623913168907166, 0.9617391228675842, 0.9621739387512207, 0.959782600402832, 0.9617391228675842, 0.9610869288444519, 0.9619565010070801, 0.9628260731697083, 0.9620652198791504, 0.9618478417396545, 0.9617391228675842, 0.9614130258560181, 0.9629347920417786, 0.9623913168907166, 0.9629347920417786, 0.9617391228675842, 0.9624999761581421, 0.9624999761581421, 0.9616304636001587, 0.9617391228675842, 0.9631521701812744, 0.9628260731697083, 0.9631521701812744, 0.9613043665885925, 0.9643478393554688, 0.9617391228675842, 0.9633695483207703, 0.9620652198791504, 0.9624999761581421, 0.9607608914375305, 0.9611956477165222, 0.9620652198791504, 0.9627174139022827, 0.9633695483207703, 0.9630434513092041, 0.9622825980186462, 0.9629347920417786, 0.9619565010070801, 0.960326075553894, 0.9613043665885925, 0.9619565010070801, 0.9618478417396545, 0.9631521701812744, 0.9618478417396545, 0.9628260731697083, 0.9624999761581421, 0.9632608890533447, 0.9618478417396545, 0.9621739387512207, 0.9634782671928406, 0.9630434513092041, 0.9622825980186462, 0.9635869860649109, 0.9623913168907166, 0.9626086950302124, 0.9617391228675842, 0.9623913168907166, 0.9629347920417786, 0.9636956453323364, 0.9630434513092041, 0.9623913168907166, 0.9619565010070801, 0.9624999761581421], "val_loss": [0.4622630178928375, 0.39326944947242737, 0.30407118797302246, 0.22795477509498596, 0.18921047449111938, 0.1695752590894699, 0.15670329332351685, 0.1500159204006195, 0.14472909271717072, 0.1415339559316635, 0.1395096629858017, 0.14536310732364655, 0.13646207749843597, 0.1374562680721283, 0.13828372955322266, 0.1420285552740097, 0.13423843681812286, 0.1361946165561676, 0.13349972665309906, 0.1331309676170349, 0.13411040604114532, 0.13265874981880188, 0.13258790969848633, 0.13786999881267548, 0.13819773495197296, 0.13932611048221588, 0.13278993964195251, 0.13680680096149445, 0.13645774126052856, 0.13497842848300934, 0.13195759057998657, 0.13089118897914886, 0.13216786086559296, 0.1369086056947708, 0.13707256317138672, 0.13238701224327087, 0.13218159973621368, 0.13365419209003448, 0.13362964987754822, 0.14393389225006104, 0.1368185579776764, 0.13157574832439423, 0.13754802942276, 0.1320740282535553, 0.14578361809253693, 0.13228756189346313, 0.13301189243793488, 0.1338116079568863, 0.13194209337234497, 0.14767438173294067, 0.1416095346212387, 0.13159726560115814, 0.13246968388557434, 0.13242660462856293, 0.13688983023166656, 0.13317537307739258, 0.13423316180706024, 0.13470573723316193, 0.13260993361473083, 0.13619886338710785, 0.13153643906116486, 0.13453496992588043, 0.13478301465511322, 0.13153144717216492, 0.13815869390964508, 0.1325320601463318, 0.13326935470104218, 0.13122598826885223, 0.13208773732185364, 0.13656151294708252, 0.13246497511863708, 0.1325726956129074, 0.14659585058689117, 0.14605002105236053, 0.13175375759601593, 0.1317002773284912, 0.13185453414916992, 0.13058845698833466, 0.13346567749977112, 0.1316482126712799, 0.13216854631900787, 0.13832242786884308, 0.13228268921375275, 0.13479000329971313, 0.13200339674949646, 0.14202189445495605, 0.13169832527637482, 0.1319904625415802, 0.13149139285087585, 0.13131314516067505, 0.13202790915966034, 0.13180558383464813, 0.13215824961662292, 0.14039932191371918, 0.13101062178611755, 0.1378142535686493, 0.13121278584003448, 0.13174676895141602, 0.13297027349472046, 0.13181915879249573],