{"loss": [0.4887869358062744, 0.45575597882270813, 0.4040592908859253, 0.33841851353645325, 0.2796218693256378, 0.2356976866722107, 0.20508594810962677, 0.18338331580162048, 0.1690116822719574, 0.15742740035057068, 0.15023665130138397, 0.1443949043750763, 0.14004209637641907, 0.13655352592468262, 0.13330556452274323, 0.13152764737606049, 0.13089163601398468, 0.12877653539180756, 0.12664267420768738, 0.12651406228542328, 0.12517939507961273, 0.12378367781639099, 0.12385094910860062, 0.12302643060684204, 0.12261266261339188, 0.12198381870985031, 0.12155953794717789, 0.12130218744277954, 0.12069746106863022, 0.12032647430896759, 0.12002892792224884, 0.12014464288949966, 0.12036363780498505, 0.12021773308515549, 0.11992724984884262, 0.11960955709218979, 0.11862794309854507, 0.11855390667915344, 0.11761742830276489, 0.11868138611316681, 0.11781725287437439, 0.11759749799966812, 0.11707217246294022, 0.11798004060983658, 0.11715264618396759, 0.11796005815267563, 0.11796802282333374, 0.11615235358476639, 0.11690054088830948, 0.11638009548187256, 0.11642307788133621, 0.11594647169113159, 0.11641407757997513, 0.11643725633621216, 0.11659368127584457, 0.1155841201543808, 0.1149006187915802, 0.11585650593042374, 0.11518464237451553, 0.11506664752960205, 0.11502622812986374, 0.11529320478439331, 0.11528322845697403, 0.11507006734609604, 0.11399493366479874, 0.11471477895975113, 0.11496274173259735, 0.11448895186185837, 0.11361174285411835, 0.11412826925516129, 0.11350791901350021, 0.11465095728635788, 0.11328107863664627, 0.11432090401649475, 0.11349521577358246, 0.11438620835542679, 0.11386023461818695, 0.11421006917953491, 0.11329750716686249, 0.11330960690975189, 0.11369563639163971, 0.11315428465604782, 0.1122874766588211, 0.11370918899774551, 0.11264120042324066, 0.11371248960494995, 0.1132119745016098, 0.11290311068296432, 0.11282584816217422, 0.11215443164110184, 0.11243285983800888, 0.11292964965105057, 0.11159425228834152, 0.1116364449262619, 0.11262563616037369, 0.11161654442548752, 0.11177922785282135, 0.1125977486371994, 0.11196687072515488, 0.11180989444255829], "accuracy": [0.7997826337814331, 0.7997826337814331, 0.8007608652114868, 0.8316304087638855, 0.8913043737411499, 0.9204347729682922, 0.9378260970115662, 0.9442391395568848, 0.9481521844863892, 0.9526087045669556, 0.9522826075553894, 0.9545652270317078, 0.9563043713569641, 0.9563043713569641, 0.9577174186706543, 0.958152174949646, 0.9579347968101501, 0.958695650100708, 0.9594565033912659, 0.9594565033912659, 0.9595652222633362, 0.960326075553894, 0.9602174162864685, 0.9595652222633362, 0.9605434536933899, 0.9606521725654602, 0.9611956477165222, 0.9617391228675842, 0.960869550704956, 0.9615217447280884, 0.9622825980186462, 0.9616304636001587, 0.9604347944259644, 0.9613043665885925, 0.9607608914375305, 0.9624999761581421, 0.9610869288444519, 0.9620652198791504, 0.9620652198791504, 0.9623913168907166, 0.9622825980186462, 0.9616304636001587, 0.9617391228675842, 0.9623913168907166, 0.9622825980186462, 0.9618478417396545, 0.9619565010070801, 0.9626086950302124, 0.9631521701812744, 0.9619565010070801, 0.9623913168907166, 0.9626086950302124, 0.9629347920417786, 0.9634782671928406, 0.9626086950302124, 0.9621739387512207, 0.9638043642044067, 0.9626086950302124, 0.9629347920417786, 0.9618478417396545, 0.9627174139022827, 0.9628260731697083, 0.9632608890533447, 0.9633695483207703, 0.9638043642044067, 0.9638043642044067, 0.9632608890533447, 0.9630434513092041, 0.9631521701812744, 0.9638043642044067, 0.9638043642044067, 0.9621739387512207, 0.9630434513092041, 0.9630434513092041, 0.9640217423439026, 0.9641304612159729, 0.9640217423439026, 0.9636956453323364, 0.9633695483207703, 0.9636956453323364, 0.9640217423439026, 0.9634782671928406, 0.9636956453323364, 0.9630434513092041, 0.9620652198791504, 0.9622825980186462, 0.9635869860649109, 0.9643478393554688, 0.9638043642044067, 0.9640217423439026, 0.9640217423439026, 0.9623913168907166, 0.9627174139022827, 0.9628260731697083, 0.9643478393554688, 0.9640217423439026, 0.9643478393554688, 0.9636956453323364, 0.9643478393554688, 0.9633695483207703], "val_loss": [0.471697598695755, 0.43317344784736633, 0.3737359941005707, 0.30914002656936646, 0.2594965696334839, 0.22368620336055756, 0.19877633452415466, 0.18161754310131073, 0.16971340775489807, 0.16118508577346802, 0.15483197569847107, 0.1571452021598816, 0.14918646216392517, 0.14409369230270386, 0.14941084384918213, 0.1392526775598526, 0.14042600989341736, 0.1412704437971115, 0.13614191114902496, 0.13564547896385193, 0.1348024606704712, 0.13530579209327698, 0.1333041936159134, 0.13627088069915771, 0.13283151388168335, 0.13330790400505066, 0.13255560398101807, 0.13421207666397095, 0.1345185488462448, 0.1337282806634903, 0.13537241518497467, 0.13052654266357422, 0.13126236200332642, 0.13059620559215546, 0.13024963438510895, 0.12988223135471344, 0.12995222210884094, 0.1296677142381668, 0.12920843064785004, 0.1319180577993393, 0.1302640438079834, 0.12867185473442078, 0.14179827272891998, 0.12897272408008575, 0.12866908311843872, 0.13307678699493408, 0.13897736370563507, 0.1285434067249298, 0.13178910315036774, 0.12817266583442688, 0.12998735904693604, 0.13158303499221802, 0.12777915596961975, 0.1377360075712204, 0.12850067019462585, 0.1294349879026413, 0.1272001713514328, 0.12791143357753754, 0.1287873387336731, 0.12883000075817108, 0.128617525100708, 0.1278378814458847, 0.13162149488925934, 0.12819740176200867, 0.13336823880672455, 0.12774212658405304, 0.1295996755361557, 0.12766984105110168, 0.13003449141979218, 0.12724070250988007, 0.12732699513435364, 0.1291896402835846, 0.13477876782417297, 0.12696737051010132, 0.1277022361755371, 0.1266716718673706, 0.12757906317710876, 0.1292848289012909, 0.13489675521850586, 0.1298394501209259, 0.12677669525146484, 0.12621600925922394, 0.14031049609184265, 0.12595292925834656, 0.12629768252372742, 0.1308239996433258, 0.12566477060317993, 0.12721753120422363, 0.1291532665491104, 0.12708745896816254, 0.12822352349758148, 0.12734583020210266, 0.1257532835006714, 0.12737156450748444, 0.12631633877754211, 0.12889786064624786, 0.12669335305690765, 0.12671315670013428, 0.1251106709241867, 0.1255594938993454],