{"loss": [0.4877510368824005, 0.42170268297195435, 0.31790950894355774, 0.23441405594348907, 0.18873675167560577, 0.16293111443519592, 0.15152686834335327, 0.1428418904542923, 0.1363898068666458, 0.13294878602027893, 0.13080699741840363, 0.12803922593593597, 0.12722915410995483, 0.12634457647800446, 0.1254129856824875, 0.12341315299272537, 0.12325261533260345, 0.12234791368246078, 0.12250522524118423, 0.12399239093065262, 0.12179400771856308, 0.12209296226501465, 0.1220129132270813, 0.11971764266490936, 0.12108936160802841, 0.12006919831037521, 0.1215318888425827, 0.12152279913425446, 0.12046582996845245, 0.1196836531162262, 0.11977658420801163, 0.12024334818124771, 0.11990880221128464, 0.12022043019533157, 0.1192169040441513, 0.11830863356590271, 0.11895295232534409, 0.11902566999197006, 0.1190253496170044, 0.11836765706539154, 0.11890435218811035, 0.11848083138465881, 0.11974780261516571, 0.11804549396038055, 0.1201663613319397, 0.11754205822944641, 0.11878258734941483, 0.11930929124355316, 0.11659584194421768, 0.11801701784133911, 0.11881034821271896, 0.11808949708938599, 0.11682796478271484, 0.11828450113534927, 0.11786544322967529, 0.11738931387662888, 0.11832871288061142, 0.11782868951559067, 0.11624384671449661, 0.11831286549568176, 0.11685293167829514, 0.11633536964654922, 0.11620036512613297, 0.11617773771286011, 0.11539946496486664, 0.11743942648172379, 0.11733735352754593, 0.11652643978595734, 0.11691759526729584, 0.1175975501537323, 0.11627805978059769, 0.11726988106966019, 0.11566455662250519, 0.11610349267721176, 0.11644168943166733, 0.11832188069820404, 0.11558735370635986, 0.11628330498933792, 0.11678541451692581, 0.1170654296875, 0.11645461618900299, 0.11708150804042816, 0.11656729131937027, 0.11477817595005035, 0.11583513021469116, 0.11527895927429199, 0.1154714971780777, 0.11399690061807632, 0.11537585407495499, 0.11572515219449997, 0.11525455862283707, 0.11510515213012695, 0.11558207869529724, 0.11442820727825165, 0.11362425237894058, 0.11422157287597656, 0.11549369245767593, 0.11678414046764374, 0.11532735079526901, 0.11502177268266678], "accuracy": [0.7997826337814331, 0.8007608652114868, 0.8591304421424866, 0.9202173948287964, 0.9415217638015747, 0.9507608413696289, 0.9534782767295837, 0.9548913240432739, 0.9566304087638855, 0.9580434560775757, 0.9571738839149475, 0.958695650100708, 0.9598913192749023, 0.9594565033912659, 0.9595652222633362, 0.9594565033912659, 0.9591304063796997, 0.9601086974143982, 0.9606521725654602, 0.959782600402832, 0.9618478417396545, 0.9596739411354065, 0.9613043665885925, 0.9614130258560181, 0.9602174162864685, 0.9611956477165222, 0.9599999785423279, 0.9604347944259644, 0.9599999785423279, 0.9614130258560181, 0.9599999785423279, 0.9615217447280884, 0.9614130258560181, 0.9620652198791504, 0.9609782695770264, 0.9624999761581421, 0.9623913168907166, 0.9609782695770264, 0.9613043665885925, 0.9617391228675842, 0.9617391228675842, 0.9615217447280884, 0.9605434536933899, 0.9619565010070801, 0.9617391228675842, 0.9620652198791504, 0.9609782695770264, 0.9611956477165222, 0.9615217447280884, 0.9613043665885925, 0.9602174162864685, 0.9621739387512207, 0.9633695483207703, 0.9607608914375305, 0.9619565010070801, 0.9607608914375305, 0.9624999761581421, 0.9615217447280884, 0.9621739387512207, 0.9614130258560181, 0.9610869288444519, 0.9626086950302124, 0.9626086950302124, 0.9632608890533447, 0.9614130258560181, 0.9622825980186462, 0.9617391228675842, 0.9622825980186462, 0.9630434513092041, 0.9628260731697083, 0.9626086950302124, 0.9621739387512207, 0.9619565010070801, 0.9618478417396545, 0.9617391228675842, 0.9617391228675842, 0.9627174139022827, 0.9627174139022827, 0.9609782695770264, 0.9619565010070801, 0.9622825980186462, 0.9619565010070801, 0.9621739387512207, 0.9630434513092041, 0.9622825980186462, 0.9627174139022827, 0.9627174139022827, 0.9633695483207703, 0.9621739387512207, 0.9620652198791504, 0.9626086950302124, 0.9626086950302124, 0.9633695483207703, 0.9624999761581421, 0.9630434513092041, 0.9632608890533447, 0.9629347920417786, 0.9624999761581421, 0.9630434513092041, 0.9621739387512207], "val_loss": [0.46234774589538574, 0.37241461873054504, 0.27152153849601746, 0.2109631896018982, 0.17968353629112244, 0.17479339241981506, 0.15375114977359772, 0.14576181769371033, 0.15374448895454407, 0.1545592099428177, 0.14037004113197327, 0.13575662672519684, 0.13527198135852814, 0.16015787422657013, 0.13437017798423767, 0.13258007168769836, 0.13214151561260223, 0.13267721235752106, 0.1332518756389618, 0.13442392647266388, 0.1366763859987259, 0.13358108699321747, 0.13330304622650146, 0.1313161998987198, 0.13116046786308289, 0.13124245405197144, 0.13528020679950714, 0.13618791103363037, 0.1311718225479126, 0.13238024711608887, 0.1392480432987213, 0.13723812997341156, 0.13913275301456451, 0.14468201994895935, 0.13136844336986542, 0.142838716506958, 0.1337743103504181, 0.1317415088415146, 0.13227297365665436, 0.13110144436359406, 0.13288478553295135, 0.13316862285137177, 0.13160645961761475, 0.1313309371471405, 0.1312747448682785, 0.13086877763271332, 0.13108794391155243, 0.13397198915481567, 0.13151048123836517, 0.1315128058195114, 0.1329652965068817, 0.13129448890686035, 0.14055666327476501, 0.13142268359661102, 0.1310124546289444, 0.1311722993850708, 0.13132447004318237, 0.13196663558483124, 0.13211138546466827, 0.13114237785339355, 0.131267711520195, 0.13321295380592346, 0.13128750026226044, 0.13099433481693268, 0.14104285836219788, 0.13212481141090393, 0.13216421008110046, 0.1315254122018814, 0.1312456876039505, 0.13137798011302948, 0.13224437832832336, 0.13389670848846436, 0.13346534967422485, 0.13298103213310242, 0.1308848261833191, 0.1392078697681427, 0.13544799387454987, 0.1357828676700592, 0.13236920535564423, 0.13321071863174438, 0.13087265193462372, 0.1407754123210907, 0.13818086683750153, 0.13490456342697144, 0.13020257651805878, 0.13021180033683777, 0.13096673786640167, 0.13308094441890717, 0.13074877858161926, 0.13199780881404877, 0.1331242173910141, 0.13064399361610413, 0.13128168880939484, 0.13185015320777893, 0.13071447610855103, 0.15690690279006958, 0.1306370049715042, 0.130507692694664, 0.12986542284488678, 0.1314321607351303],