{"loss": [0.5028220415115356, 0.42792680859565735, 0.3035351634025574, 0.21671243011951447, 0.17649362981319427, 0.15638206899166107, 0.14515520632266998, 0.14010737836360931, 0.1363074779510498, 0.1321612000465393, 0.13100065290927887, 0.12848111987113953, 0.12678071856498718, 0.12763437628746033, 0.12496118992567062, 0.1255459487438202, 0.12692800164222717, 0.12414224445819855, 0.12488210946321487, 0.12238063663244247, 0.12247257679700851, 0.12321414798498154, 0.1221553236246109, 0.1215386837720871, 0.12155074626207352, 0.12132236361503601, 0.12124121934175491, 0.1208852082490921, 0.1218208521604538, 0.11962686479091644, 0.12072108685970306, 0.12176890671253204, 0.12001769989728928, 0.11983311176300049, 0.12016604095697403, 0.1199406236410141, 0.11853255331516266, 0.11984392255544662, 0.11963734775781631, 0.11840677261352539, 0.12108667939901352, 0.11814970523118973, 0.1187557727098465, 0.11927267163991928, 0.11919669806957245, 0.11905703693628311, 0.12068738788366318, 0.11996369808912277, 0.11889912188053131, 0.1180640310049057, 0.11816824227571487, 0.11948085576295853, 0.11926407366991043, 0.11763346940279007, 0.11724840104579926, 0.11860153824090958, 0.11718792468309402, 0.11873432993888855, 0.11726109683513641, 0.11707515269517899, 0.11957345902919769, 0.11746001988649368, 0.11647722125053406, 0.11757117509841919, 0.11754320561885834, 0.11939995735883713, 0.11671727895736694, 0.11720549315214157, 0.11727375537157059, 0.11600694805383682, 0.11791781336069107, 0.11778300255537033, 0.11843124032020569, 0.11742101609706879, 0.11675561219453812, 0.11612750589847565, 0.11835291236639023, 0.11553408205509186, 0.11730459332466125, 0.11597215384244919, 0.11724738031625748, 0.11681100726127625, 0.11618004739284515, 0.11582644283771515, 0.11804992705583572, 0.11685822904109955, 0.1171744167804718, 0.11676305532455444, 0.11500746011734009, 0.11427361518144608, 0.11464893817901611, 0.11539837718009949, 0.11662142723798752, 0.11775970458984375, 0.11594771593809128, 0.11390699446201324, 0.11541163921356201, 0.1161235123872757, 0.11440625041723251, 0.11334485560655594], "accuracy": [0.7873913049697876, 0.801630437374115, 0.8688043355941772, 0.929347813129425, 0.946195662021637, 0.9515217542648315, 0.9552174210548401, 0.95652174949646, 0.9568478465080261, 0.9572826027870178, 0.9583695530891418, 0.9578260779380798, 0.9596739411354065, 0.9588043689727783, 0.959782600402832, 0.9601086974143982, 0.9599999785423279, 0.9591304063796997, 0.9589130282402039, 0.9601086974143982, 0.9616304636001587, 0.9604347944259644, 0.9609782695770264, 0.9623913168907166, 0.9616304636001587, 0.9616304636001587, 0.9621739387512207, 0.9615217447280884, 0.9619565010070801, 0.9633695483207703, 0.9618478417396545, 0.9610869288444519, 0.9624999761581421, 0.9620652198791504, 0.9607608914375305, 0.9619565010070801, 0.9610869288444519, 0.9616304636001587, 0.9614130258560181, 0.9620652198791504, 0.9599999785423279, 0.9619565010070801, 0.9609782695770264, 0.9611956477165222, 0.9615217447280884, 0.9620652198791504, 0.9606521725654602, 0.9616304636001587, 0.9607608914375305, 0.9611956477165222, 0.9626086950302124, 0.9613043665885925, 0.9618478417396545, 0.9611956477165222, 0.9620652198791504, 0.9623913168907166, 0.9624999761581421, 0.9607608914375305, 0.9621739387512207, 0.9622825980186462, 0.9610869288444519, 0.9621739387512207, 0.9639130234718323, 0.9617391228675842, 0.9624999761581421, 0.9614130258560181, 0.9617391228675842, 0.9615217447280884, 0.9627174139022827, 0.9641304612159729, 0.9621739387512207, 0.9611956477165222, 0.9621739387512207, 0.9621739387512207, 0.9614130258560181, 0.9623913168907166, 0.9607608914375305, 0.9622825980186462, 0.9616304636001587, 0.9624999761581421, 0.9633695483207703, 0.9624999761581421, 0.9619565010070801, 0.9623913168907166, 0.9620652198791504, 0.9621739387512207, 0.9617391228675842, 0.9610869288444519, 0.9619565010070801, 0.9624999761581421, 0.9630434513092041, 0.9632608890533447, 0.9630434513092041, 0.9611956477165222, 0.9627174139022827, 0.9624999761581421, 0.9635869860649109, 0.9621739387512207, 0.9641304612159729, 0.9638043642044067], "val_loss": [0.4731086194515228, 0.37858763337135315, 0.25176259875297546, 0.196241095662117, 0.1695583313703537, 0.16018612682819366, 0.14926402270793915, 0.143837571144104, 0.1420222371816635, 0.13914592564105988, 0.13868701457977295, 0.13627921044826508, 0.1362413465976715, 0.13653066754341125, 0.13675926625728607, 0.13319304585456848, 0.1340176910161972, 0.13561512529850006, 0.13194946944713593, 0.1322522610425949, 0.13097992539405823, 0.13582731783390045, 0.13678067922592163, 0.13130424916744232, 0.1316676288843155, 0.13265736401081085, 0.13199859857559204, 0.13219377398490906, 0.13193291425704956, 0.13086651265621185, 0.13004551827907562, 0.12976913154125214, 0.13143928349018097, 0.13340561091899872, 0.1380232572555542, 0.13089235126972198, 0.12930944561958313, 0.1378345936536789, 0.13428513705730438, 0.13477149605751038, 0.13437412679195404, 0.13086174428462982, 0.13050377368927002, 0.13704636693000793, 0.12998081743717194, 0.13589639961719513, 0.1296025961637497, 0.13128872215747833, 0.13474316895008087, 0.1328173577785492, 0.13157586753368378, 0.13655178248882294, 0.13722403347492218, 0.13636505603790283, 0.13158519566059113, 0.139362171292305, 0.14054585993289948, 0.13807424902915955, 0.1333610862493515, 0.131847083568573, 0.12932364642620087, 0.12998570501804352, 0.1309094876050949, 0.132791668176651, 0.12977305054664612, 0.12850674986839294, 0.13056501746177673, 0.13127006590366364, 0.1285821497440338, 0.1281064748764038, 0.13151085376739502, 0.13650986552238464, 0.1366509348154068, 0.1310524046421051, 0.129598468542099, 0.1310988962650299, 0.13360492885112762, 0.1281099021434784, 0.1334490180015564, 0.12936660647392273, 0.12944446504116058, 0.1284743696451187, 0.12949210405349731, 0.1324664056301117, 0.12870916724205017, 0.12741906940937042, 0.13990652561187744, 0.14299127459526062, 0.12895192205905914, 0.1338430941104889, 0.1299658566713333, 0.13787102699279785, 0.13015764951705933, 0.13991351425647736, 0.1323162019252777, 0.1341625601053238, 0.12915141880512238, 0.13646282255649567, 0.12572327256202698, 0.1296243518590927],