{"loss": [0.5056809186935425, 0.4435880184173584, 0.3657970130443573, 0.28137117624282837, 0.22075983881950378, 0.1856449544429779, 0.16480794548988342, 0.15167754888534546, 0.14324946701526642, 0.13852325081825256, 0.13418950140476227, 0.1311291605234146, 0.12795880436897278, 0.12794438004493713, 0.12728865444660187, 0.1285460740327835, 0.1259935051202774, 0.12459231168031693, 0.1231931746006012, 0.12121373414993286, 0.12299839407205582, 0.12354999035596848, 0.12127291411161423, 0.12218344956636429, 0.12143547832965851, 0.12078721076250076, 0.12038921564817429, 0.12400348484516144, 0.12068295478820801, 0.12077092379331589, 0.11862809211015701, 0.11984281986951828, 0.12020299583673477, 0.11925375461578369, 0.11989948898553848, 0.11972451955080032, 0.11915919929742813, 0.1195029467344284, 0.11874929815530777, 0.11920913308858871, 0.11828508228063583, 0.11937613040208817, 0.11827921867370605, 0.12033964693546295, 0.11767525225877762, 0.11864614486694336, 0.11859691888093948, 0.11969339102506638, 0.1164979487657547, 0.11709962040185928, 0.11756676435470581, 0.11798195540904999, 0.11673299968242645, 0.11738087236881256, 0.11701207607984543, 0.11749498546123505, 0.11865207552909851, 0.11709423363208771, 0.11725091189146042, 0.11672103404998779, 0.11735712736845016, 0.11668767780065536, 0.11824201792478561, 0.11638812720775604, 0.11598087847232819, 0.11599486321210861, 0.11623304337263107, 0.11642316728830338, 0.1160542368888855, 0.11722297966480255, 0.11462508141994476, 0.11584378778934479, 0.11619322746992111, 0.11536171287298203, 0.11554171144962311, 0.11612480878829956, 0.11572768539190292, 0.11596199125051498, 0.11597082018852234, 0.1147889643907547, 0.11616799980401993, 0.11520010232925415, 0.11552587151527405, 0.11534927040338516, 0.11481846123933792, 0.11425977945327759, 0.11654343456029892, 0.11467931419610977, 0.11480239033699036, 0.1148189902305603, 0.11481620371341705, 0.11465868353843689, 0.11365296691656113, 0.11658237874507904, 0.11692097783088684, 0.1153297871351242, 0.11448939144611359, 0.11445481330156326, 0.11353909969329834, 0.11411444842815399], "accuracy": [0.7765217423439026, 0.7997826337814331, 0.8157608509063721, 0.8883695602416992, 0.9286956787109375, 0.9427173733711243, 0.9502173662185669, 0.9541304111480713, 0.9548913240432739, 0.9567391276359558, 0.9566304087638855, 0.9572826027870178, 0.95923912525177, 0.9593478441238403, 0.9589130282402039, 0.9569565057754517, 0.9585869312286377, 0.9599999785423279, 0.960869550704956, 0.9613043665885925, 0.9610869288444519, 0.960326075553894, 0.9613043665885925, 0.9617391228675842, 0.9616304636001587, 0.9609782695770264, 0.9613043665885925, 0.959782600402832, 0.9606521725654602, 0.9606521725654602, 0.9618478417396545, 0.9605434536933899, 0.9613043665885925, 0.9610869288444519, 0.9613043665885925, 0.9616304636001587, 0.9616304636001587, 0.9593478441238403, 0.9618478417396545, 0.9598913192749023, 0.9610869288444519, 0.9624999761581421, 0.9621739387512207, 0.9623913168907166, 0.9609782695770264, 0.9616304636001587, 0.9616304636001587, 0.9598913192749023, 0.9624999761581421, 0.9615217447280884, 0.9622825980186462, 0.9616304636001587, 0.9613043665885925, 0.9618478417396545, 0.9634782671928406, 0.9611956477165222, 0.9619565010070801, 0.9627174139022827, 0.9616304636001587, 0.9613043665885925, 0.9621739387512207, 0.9632608890533447, 0.9620652198791504, 0.9615217447280884, 0.9634782671928406, 0.9610869288444519, 0.9624999761581421, 0.9616304636001587, 0.9634782671928406, 0.9613043665885925, 0.9632608890533447, 0.9622825980186462, 0.9617391228675842, 0.9627174139022827, 0.9621739387512207, 0.9629347920417786, 0.9617391228675842, 0.9627174139022827, 0.9615217447280884, 0.9628260731697083, 0.9630434513092041, 0.9633695483207703, 0.9619565010070801, 0.9644564986228943, 0.9623913168907166, 0.9634782671928406, 0.9617391228675842, 0.9633695483207703, 0.9638043642044067, 0.9623913168907166, 0.9631521701812744, 0.9631521701812744, 0.9627174139022827, 0.9633695483207703, 0.9610869288444519, 0.9628260731697083, 0.9636956453323364, 0.9632608890533447, 0.9634782671928406, 0.9641304612159729], "val_loss": [0.46923890709877014, 0.41564813256263733, 0.3225897252559662, 0.2506946921348572, 0.2057817578315735, 0.1801498830318451, 0.16442736983299255, 0.1545940637588501, 0.14939044415950775, 0.14369459450244904, 0.1458190530538559, 0.13820667564868927, 0.13711407780647278, 0.13540752232074738, 0.14467501640319824, 0.13364923000335693, 0.1348569691181183, 0.13533563911914825, 0.13321852684020996, 0.13245342671871185, 0.1330026090145111, 0.13557955622673035, 0.13719193637371063, 0.13374663889408112, 0.13228751718997955, 0.1329830139875412, 0.1360982358455658, 0.14682316780090332, 0.13459233939647675, 0.13222776353359222, 0.1501534879207611, 0.1315414309501648, 0.13364042341709137, 0.13286657631397247, 0.1389615386724472, 0.13401538133621216, 0.15256722271442413, 0.13767282664775848, 0.13104672729969025, 0.131435826420784, 0.14235064387321472, 0.13387002050876617, 0.1313488483428955, 0.1338421106338501, 0.13157762587070465, 0.13217495381832123, 0.1327163428068161, 0.13232961297035217, 0.13316088914871216, 0.1322479546070099, 0.13240309059619904, 0.13202312588691711, 0.13196980953216553, 0.13190613687038422, 0.13354378938674927, 0.13577896356582642, 0.14176532626152039, 0.13139201700687408, 0.13493569195270538, 0.13163252174854279, 0.13302168250083923, 0.13124622404575348, 0.13134866952896118, 0.13817347586154938, 0.13761070370674133, 0.14037905633449554, 0.13135945796966553, 0.13114577531814575, 0.13290642201900482, 0.1331830620765686, 0.13166648149490356, 0.13219451904296875, 0.13119611144065857, 0.13101951777935028, 0.14587661623954773, 0.14040161669254303, 0.13071563839912415, 0.13388431072235107, 0.13061028718948364, 0.13056603074073792, 0.13084740936756134, 0.13101056218147278, 0.1310729831457138, 0.13082702457904816, 0.13067644834518433, 0.13072918355464935, 0.13078618049621582, 0.13321490585803986, 0.1308186650276184, 0.130249485373497, 0.13078929483890533, 0.1316652148962021, 0.1367267668247223, 0.1366066336631775, 0.1311606913805008, 0.1311873346567154, 0.14148861169815063, 0.12938292324543, 0.13056404888629913, 0.1314782351255417],