{"loss": [0.511965811252594, 0.4761594533920288, 0.420392245054245, 0.3389623463153839, 0.2679135203361511, 0.21809989213943481, 0.18801821768283844, 0.16776080429553986, 0.15514636039733887, 0.1485317349433899, 0.141722172498703, 0.1365998536348343, 0.13362453877925873, 0.13186542689800262, 0.1301492303609848, 0.12922057509422302, 0.12673544883728027, 0.12642990052700043, 0.12569139897823334, 0.12451032549142838, 0.12399179488420486, 0.12375202775001526, 0.12441451102495193, 0.12262408435344696, 0.1229487955570221, 0.12170418351888657, 0.12268698215484619, 0.1232503205537796, 0.12287447601556778, 0.12161776423454285, 0.12067950516939163, 0.12073110789060593, 0.12113208323717117, 0.12113463133573532, 0.12109947204589844, 0.12232422083616257, 0.12070117145776749, 0.11862140148878098, 0.12121108174324036, 0.12004679441452026, 0.12059129774570465, 0.11977488547563553, 0.1200641393661499, 0.11967574059963226, 0.11960989236831665, 0.1187356561422348, 0.11922211945056915, 0.12065722793340683, 0.12139847129583359, 0.1185312420129776, 0.11849236488342285, 0.11900326609611511, 0.11957921832799911, 0.11895932257175446, 0.11862161755561829, 0.11910083144903183, 0.11851169914007187, 0.1187467873096466, 0.11856158822774887, 0.11900653690099716, 0.11752048879861832, 0.11777231097221375, 0.11913593858480453, 0.11800326406955719, 0.11811251193284988, 0.11774670332670212, 0.11949534714221954, 0.11967656761407852, 0.11702976375818253, 0.11780577152967453, 0.11727699637413025, 0.1169404536485672, 0.11681591719388962, 0.11739616096019745, 0.11701389402151108, 0.11727162450551987, 0.1160094141960144, 0.1154424399137497, 0.11848776042461395, 0.116899773478508, 0.11827554553747177, 0.11650288105010986, 0.11598623543977737, 0.11592871695756912, 0.11580120772123337, 0.116530641913414, 0.11582562327384949, 0.11749763786792755, 0.11555711925029755, 0.11566987633705139, 0.11623886972665787, 0.11487409472465515, 0.11614037305116653, 0.11621539294719696, 0.1172051727771759, 0.11676988750696182, 0.11666958034038544, 0.11555015295743942, 0.11514433473348618, 0.11505851149559021], "accuracy": [0.7990217208862305, 0.7997826337814331, 0.7998912930488586, 0.8371739387512207, 0.9007608890533447, 0.9306522011756897, 0.9420652389526367, 0.9482608437538147, 0.9527173638343811, 0.9540217518806458, 0.955978274345398, 0.9579347968101501, 0.9579347968101501, 0.9578260779380798, 0.9588043689727783, 0.9583695530891418, 0.9599999785423279, 0.9582608938217163, 0.9601086974143982, 0.959782600402832, 0.960326075553894, 0.9598913192749023, 0.9599999785423279, 0.9609782695770264, 0.960326075553894, 0.9611956477165222, 0.9601086974143982, 0.9609782695770264, 0.9598913192749023, 0.9609782695770264, 0.959782600402832, 0.9614130258560181, 0.9615217447280884, 0.9621739387512207, 0.960869550704956, 0.9615217447280884, 0.9622825980186462, 0.9622825980186462, 0.9602174162864685, 0.9607608914375305, 0.9610869288444519, 0.9601086974143982, 0.959782600402832, 0.9622825980186462, 0.9619565010070801, 0.9623913168907166, 0.9616304636001587, 0.9624999761581421, 0.960869550704956, 0.9627174139022827, 0.9621739387512207, 0.9615217447280884, 0.9629347920417786, 0.9615217447280884, 0.960869550704956, 0.9622825980186462, 0.9616304636001587, 0.9619565010070801, 0.9620652198791504, 0.9621739387512207, 0.9611956477165222, 0.9633695483207703, 0.9598913192749023, 0.9621739387512207, 0.9610869288444519, 0.9621739387512207, 0.9614130258560181, 0.9605434536933899, 0.9627174139022827, 0.9619565010070801, 0.9626086950302124, 0.9617391228675842, 0.9621739387512207, 0.9618478417396545, 0.9632608890533447, 0.9628260731697083, 0.9632608890533447, 0.9627174139022827, 0.9610869288444519, 0.9622825980186462, 0.9617391228675842, 0.9626086950302124, 0.9628260731697083, 0.9627174139022827, 0.9629347920417786, 0.9616304636001587, 0.9641304612159729, 0.9626086950302124, 0.9629347920417786, 0.9620652198791504, 0.9623913168907166, 0.9631521701812744, 0.9633695483207703, 0.9629347920417786, 0.9622825980186462, 0.9621739387512207, 0.9614130258560181, 0.9617391228675842, 0.9628260731697083, 0.9627174139022827], "val_loss": [0.49089062213897705, 0.4540720283985138, 0.3829527497291565, 0.3140028119087219, 0.25209924578666687, 0.20781350135803223, 0.1849038451910019, 0.16764651238918304, 0.16095702350139618, 0.1559838354587555, 0.15040460228919983, 0.14665985107421875, 0.14092299342155457, 0.13934849202632904, 0.13778778910636902, 0.13615238666534424, 0.13583001494407654, 0.13502226769924164, 0.13458453118801117, 0.13414433598518372, 0.14165830612182617, 0.14825177192687988, 0.13618141412734985, 0.1330331414937973, 0.13322605192661285, 0.13999991118907928, 0.13461095094680786, 0.13994552195072174, 0.13484810292720795, 0.13378384709358215, 0.13245940208435059, 0.135298952460289, 0.13131336867809296, 0.1379014253616333, 0.13302044570446014, 0.13124611973762512, 0.13409949839115143, 0.1316991001367569, 0.1343139261007309, 0.13324512541294098, 0.1327083259820938, 0.1308433562517166, 0.13104447722434998, 0.13656389713287354, 0.13666106760501862, 0.13105648756027222, 0.13125459849834442, 0.13235211372375488, 0.13162876665592194, 0.13455332815647125, 0.13141265511512756, 0.13315989077091217, 0.13088254630565643, 0.13359807431697845, 0.13694415986537933, 0.13306568562984467, 0.13902704417705536, 0.1315504014492035, 0.1312139332294464, 0.13503696024417877, 0.13280799984931946, 0.1298821121454239, 0.13337163627147675, 0.13398100435733795, 0.13269342482089996, 0.13239946961402893, 0.13057655096054077, 0.1306028813123703, 0.13028357923030853, 0.13420972228050232, 0.1368681788444519, 0.1339992880821228, 0.13128843903541565, 0.13117462396621704, 0.13063876330852509, 0.1308620721101761, 0.13169355690479279, 0.129920095205307, 0.13043086230754852, 0.13451199233531952, 0.1377706378698349, 0.14663657546043396, 0.13023285567760468, 0.12934228777885437, 0.13091716170310974, 0.12994229793548584, 0.14033746719360352, 0.12923943996429443, 0.12948277592658997, 0.13096021115779877, 0.13170021772384644, 0.13281285762786865, 0.1328299194574356, 0.12775000929832458, 0.1299351304769516, 0.13116173446178436, 0.13202960789203644, 0.13182830810546875, 0.12968645989894867, 0.12890763580799103],