{"loss": [0.4884335696697235, 0.39613309502601624, 0.27422860264778137, 0.20197804272174835, 0.16716650128364563, 0.15187968313694, 0.14127454161643982, 0.13552400469779968, 0.131627157330513, 0.1302047073841095, 0.12798315286636353, 0.12535221874713898, 0.12530367076396942, 0.12483201920986176, 0.12577418982982635, 0.12540455162525177, 0.12248347699642181, 0.12360022217035294, 0.12218344956636429, 0.12247839570045471, 0.12302840501070023, 0.12197322398424149, 0.12085635215044022, 0.12103669345378876, 0.12094145268201828, 0.12063829600811005, 0.12138021737337112, 0.12005620449781418, 0.11950496584177017, 0.12033772468566895, 0.12066216766834259, 0.12006285041570663, 0.12115481495857239, 0.12026693671941757, 0.12127429246902466, 0.11812005192041397, 0.11797729134559631, 0.11867792904376984, 0.11827405542135239, 0.12141413241624832, 0.11882253736257553, 0.11951256543397903, 0.1190498024225235, 0.11939195543527603, 0.11766146123409271, 0.11834093183279037, 0.11923743039369583, 0.11749743670225143, 0.12012908607721329, 0.11829213052988052, 0.12103401869535446, 0.12025191634893417, 0.11788119375705719, 0.11919104307889938, 0.11833631247282028, 0.11955458670854568, 0.11685130000114441, 0.11930900067090988, 0.12098003923892975, 0.11738654226064682, 0.11904530227184296, 0.11792338639497757, 0.11767280846834183, 0.11790036410093307, 0.11850155889987946, 0.11606941372156143, 0.1176280677318573, 0.1175546944141388, 0.11583133786916733, 0.11607220023870468, 0.11661560088396072, 0.11706799268722534, 0.11700167506933212, 0.11729862540960312, 0.11657364666461945, 0.11574654281139374, 0.11465349048376083, 0.11547286063432693, 0.11562882363796234, 0.11461588740348816, 0.11638987809419632, 0.11588185280561447, 0.11674762517213821, 0.11537204682826996, 0.11650577932596207, 0.11437563598155975, 0.11511974781751633, 0.11377625912427902, 0.1151527464389801, 0.11564206331968307, 0.11341742426156998, 0.11665444076061249, 0.11589322239160538, 0.11565644294023514, 0.11636525392532349, 0.11343283951282501, 0.11752618849277496, 0.11457712203264236, 0.11339317262172699, 0.11422997713088989], "accuracy": [0.7986956238746643, 0.8095652461051941, 0.8939130306243896, 0.9371739029884338, 0.9501087069511414, 0.9521738886833191, 0.9554347991943359, 0.9567391276359558, 0.9595652222633362, 0.9578260779380798, 0.9583695530891418, 0.9598913192749023, 0.9571738839149475, 0.9584782719612122, 0.9596739411354065, 0.9616304636001587, 0.9613043665885925, 0.959782600402832, 0.9598913192749023, 0.960326075553894, 0.9598913192749023, 0.9602174162864685, 0.9613043665885925, 0.9611956477165222, 0.9616304636001587, 0.9605434536933899, 0.960326075553894, 0.9623913168907166, 0.9626086950302124, 0.9610869288444519, 0.9622825980186462, 0.9621739387512207, 0.9595652222633362, 0.9594565033912659, 0.9606521725654602, 0.9621739387512207, 0.9628260731697083, 0.9616304636001587, 0.9613043665885925, 0.9591304063796997, 0.9617391228675842, 0.9607608914375305, 0.9607608914375305, 0.9614130258560181, 0.9632608890533447, 0.9622825980186462, 0.9622825980186462, 0.9626086950302124, 0.9606521725654602, 0.9615217447280884, 0.9617391228675842, 0.9615217447280884, 0.9610869288444519, 0.9617391228675842, 0.9619565010070801, 0.9605434536933899, 0.9636956453323364, 0.9604347944259644, 0.9613043665885925, 0.9618478417396545, 0.9620652198791504, 0.9620652198791504, 0.9633695483207703, 0.9611956477165222, 0.9626086950302124, 0.9636956453323364, 0.9619565010070801, 0.9613043665885925, 0.9633695483207703, 0.9634782671928406, 0.9632608890533447, 0.9619565010070801, 0.9632608890533447, 0.9618478417396545, 0.9618478417396545, 0.9617391228675842, 0.9639130234718323, 0.9640217423439026, 0.9634782671928406, 0.9617391228675842, 0.9629347920417786, 0.9627174139022827, 0.9630434513092041, 0.9620652198791504, 0.9620652198791504, 0.9640217423439026, 0.9628260731697083, 0.9643478393554688, 0.9635869860649109, 0.9636956453323364, 0.9629347920417786, 0.9609782695770264, 0.9627174139022827, 0.9628260731697083, 0.9626086950302124, 0.9644564986228943, 0.9619565010070801, 0.9627174139022827, 0.9627174139022827, 0.9627174139022827], "val_loss": [0.4513559937477112, 0.3330015242099762, 0.23737291991710663, 0.19267526268959045, 0.1647939234972, 0.15861892700195312, 0.14687560498714447, 0.15297634899616241, 0.17755067348480225, 0.13673509657382965, 0.13565608859062195, 0.1402704417705536, 0.1477089524269104, 0.13376162946224213, 0.13461069762706757, 0.13589444756507874, 0.13284604251384735, 0.13681280612945557, 0.13185279071331024, 0.13277579843997955, 0.13213787972927094, 0.1492149531841278, 0.145379900932312, 0.13115336000919342, 0.13671332597732544, 0.13204878568649292, 0.13173417747020721, 0.1316179484128952, 0.1345328688621521, 0.13070611655712128, 0.13233043253421783, 0.15594324469566345, 0.13158003985881805, 0.14270874857902527, 0.1460910439491272, 0.13383826613426208, 0.13186657428741455, 0.13124240934848785, 0.14081081748008728, 0.13477252423763275, 0.13157474994659424, 0.13495931029319763, 0.13845226168632507, 0.13087481260299683, 0.13397429883480072, 0.13047057390213013, 0.1307368129491806, 0.1305571347475052, 0.1387852281332016, 0.12947602570056915, 0.1301179677248001, 0.1334291696548462, 0.13081516325473785, 0.13100995123386383, 0.13006895780563354, 0.13033398985862732, 0.13960322737693787, 0.13456277549266815, 0.1344044953584671, 0.14106608927249908, 0.13082760572433472, 0.13383892178535461, 0.1291772872209549, 0.14253102242946625, 0.1294786036014557, 0.1340782344341278, 0.1289508044719696, 0.13665343821048737, 0.13003966212272644, 0.1354648619890213, 0.12901727855205536, 0.1601552516222, 0.12857241928577423, 0.1289910227060318, 0.13480731844902039, 0.12885341048240662, 0.1299198418855667, 0.13082286715507507, 0.13269756734371185, 0.12925824522972107, 0.13832882046699524, 0.12855784595012665, 0.13264547288417816, 0.12886542081832886, 0.1284700483083725, 0.1304863691329956, 0.12848961353302002, 0.12686017155647278, 0.13052445650100708, 0.13964051008224487, 0.12791338562965393, 0.14129607379436493, 0.1283676028251648, 0.14209073781967163, 0.13027778267860413, 0.13581621646881104, 0.1280934363603592, 0.13927002251148224, 0.1274474710226059, 0.12610791623592377],