{"loss": [0.5015931129455566, 0.46648645401000977, 0.4031105041503906, 0.3250536024570465, 0.26252052187919617, 0.21827168762683868, 0.19052785634994507, 0.17279571294784546, 0.16033446788787842, 0.15171222388744354, 0.14506255090236664, 0.14020831882953644, 0.1368001252412796, 0.13360989093780518, 0.13151955604553223, 0.12979428470134735, 0.13054439425468445, 0.1293686479330063, 0.1269531548023224, 0.12559014558792114, 0.12547454237937927, 0.12512236833572388, 0.1235039085149765, 0.1233573704957962, 0.12281379848718643, 0.12382952123880386, 0.12267429381608963, 0.12198807299137115, 0.12206125259399414, 0.12188917398452759, 0.12124916166067123, 0.12201250344514847, 0.1222466230392456, 0.12233435362577438, 0.12004442512989044, 0.12024128437042236, 0.11935723572969437, 0.1191847175359726, 0.11955250799655914, 0.11976947635412216, 0.11915943771600723, 0.1196029782295227, 0.12035121768712997, 0.12098664790391922, 0.11904843896627426, 0.1197487860918045, 0.11913635581731796, 0.119855135679245, 0.11950771510601044, 0.11819038540124893, 0.11962755024433136, 0.11873871833086014, 0.11740236729383469, 0.11813999712467194, 0.1177625060081482, 0.11889602243900299, 0.11734307557344437, 0.11813444644212723, 0.11779168248176575, 0.1169532835483551, 0.11705407500267029, 0.11708512157201767, 0.11829628050327301, 0.11725343018770218, 0.11902281641960144, 0.11871200054883957, 0.11723383516073227, 0.11617991328239441, 0.1186043918132782, 0.11732428520917892, 0.11849569529294968, 0.11603409796953201, 0.1173291951417923, 0.11635669320821762, 0.11674145609140396, 0.11566197872161865, 0.11539895832538605, 0.11636396497488022, 0.11568709462881088, 0.11643718928098679, 0.11540815234184265, 0.11719703674316406, 0.11551813781261444, 0.11650204658508301, 0.11607338488101959, 0.11541879177093506, 0.11532428115606308, 0.11426404863595963, 0.11523425579071045, 0.1149507462978363, 0.11519576609134674, 0.1164579838514328, 0.11488364636898041, 0.11607494950294495, 0.1162990927696228, 0.11576053500175476, 0.11554846912622452, 0.11527729779481888, 0.11488289386034012, 0.11629308015108109], "accuracy": [0.7997826337814331, 0.7997826337814331, 0.8007608652114868, 0.8522825837135315, 0.904891312122345, 0.9289130568504333, 0.9419565200805664, 0.9457608461380005, 0.9503260850906372, 0.9539130330085754, 0.9544565081596375, 0.9563043713569641, 0.9560869336128235, 0.9577174186706543, 0.958152174949646, 0.9580434560775757, 0.957065224647522, 0.9583695530891418, 0.9577174186706543, 0.9596739411354065, 0.958695650100708, 0.9593478441238403, 0.9613043665885925, 0.9598913192749023, 0.9611956477165222, 0.9596739411354065, 0.9602174162864685, 0.9602174162864685, 0.960869550704956, 0.9606521725654602, 0.960869550704956, 0.960869550704956, 0.9611956477165222, 0.9598913192749023, 0.9613043665885925, 0.9614130258560181, 0.9610869288444519, 0.9616304636001587, 0.9623913168907166, 0.9620652198791504, 0.9611956477165222, 0.9631521701812744, 0.9616304636001587, 0.9607608914375305, 0.9628260731697083, 0.9614130258560181, 0.9607608914375305, 0.9613043665885925, 0.9617391228675842, 0.9618478417396545, 0.9614130258560181, 0.9623913168907166, 0.9611956477165222, 0.9614130258560181, 0.9627174139022827, 0.9623913168907166, 0.9623913168907166, 0.9614130258560181, 0.9617391228675842, 0.9621739387512207, 0.9628260731697083, 0.9628260731697083, 0.9606521725654602, 0.9633695483207703, 0.9620652198791504, 0.9623913168907166, 0.9621739387512207, 0.9638043642044067, 0.9616304636001587, 0.9615217447280884, 0.9613043665885925, 0.9624999761581421, 0.9623913168907166, 0.9633695483207703, 0.9626086950302124, 0.9627174139022827, 0.9622825980186462, 0.9623913168907166, 0.9628260731697083, 0.9626086950302124, 0.9635869860649109, 0.9635869860649109, 0.9631521701812744, 0.9627174139022827, 0.9633695483207703, 0.9639130234718323, 0.9622825980186462, 0.9622825980186462, 0.9618478417396545, 0.9633695483207703, 0.9634782671928406, 0.9623913168907166, 0.9634782671928406, 0.9620652198791504, 0.9620652198791504, 0.9622825980186462, 0.9623913168907166, 0.9621739387512207, 0.9634782671928406, 0.9640217423439026], "val_loss": [0.48534443974494934, 0.4405687153339386, 0.3653760254383087, 0.29368123412132263, 0.24315521121025085, 0.20855103433132172, 0.18921466171741486, 0.1755874752998352, 0.1625436544418335, 0.16206929087638855, 0.15044131875038147, 0.14575274288654327, 0.14313702285289764, 0.14143848419189453, 0.14132149517536163, 0.13938264548778534, 0.13827399909496307, 0.13607411086559296, 0.1397569626569748, 0.1387251615524292, 0.13596563041210175, 0.1338295191526413, 0.1335323452949524, 0.1351454108953476, 0.1366461217403412, 0.13288317620754242, 0.13328832387924194, 0.1341913491487503, 0.13291530311107635, 0.1331610083580017, 0.1343090981245041, 0.14309878647327423, 0.1443737894296646, 0.131273552775383, 0.13396498560905457, 0.1324952244758606, 0.13422861695289612, 0.13082526624202728, 0.1314321905374527, 0.13127052783966064, 0.13163907825946808, 0.13660502433776855, 0.13207362592220306, 0.13323810696601868, 0.1318010836839676, 0.14306722581386566, 0.130778968334198, 0.1434708833694458, 0.1415775865316391, 0.13841302692890167, 0.1301535815000534, 0.13267937302589417, 0.13015596568584442, 0.129737988114357, 0.1319950371980667, 0.13416071236133575, 0.14104998111724854, 0.1319848597049713, 0.1302993893623352, 0.1303207278251648, 0.13051746785640717, 0.13142035901546478, 0.1471737027168274, 0.13460510969161987, 0.12992730736732483, 0.13340045511722565, 0.13010822236537933, 0.1301007717847824, 0.12990602850914001, 0.13133391737937927, 0.13137556612491608, 0.13051176071166992, 0.13266511261463165, 0.12887929379940033, 0.13479608297348022, 0.14367973804473877, 0.12945939600467682, 0.13776150345802307, 0.1297084391117096, 0.12937197089195251, 0.1292627453804016, 0.13067473471164703, 0.13152526319026947, 0.14809107780456543, 0.12841416895389557, 0.13016095757484436, 0.12797166407108307, 0.13170593976974487, 0.1282869279384613, 0.1288950890302658, 0.1301415115594864, 0.13002896308898926, 0.1282089501619339, 0.1287323236465454, 0.13036400079727173, 0.12940871715545654, 0.13010118901729584, 0.1280367076396942, 0.1288793385028839, 0.12888644635677338],