{"loss": [0.4985913038253784, 0.43939900398254395, 0.34330034255981445, 0.25576815009117126, 0.204304039478302, 0.1740504652261734, 0.15802159905433655, 0.14683571457862854, 0.14210759103298187, 0.13577552139759064, 0.13334116339683533, 0.13066516816616058, 0.12971439957618713, 0.12841400504112244, 0.12609708309173584, 0.1265524923801422, 0.12596911191940308, 0.12513351440429688, 0.12353631108999252, 0.12377847731113434, 0.12233392149209976, 0.12187810242176056, 0.12134808301925659, 0.12221051752567291, 0.12148718535900116, 0.12051168829202652, 0.12069277465343475, 0.12123994529247284, 0.12038969248533249, 0.12022357434034348, 0.11946281045675278, 0.12120284140110016, 0.12334289401769638, 0.12045678496360779, 0.11982106417417526, 0.11966799199581146, 0.1196572333574295, 0.11819139868021011, 0.11801338195800781, 0.11888731271028519, 0.11908908933401108, 0.11914876103401184, 0.11954592168331146, 0.11863341182470322, 0.11825414001941681, 0.11782393604516983, 0.11785117536783218, 0.11865165084600449, 0.1185750663280487, 0.11854033172130585, 0.11759106069803238, 0.11859115958213806, 0.11797336488962173, 0.1171356737613678, 0.11805003136396408, 0.11788887530565262, 0.11738625168800354, 0.11820893734693527, 0.11701416224241257, 0.11724226921796799, 0.11760004609823227, 0.11891410499811172, 0.11742276698350906, 0.1178082674741745, 0.11641572415828705, 0.11650092154741287, 0.11831280589103699, 0.11783735454082489, 0.11780371516942978, 0.11820640414953232, 0.11913222819566727, 0.11636551469564438, 0.11648982763290405, 0.11727971583604813, 0.11555319279432297, 0.11557844281196594, 0.11607914417982101, 0.11553290486335754, 0.1150648295879364, 0.11616189777851105, 0.11665349453687668, 0.11595116555690765, 0.11722433567047119, 0.11708338558673859, 0.11584994196891785, 0.11792311817407608, 0.11570646613836288, 0.1166016012430191, 0.11741342395544052, 0.11612822115421295, 0.11509180814027786, 0.11513322591781616, 0.11784262955188751, 0.11526571214199066, 0.11574214696884155, 0.11472570151090622, 0.11584419757127762, 0.11555450409650803, 0.11630777269601822, 0.11597420275211334], "accuracy": [0.7997826337814331, 0.7997826337814331, 0.8351086974143982, 0.9089130163192749, 0.9366304278373718, 0.9476087093353271, 0.9524999856948853, 0.9554347991943359, 0.9561956524848938, 0.95652174949646, 0.958695650100708, 0.9594565033912659, 0.9578260779380798, 0.95923912525177, 0.9588043689727783, 0.9588043689727783, 0.9602174162864685, 0.95923912525177, 0.9604347944259644, 0.959782600402832, 0.9589130282402039, 0.9602174162864685, 0.9610869288444519, 0.9604347944259644, 0.960326075553894, 0.9616304636001587, 0.9605434536933899, 0.9613043665885925, 0.9601086974143982, 0.9607608914375305, 0.9616304636001587, 0.9616304636001587, 0.9609782695770264, 0.960326075553894, 0.9619565010070801, 0.9614130258560181, 0.960326075553894, 0.9618478417396545, 0.9624999761581421, 0.9615217447280884, 0.9622825980186462, 0.9615217447280884, 0.9618478417396545, 0.9617391228675842, 0.9623913168907166, 0.9620652198791504, 0.9617391228675842, 0.9607608914375305, 0.9617391228675842, 0.9616304636001587, 0.9623913168907166, 0.9619565010070801, 0.9618478417396545, 0.9626086950302124, 0.9623913168907166, 0.9615217447280884, 0.9620652198791504, 0.9617391228675842, 0.9634782671928406, 0.9628260731697083, 0.9628260731697083, 0.9616304636001587, 0.9623913168907166, 0.9616304636001587, 0.9623913168907166, 0.9623913168907166, 0.9622825980186462, 0.9613043665885925, 0.9622825980186462, 0.9614130258560181, 0.9604347944259644, 0.9617391228675842, 0.9622825980186462, 0.9618478417396545, 0.9631521701812744, 0.9628260731697083, 0.9630434513092041, 0.9634782671928406, 0.9636956453323364, 0.9631521701812744, 0.9620652198791504, 0.9633695483207703, 0.9631521701812744, 0.9622825980186462, 0.9624999761581421, 0.9620652198791504, 0.9617391228675842, 0.9631521701812744, 0.9609782695770264, 0.9631521701812744, 0.9630434513092041, 0.9623913168907166, 0.9622825980186462, 0.9626086950302124, 0.9615217447280884, 0.9624999761581421, 0.9622825980186462, 0.9628260731697083, 0.9614130258560181, 0.9636956453323364], "val_loss": [0.47256261110305786, 0.3975437581539154, 0.29619210958480835, 0.23321546614170074, 0.19161832332611084, 0.17201289534568787, 0.15890102088451385, 0.15344290435314178, 0.14738067984580994, 0.14201776683330536, 0.13920916616916656, 0.15074242651462555, 0.13762499392032623, 0.13697953522205353, 0.1370527595281601, 0.1339268982410431, 0.13483262062072754, 0.13404811918735504, 0.1355416625738144, 0.1323307454586029, 0.1331792175769806, 0.1316949874162674, 0.13189825415611267, 0.13960251212120056, 0.13382354378700256, 0.13415539264678955, 0.13962166011333466, 0.1316329389810562, 0.14287897944450378, 0.1312486231327057, 0.13447032868862152, 0.13361209630966187, 0.1310890167951584, 0.1314370185136795, 0.13669735193252563, 0.13225896656513214, 0.13256952166557312, 0.1310463845729828, 0.13982267677783966, 0.13028733432292938, 0.13248726725578308, 0.13080090284347534, 0.13017530739307404, 0.1303451657295227, 0.1298457235097885, 0.13109587132930756, 0.1307939738035202, 0.13257315754890442, 0.133558988571167, 0.1324707269668579, 0.13055966794490814, 0.1357463002204895, 0.1410900354385376, 0.1318347305059433, 0.13485608994960785, 0.13674218952655792, 0.13978172838687897, 0.13244618475437164, 0.13585402071475983, 0.1373833566904068, 0.12958048284053802, 0.1300935298204422, 0.13025489449501038, 0.13106510043144226, 0.1300113946199417, 0.1405225247144699, 0.1477838158607483, 0.1305686980485916, 0.13006876409053802, 0.13496950268745422, 0.13332098722457886, 0.1302814483642578, 0.13164551556110382, 0.13045887649059296, 0.13099710643291473, 0.1309732049703598, 0.13134750723838806, 0.1314086616039276, 0.14456741511821747, 0.1314280778169632, 0.1331576704978943, 0.1318313181400299, 0.12963905930519104, 0.1298677623271942, 0.13170412182807922, 0.13567279279232025, 0.13590854406356812, 0.13667435944080353, 0.13081060349941254, 0.1294785439968109, 0.14160388708114624, 0.13392426073551178, 0.1300937533378601, 0.14014087617397308, 0.14906974136829376, 0.13422726094722748, 0.14331145584583282, 0.12957923114299774, 0.13049638271331787, 0.13681109249591827],