{"loss": [0.48764070868492126, 0.434253066778183, 0.3662172555923462, 0.2912594974040985, 0.2351546287536621, 0.1979491114616394, 0.17581260204315186, 0.15992321074008942, 0.1498020887374878, 0.14290818572044373, 0.1374395340681076, 0.13502736389636993, 0.13155339658260345, 0.12968502938747406, 0.12828855216503143, 0.1277819126844406, 0.12640704214572906, 0.12496236711740494, 0.12474698573350906, 0.12432751059532166, 0.12408135086297989, 0.12216667830944061, 0.12257709354162216, 0.1229448914527893, 0.12200184911489487, 0.12236963957548141, 0.12113445997238159, 0.12114658206701279, 0.12049843370914459, 0.11941077560186386, 0.11950996518135071, 0.1198195219039917, 0.11993726342916489, 0.11986131966114044, 0.11926339566707611, 0.1193981021642685, 0.11973055452108383, 0.11980604380369186, 0.11832576245069504, 0.11858373135328293, 0.11947190016508102, 0.11895949393510818, 0.12010610848665237, 0.11755002290010452, 0.11844208836555481, 0.11844189465045929, 0.11856821924448013, 0.11772921681404114, 0.11832612752914429, 0.11744944751262665, 0.11704704910516739, 0.1196879893541336, 0.11695150285959244, 0.11719776690006256, 0.11666339635848999, 0.11767850071191788, 0.11650706082582474, 0.11869319528341293, 0.11743082851171494, 0.11638478189706802, 0.11560570448637009, 0.11625216156244278, 0.11744062602519989, 0.1174960732460022, 0.11761515587568283, 0.11731298267841339, 0.11742465943098068, 0.11608601361513138, 0.11683987826108932, 0.11541380733251572, 0.11642979830503464, 0.1161847710609436, 0.11693082004785538, 0.11814642697572708, 0.1167670339345932, 0.11588504910469055, 0.11672511696815491, 0.11614760756492615, 0.11564549803733826, 0.11550400406122208, 0.11547238379716873, 0.11570126563310623, 0.11546552926301956, 0.11637511104345322, 0.11458497494459152, 0.1153518557548523, 0.11526571214199066, 0.11492760479450226, 0.11454977095127106, 0.11649101972579956, 0.11474625021219254, 0.11478371173143387, 0.11453641206026077, 0.11650615185499191, 0.11611735820770264, 0.114190474152565, 0.11470573395490646, 0.11543719470500946, 0.11502934992313385, 0.11360128968954086], "accuracy": [0.7997826337814331, 0.7998912930488586, 0.8182608485221863, 0.8828260898590088, 0.9205434918403625, 0.9386956691741943, 0.947282612323761, 0.9519565105438232, 0.9541304111480713, 0.9548913240432739, 0.957608699798584, 0.9572826027870178, 0.9583695530891418, 0.958695650100708, 0.958695650100708, 0.9602174162864685, 0.9589130282402039, 0.9599999785423279, 0.9593478441238403, 0.9599999785423279, 0.9602174162864685, 0.9604347944259644, 0.9594565033912659, 0.9594565033912659, 0.960869550704956, 0.9599999785423279, 0.9616304636001587, 0.9609782695770264, 0.9606521725654602, 0.9619565010070801, 0.9615217447280884, 0.9610869288444519, 0.9610869288444519, 0.9598913192749023, 0.9615217447280884, 0.9626086950302124, 0.9605434536933899, 0.9596739411354065, 0.9622825980186462, 0.9619565010070801, 0.9609782695770264, 0.9617391228675842, 0.9619565010070801, 0.9621739387512207, 0.9613043665885925, 0.9635869860649109, 0.9620652198791504, 0.9624999761581421, 0.9632608890533447, 0.9610869288444519, 0.9617391228675842, 0.9599999785423279, 0.9620652198791504, 0.9605434536933899, 0.9624999761581421, 0.9619565010070801, 0.9618478417396545, 0.9627174139022827, 0.9614130258560181, 0.9620652198791504, 0.9618478417396545, 0.9629347920417786, 0.9611956477165222, 0.9617391228675842, 0.9610869288444519, 0.9628260731697083, 0.9633695483207703, 0.9627174139022827, 0.9616304636001587, 0.9634782671928406, 0.9623913168907166, 0.9636956453323364, 0.9616304636001587, 0.9610869288444519, 0.9629347920417786, 0.9631521701812744, 0.9622825980186462, 0.9628260731697083, 0.9615217447280884, 0.9620652198791504, 0.9626086950302124, 0.9633695483207703, 0.9630434513092041, 0.9619565010070801, 0.9640217423439026, 0.9613043665885925, 0.9624999761581421, 0.9626086950302124, 0.9633695483207703, 0.9629347920417786, 0.9631521701812744, 0.9636956453323364, 0.9628260731697083, 0.9626086950302124, 0.9623913168907166, 0.9634782671928406, 0.9623913168907166, 0.9624999761581421, 0.9627174139022827, 0.9642391204833984], "val_loss": [0.46453091502189636, 0.40096133947372437, 0.33381417393684387, 0.26466572284698486, 0.2239130735397339, 0.19707000255584717, 0.18479308485984802, 0.1640523076057434, 0.16011635959148407, 0.14869223535060883, 0.1456432044506073, 0.14233222603797913, 0.14710678160190582, 0.137560173869133, 0.13629740476608276, 0.13628295063972473, 0.13664624094963074, 0.1344214230775833, 0.13509787619113922, 0.13570764660835266, 0.13269510865211487, 0.13278838992118835, 0.1342160850763321, 0.13247714936733246, 0.13148166239261627, 0.13190153241157532, 0.13151182234287262, 0.13192959129810333, 0.1318027824163437, 0.1356947124004364, 0.13101603090763092, 0.1304093301296234, 0.1320772022008896, 0.13193605840206146, 0.1338137835264206, 0.13152849674224854, 0.14013928174972534, 0.13074342906475067, 0.13341867923736572, 0.13111311197280884, 0.13134752213954926, 0.13271790742874146, 0.13292618095874786, 0.1336367130279541, 0.1314578801393509, 0.13049444556236267, 0.13191331923007965, 0.13227328658103943, 0.1319548785686493, 0.13095368444919586, 0.1327010840177536, 0.1314939558506012, 0.1314699500799179, 0.1310952752828598, 0.13101032376289368, 0.13473765552043915, 0.1364358514547348, 0.13324525952339172, 0.13253004848957062, 0.13006693124771118, 0.1310371309518814, 0.13166651129722595, 0.13652558624744415, 0.1368684321641922, 0.1325521022081375, 0.13307708501815796, 0.13844378292560577, 0.13791677355766296, 0.1312228888273239, 0.130879208445549, 0.12992645800113678, 0.13010422885417938, 0.1377561241388321, 0.1310838758945465, 0.13033469021320343, 0.13115915656089783, 0.13177983462810516, 0.13027340173721313, 0.1301117092370987, 0.130415141582489, 0.13107827305793762, 0.13681146502494812, 0.14066410064697266, 0.13016673922538757, 0.1319904625415802, 0.1318768411874771, 0.1327749490737915, 0.13249796628952026, 0.13031667470932007, 0.13170135021209717, 0.13101734220981598, 0.13019390404224396, 0.1297936886548996, 0.13192744553089142, 0.13197360932826996, 0.13123030960559845, 0.12919893860816956, 0.13645413517951965, 0.1298249065876007, 0.12955354154109955],