{"loss": [0.5130016803741455, 0.45622876286506653, 0.39619213342666626, 0.32222044467926025, 0.25910845398902893, 0.21532796323299408, 0.18736471235752106, 0.1672864407300949, 0.1559889316558838, 0.1472715139389038, 0.14169292151927948, 0.13668513298034668, 0.13359540700912476, 0.13250216841697693, 0.12918990850448608, 0.12839694321155548, 0.12762299180030823, 0.1258109211921692, 0.12492997944355011, 0.1252204328775406, 0.123588427901268, 0.12388252466917038, 0.12295335531234741, 0.12225956469774246, 0.12368687987327576, 0.12176491320133209, 0.12168767303228378, 0.12101972848176956, 0.12226733565330505, 0.12153912335634232, 0.12045054882764816, 0.11915858089923859, 0.11951573938131332, 0.12060219049453735, 0.12114102393388748, 0.11909995973110199, 0.12028110772371292, 0.1205756664276123, 0.12031782418489456, 0.12004037946462631, 0.11989160627126694, 0.1212691217660904, 0.11846155673265457, 0.1195027083158493, 0.11956561356782913, 0.11830749362707138, 0.11902260035276413, 0.11876586824655533, 0.11837330460548401, 0.11939852684736252, 0.11909084022045135, 0.11811548471450806, 0.11816275864839554, 0.11862636357545853, 0.11790785938501358, 0.11892961710691452, 0.11766963452100754, 0.11816951632499695, 0.1174330860376358, 0.118421271443367, 0.11712891608476639, 0.1176622211933136, 0.1172575056552887, 0.1171395480632782, 0.11927430331707001, 0.11631302535533905, 0.11773856729269028, 0.11733682453632355, 0.11718661338090897, 0.11706419289112091, 0.1163579672574997, 0.11777298897504807, 0.11741286516189575, 0.11664649099111557, 0.1164577454328537, 0.11605462431907654, 0.11630865931510925, 0.11617564409971237, 0.11761528998613358, 0.11755936592817307, 0.11571762710809708, 0.11698813736438751, 0.11534301936626434, 0.1161036342382431, 0.11634024232625961, 0.11601578444242477, 0.11600953340530396, 0.11559117585420609, 0.11642932146787643, 0.11573449522256851, 0.11702587455511093, 0.11667922139167786, 0.11470366269350052, 0.11493528634309769, 0.1160489171743393, 0.11640146374702454, 0.11669652163982391, 0.11555112153291702, 0.11499818414449692, 0.11582154780626297], "accuracy": [0.771195650100708, 0.7997826337814331, 0.8022826313972473, 0.85326087474823, 0.9072825908660889, 0.9328261017799377, 0.9430434703826904, 0.9495652318000793, 0.9511956572532654, 0.9551087021827698, 0.9566304087638855, 0.9569565057754517, 0.957065224647522, 0.95652174949646, 0.9579347968101501, 0.9594565033912659, 0.9583695530891418, 0.9601086974143982, 0.9596739411354065, 0.9594565033912659, 0.9604347944259644, 0.9610869288444519, 0.9596739411354065, 0.9610869288444519, 0.9604347944259644, 0.9604347944259644, 0.960326075553894, 0.9611956477165222, 0.9606521725654602, 0.9611956477165222, 0.9615217447280884, 0.9606521725654602, 0.960326075553894, 0.9607608914375305, 0.9615217447280884, 0.9615217447280884, 0.9609782695770264, 0.9618478417396545, 0.959782600402832, 0.9616304636001587, 0.9602174162864685, 0.960869550704956, 0.9623913168907166, 0.9616304636001587, 0.9615217447280884, 0.9621739387512207, 0.9624999761581421, 0.9616304636001587, 0.9607608914375305, 0.9615217447280884, 0.9602174162864685, 0.9619565010070801, 0.9622825980186462, 0.9620652198791504, 0.9617391228675842, 0.9599999785423279, 0.9616304636001587, 0.9616304636001587, 0.9613043665885925, 0.9610869288444519, 0.9616304636001587, 0.9627174139022827, 0.9628260731697083, 0.9628260731697083, 0.9620652198791504, 0.9627174139022827, 0.9626086950302124, 0.9620652198791504, 0.9635869860649109, 0.9622825980186462, 0.9626086950302124, 0.9604347944259644, 0.9621739387512207, 0.9617391228675842, 0.9627174139022827, 0.9630434513092041, 0.9627174139022827, 0.9630434513092041, 0.9622825980186462, 0.9620652198791504, 0.9631521701812744, 0.9623913168907166, 0.9626086950302124, 0.9627174139022827, 0.9624999761581421, 0.9618478417396545, 0.9630434513092041, 0.9623913168907166, 0.960869550704956, 0.9631521701812744, 0.9619565010070801, 0.9628260731697083, 0.9627174139022827, 0.9623913168907166, 0.9627174139022827, 0.9626086950302124, 0.9633695483207703, 0.9619565010070801, 0.9638043642044067, 0.9616304636001587], "val_loss": [0.47714996337890625, 0.43225330114364624, 0.3607134521007538, 0.29173576831817627, 0.24135076999664307, 0.20420585572719574, 0.1857822686433792, 0.16871611773967743, 0.1591714471578598, 0.15081165730953217, 0.1465635895729065, 0.14265654981136322, 0.14044465124607086, 0.14009809494018555, 0.13776752352714539, 0.13616304099559784, 0.13548558950424194, 0.13508504629135132, 0.1335161179304123, 0.13495711982250214, 0.1391770988702774, 0.13276106119155884, 0.1336248517036438, 0.13444821536540985, 0.1330132633447647, 0.13169904053211212, 0.13457472622394562, 0.13161325454711914, 0.13154911994934082, 0.13160695135593414, 0.13221047818660736, 0.13141250610351562, 0.13548530638217926, 0.13251462578773499, 0.13243043422698975, 0.1335843950510025, 0.13497260212898254, 0.14232635498046875, 0.13646002113819122, 0.13262274861335754, 0.1332344114780426, 0.13148142397403717, 0.13204962015151978, 0.13360261917114258, 0.1330152004957199, 0.1313238888978958, 0.13160227239131927, 0.13759441673755646, 0.1326380968093872, 0.13206888735294342, 0.13650433719158173, 0.13474003970623016, 0.13262899219989777, 0.13145318627357483, 0.1339922547340393, 0.1316865086555481, 0.1323733776807785, 0.1319822371006012, 0.13196878135204315, 0.13457614183425903, 0.13197723031044006, 0.13380424678325653, 0.13728632032871246, 0.1318117082118988, 0.13352467119693756, 0.13414038717746735, 0.13488991558551788, 0.1327313929796219, 0.13159537315368652, 0.1333339959383011, 0.13148042559623718, 0.13249172270298004, 0.13261957466602325, 0.13205894827842712, 0.13506606221199036, 0.13360390067100525, 0.13448351621627808, 0.13471193611621857, 0.14238391816616058, 0.1329834759235382, 0.14330138266086578, 0.1321694254875183, 0.13163195550441742, 0.1333884596824646, 0.13816054165363312, 0.13088542222976685, 0.13621363043785095, 0.1314968764781952, 0.13215626776218414, 0.14522872865200043, 0.13182339072227478, 0.13116303086280823, 0.1327425241470337, 0.1313871592283249, 0.1346980631351471, 0.1307085156440735, 0.1407129317522049, 0.1314215064048767, 0.1336127519607544, 0.13459934294223785],