{"loss": [0.48681822419166565, 0.3919215500354767, 0.2625551223754883, 0.19008328020572662, 0.1596508026123047, 0.147036612033844, 0.13827155530452728, 0.132486954331398, 0.1321069896221161, 0.1300259232521057, 0.13093343377113342, 0.12685848772525787, 0.12753622233867645, 0.12688010931015015, 0.12592054903507233, 0.12236405164003372, 0.12248102575540543, 0.12211111187934875, 0.12244357913732529, 0.12347444146871567, 0.12202803790569305, 0.12148099392652512, 0.12191943824291229, 0.1213383674621582, 0.12125276029109955, 0.12077777087688446, 0.12029242515563965, 0.12319392710924149, 0.12068453431129456, 0.1201661080121994, 0.11998257786035538, 0.12260192632675171, 0.11840952932834625, 0.12015586346387863, 0.11956369131803513, 0.11975044757127762, 0.11882337182760239, 0.11766567081212997, 0.11799540370702744, 0.1200837641954422, 0.11958181858062744, 0.11920063942670822, 0.11806932836771011, 0.11757838726043701, 0.11867768317461014, 0.12036590278148651, 0.11898984014987946, 0.11734633892774582, 0.11903221905231476, 0.11806562542915344, 0.1180187314748764, 0.11797628551721573, 0.11713405698537827, 0.1195743978023529, 0.1165521889925003, 0.11961337924003601, 0.11861629039049149, 0.11973417550325394, 0.1199759840965271, 0.11796360462903976, 0.11903455853462219, 0.11845599859952927, 0.11654616892337799, 0.1173129677772522, 0.11736134439706802, 0.11748319119215012, 0.11574165523052216, 0.11955087631940842, 0.11512257158756256, 0.11542119830846786, 0.11636320501565933, 0.11700009554624557, 0.11540157347917557, 0.11656390875577927, 0.11545941233634949, 0.11475883424282074, 0.1147962212562561, 0.11651156097650528, 0.11481443792581558, 0.11463592201471329, 0.11673144996166229, 0.11686864495277405, 0.11494826525449753, 0.11554741859436035, 0.11574717611074448, 0.11384803056716919, 0.11482039839029312, 0.11607992649078369, 0.11485513299703598, 0.11417358368635178, 0.11558330059051514, 0.11380168050527573, 0.11327116936445236, 0.11500406265258789, 0.11440104246139526, 0.11320024728775024, 0.11398860812187195, 0.11377685517072678, 0.11307822912931442, 0.11296480894088745], "accuracy": [0.7967391014099121, 0.8142391443252563, 0.903804361820221, 0.9414130449295044, 0.9528260827064514, 0.9548913240432739, 0.9560869336128235, 0.9584782719612122, 0.9584782719612122, 0.9591304063796997, 0.9584782719612122, 0.9601086974143982, 0.9598913192749023, 0.958695650100708, 0.9585869312286377, 0.9605434536933899, 0.9611956477165222, 0.9619565010070801, 0.9613043665885925, 0.9598913192749023, 0.9610869288444519, 0.9628260731697083, 0.960326075553894, 0.9596739411354065, 0.960326075553894, 0.9607608914375305, 0.9596739411354065, 0.9607608914375305, 0.9613043665885925, 0.9622825980186462, 0.9618478417396545, 0.9610869288444519, 0.9617391228675842, 0.9602174162864685, 0.9615217447280884, 0.9617391228675842, 0.9622825980186462, 0.9629347920417786, 0.9618478417396545, 0.9623913168907166, 0.960869550704956, 0.9628260731697083, 0.9616304636001587, 0.9624999761581421, 0.9609782695770264, 0.9616304636001587, 0.9620652198791504, 0.9617391228675842, 0.9615217447280884, 0.9611956477165222, 0.9617391228675842, 0.9635869860649109, 0.9638043642044067, 0.9598913192749023, 0.9623913168907166, 0.9613043665885925, 0.9633695483207703, 0.9615217447280884, 0.9627174139022827, 0.9613043665885925, 0.9617391228675842, 0.9630434513092041, 0.9638043642044067, 0.9626086950302124, 0.9629347920417786, 0.9616304636001587, 0.9628260731697083, 0.9623913168907166, 0.9627174139022827, 0.9633695483207703, 0.9624999761581421, 0.9621739387512207, 0.9624999761581421, 0.9619565010070801, 0.9623913168907166, 0.9638043642044067, 0.9633695483207703, 0.9619565010070801, 0.9646739363670349, 0.9636956453323364, 0.9622825980186462, 0.9628260731697083, 0.9635869860649109, 0.9622825980186462, 0.9626086950302124, 0.9629347920417786, 0.9629347920417786, 0.9614130258560181, 0.9624999761581421, 0.9626086950302124, 0.9630434513092041, 0.9627174139022827, 0.9645652174949646, 0.9635869860649109, 0.9636956453323364, 0.9628260731697083, 0.9638043642044067, 0.9641304612159729, 0.9632608890533447, 0.9632608890533447], "val_loss": [0.4532366693019867, 0.33117592334747314, 0.2290581911802292, 0.18057233095169067, 0.1575331836938858, 0.1509401649236679, 0.14289338886737823, 0.14347420632839203, 0.14090749621391296, 0.14177532494068146, 0.13477353751659393, 0.1628841608762741, 0.1335194855928421, 0.1386273056268692, 0.13488085567951202, 0.1326201856136322, 0.13251003623008728, 0.13351288437843323, 0.13209065794944763, 0.13221748173236847, 0.13245074450969696, 0.13261309266090393, 0.13244277238845825, 0.13642345368862152, 0.17500601708889008, 0.13242028653621674, 0.13174870610237122, 0.1310216337442398, 0.1309179663658142, 0.13113194704055786, 0.13479070365428925, 0.1354961395263672, 0.1324211210012436, 0.13428190350532532, 0.1322430819272995, 0.14096605777740479, 0.13075996935367584, 0.1335340142250061, 0.1360122114419937, 0.14773090183734894, 0.13111500442028046, 0.13422252237796783, 0.13149896264076233, 0.1327539086341858, 0.13293935358524323, 0.14043623208999634, 0.13231106102466583, 0.13265569508075714, 0.13042965531349182, 0.13270282745361328, 0.14125041663646698, 0.14674776792526245, 0.1355452835559845, 0.1318022459745407, 0.13382048904895782, 0.13459917902946472, 0.1337556689977646, 0.130559504032135, 0.13032254576683044, 0.14316292107105255, 0.1302317976951599, 0.1288250833749771, 0.1479966789484024, 0.13545843958854675, 0.13737952709197998, 0.13498632609844208, 0.13112379610538483, 0.12962046265602112, 0.13122931122779846, 0.12829117476940155, 0.14003020524978638, 0.13066773116588593, 0.12971936166286469, 0.13334472477436066, 0.1299511194229126, 0.13242821395397186, 0.1295483410358429, 0.12801013886928558, 0.1287994682788849, 0.14300523698329926, 0.12921454012393951, 0.1457730531692505, 0.1363818496465683, 0.14178693294525146, 0.12844568490982056, 0.13118982315063477, 0.12874487042427063, 0.1300349086523056, 0.13316164910793304, 0.1530911922454834, 0.14031986892223358, 0.13800765573978424, 0.12776458263397217, 0.1551247388124466, 0.12656128406524658, 0.13477253913879395, 0.13234809041023254, 0.12689664959907532, 0.1265377402305603, 0.12579528987407684],