{"loss": [0.4982929825782776, 0.4435141086578369, 0.35118117928504944, 0.2590087652206421, 0.20449626445770264, 0.17255166172981262, 0.15638121962547302, 0.14519155025482178, 0.139505073428154, 0.13508710265159607, 0.13220638036727905, 0.13009116053581238, 0.12815913558006287, 0.1273360401391983, 0.12474748492240906, 0.12403908371925354, 0.12422394007444382, 0.1224253922700882, 0.12335904687643051, 0.12368040531873703, 0.12355796247720718, 0.1218557357788086, 0.12371884286403656, 0.1212635487318039, 0.12145902216434479, 0.11972212791442871, 0.12012454122304916, 0.12091843038797379, 0.12060970067977905, 0.11919858306646347, 0.11891349405050278, 0.11890313029289246, 0.12079121172428131, 0.11879891902208328, 0.1183624267578125, 0.12095802277326584, 0.11942916363477707, 0.11832382529973984, 0.11934612691402435, 0.11843778192996979, 0.11942063271999359, 0.11983318626880646, 0.11812277138233185, 0.11828334629535675, 0.11790750175714493, 0.11933030188083649, 0.11829669773578644, 0.117587149143219, 0.11783119291067123, 0.11894533783197403, 0.11951085925102234, 0.11844993382692337, 0.11944907903671265, 0.11696342378854752, 0.11836711317300797, 0.11618909984827042, 0.11639592796564102, 0.11673468351364136, 0.1159386932849884, 0.11753274500370026, 0.11658079922199249, 0.11800631135702133, 0.11681603640317917, 0.11712150275707245, 0.1177826076745987, 0.11559022217988968, 0.11813617497682571, 0.11812999099493027, 0.11581479012966156, 0.1161331981420517, 0.11605549603700638, 0.11632146686315536, 0.11731795966625214, 0.11705470830202103, 0.12078743427991867, 0.11506684869527817, 0.11561373621225357, 0.11574778705835342, 0.11701905727386475, 0.11650814116001129, 0.1162388026714325, 0.1155952513217926, 0.11612256616353989, 0.11593403667211533, 0.11702529340982437, 0.11543511599302292, 0.11499939113855362, 0.1168791800737381, 0.115489661693573, 0.11467491090297699, 0.11511547863483429, 0.11623605340719223, 0.11505458503961563, 0.11595574766397476, 0.11758749186992645, 0.1164461076259613, 0.11510816216468811, 0.11514666676521301, 0.11380676180124283, 0.11388557404279709], "accuracy": [0.7997826337814331, 0.7997826337814331, 0.8307608962059021, 0.9072825908660889, 0.9368478059768677, 0.9474999904632568, 0.9515217542648315, 0.9551087021827698, 0.9555434584617615, 0.9577174186706543, 0.957608699798584, 0.9579347968101501, 0.95923912525177, 0.9599999785423279, 0.9616304636001587, 0.9605434536933899, 0.9594565033912659, 0.9598913192749023, 0.9590217471122742, 0.9619565010070801, 0.9595652222633362, 0.9598913192749023, 0.9604347944259644, 0.9606521725654602, 0.9605434536933899, 0.9623913168907166, 0.9616304636001587, 0.9618478417396545, 0.9598913192749023, 0.9624999761581421, 0.9617391228675842, 0.9620652198791504, 0.9599999785423279, 0.9616304636001587, 0.9616304636001587, 0.9598913192749023, 0.9609782695770264, 0.9615217447280884, 0.9606521725654602, 0.9623913168907166, 0.9613043665885925, 0.9617391228675842, 0.9615217447280884, 0.9614130258560181, 0.9613043665885925, 0.9613043665885925, 0.9613043665885925, 0.9620652198791504, 0.9630434513092041, 0.9626086950302124, 0.9601086974143982, 0.9621739387512207, 0.9623913168907166, 0.9626086950302124, 0.9614130258560181, 0.9623913168907166, 0.9617391228675842, 0.9627174139022827, 0.9616304636001587, 0.9617391228675842, 0.9620652198791504, 0.9610869288444519, 0.9616304636001587, 0.9630434513092041, 0.9626086950302124, 0.9621739387512207, 0.9614130258560181, 0.9616304636001587, 0.9628260731697083, 0.9620652198791504, 0.9621739387512207, 0.9619565010070801, 0.9621739387512207, 0.9628260731697083, 0.9601086974143982, 0.9642391204833984, 0.9613043665885925, 0.9621739387512207, 0.9622825980186462, 0.9628260731697083, 0.9626086950302124, 0.9636956453323364, 0.9622825980186462, 0.9621739387512207, 0.9634782671928406, 0.9634782671928406, 0.9626086950302124, 0.9622825980186462, 0.9617391228675842, 0.9634782671928406, 0.9619565010070801, 0.9631521701812744, 0.9619565010070801, 0.9631521701812744, 0.9617391228675842, 0.9632608890533447, 0.9626086950302124, 0.9627174139022827, 0.9632608890533447, 0.9635869860649109], "val_loss": [0.47409406304359436, 0.4017959237098694, 0.3026438057422638, 0.23832117021083832, 0.19147813320159912, 0.1717713624238968, 0.1610225886106491, 0.1490119993686676, 0.1468503773212433, 0.14274173974990845, 0.13889023661613464, 0.13855673372745514, 0.1366497129201889, 0.1348056197166443, 0.1428648829460144, 0.1341944932937622, 0.1328830122947693, 0.134104385972023, 0.13470393419265747, 0.13375087082386017, 0.13454671204090118, 0.15360936522483826, 0.1338869333267212, 0.1389605551958084, 0.13179786503314972, 0.1318427473306656, 0.13197748363018036, 0.1308709681034088, 0.13704079389572144, 0.13142193853855133, 0.13102607429027557, 0.13078325986862183, 0.13111403584480286, 0.13608741760253906, 0.130802720785141, 0.13037118315696716, 0.13609717786312103, 0.13075579702854156, 0.1308872252702713, 0.13177630305290222, 0.1313437819480896, 0.1311972588300705, 0.13175508379936218, 0.13833525776863098, 0.1414947360754013, 0.1304071694612503, 0.13570217788219452, 0.13577701151371002, 0.13402092456817627, 0.13009841740131378, 0.13062983751296997, 0.1340179443359375, 0.14052721858024597, 0.13478443026542664, 0.1416865587234497, 0.13499297201633453, 0.1318684220314026, 0.135239839553833, 0.13134795427322388, 0.1357184797525406, 0.13235478103160858, 0.1315036416053772, 0.1304520070552826, 0.13899540901184082, 0.13194438815116882, 0.13730460405349731, 0.13043636083602905, 0.12986120581626892, 0.1312810480594635, 0.13070285320281982, 0.13702313601970673, 0.1333511918783188, 0.13089469075202942, 0.14158757030963898, 0.1303243488073349, 0.13368304073810577, 0.1300337165594101, 0.13202214241027832, 0.12982557713985443, 0.13598135113716125, 0.1298023909330368, 0.12949396669864655, 0.13001210987567902, 0.12956415116786957, 0.13079600036144257, 0.13493579626083374, 0.13167302310466766, 0.13385505974292755, 0.12948164343833923, 0.1317911297082901, 0.13040342926979065, 0.1293037086725235, 0.12930797040462494, 0.13956695795059204, 0.13017913699150085, 0.1308111846446991, 0.1303040236234665, 0.13196244835853577, 0.13193464279174805, 0.12875017523765564],