{"loss": [0.5121704339981079, 0.45727524161338806, 0.4009798765182495, 0.33407536149024963, 0.2758447825908661, 0.23186202347278595, 0.20141121745109558, 0.18027789890766144, 0.16627107560634613, 0.15499041974544525, 0.1466502696275711, 0.1416025459766388, 0.13745905458927155, 0.13393661379814148, 0.1328154057264328, 0.13007384538650513, 0.12790995836257935, 0.12694445252418518, 0.12587781250476837, 0.1243036538362503, 0.1236787885427475, 0.12308420240879059, 0.12206410616636276, 0.12258607149124146, 0.12206748872995377, 0.12088210135698318, 0.12078473716974258, 0.12094409763813019, 0.12039931863546371, 0.11960137635469437, 0.11974755674600601, 0.11962965130805969, 0.11993473023176193, 0.11819323897361755, 0.11831057071685791, 0.1187196671962738, 0.11835773289203644, 0.11922388523817062, 0.1188991367816925, 0.11861671507358551, 0.11945796757936478, 0.11785939335823059, 0.11730367690324783, 0.11832664161920547, 0.11821619421243668, 0.1186007559299469, 0.11816749721765518, 0.11799957603216171, 0.11689364165067673, 0.11822966486215591, 0.11692986637353897, 0.11708519607782364, 0.11775487661361694, 0.11685577034950256, 0.11615341901779175, 0.11644282937049866, 0.11700566858053207, 0.11588727682828903, 0.11690959334373474, 0.11674150824546814, 0.11605601757764816, 0.11671365797519684, 0.11582332104444504, 0.11694519221782684, 0.11629223078489304, 0.11577010154724121, 0.11626146733760834, 0.1160685271024704, 0.11593962460756302, 0.11669380217790604, 0.11521591991186142, 0.11615214496850967, 0.11531499773263931, 0.11516564339399338, 0.11503005027770996, 0.11554893106222153, 0.11508059501647949, 0.1157413125038147, 0.11644402891397476, 0.11580260097980499, 0.11548833549022675, 0.11486553400754929, 0.1167893260717392, 0.1158471554517746, 0.11602820456027985, 0.11502108722925186, 0.11531089246273041, 0.1182364821434021, 0.11487752944231033, 0.1150275319814682, 0.11450604349374771, 0.11461535841226578, 0.11431847512722015, 0.1151639074087143, 0.1143973171710968, 0.11402098089456558, 0.1153397262096405, 0.11526572704315186, 0.11517836898565292, 0.11426814645528793], "accuracy": [0.7901086807250977, 0.7997826337814331, 0.8007608652114868, 0.8385869860649109, 0.894565224647522, 0.9263043403625488, 0.9376087188720703, 0.9441304206848145, 0.9488043189048767, 0.9524999856948853, 0.9545652270317078, 0.9558695554733276, 0.9560869336128235, 0.9574999809265137, 0.958152174949646, 0.9583695530891418, 0.958695650100708, 0.9588043689727783, 0.9593478441238403, 0.9598913192749023, 0.959782600402832, 0.9598913192749023, 0.960326075553894, 0.9609782695770264, 0.9595652222633362, 0.9607608914375305, 0.9607608914375305, 0.9615217447280884, 0.9602174162864685, 0.9618478417396545, 0.9610869288444519, 0.9613043665885925, 0.9609782695770264, 0.9620652198791504, 0.9623913168907166, 0.9618478417396545, 0.9616304636001587, 0.9611956477165222, 0.960869550704956, 0.9618478417396545, 0.9607608914375305, 0.9613043665885925, 0.9627174139022827, 0.9613043665885925, 0.9622825980186462, 0.9605434536933899, 0.9616304636001587, 0.9617391228675842, 0.960869550704956, 0.9619565010070801, 0.9618478417396545, 0.9626086950302124, 0.9610869288444519, 0.9610869288444519, 0.9622825980186462, 0.9629347920417786, 0.9622825980186462, 0.9629347920417786, 0.9613043665885925, 0.9620652198791504, 0.9616304636001587, 0.9621739387512207, 0.9621739387512207, 0.9618478417396545, 0.9627174139022827, 0.9617391228675842, 0.9618478417396545, 0.9613043665885925, 0.9632608890533447, 0.9615217447280884, 0.9618478417396545, 0.9623913168907166, 0.9623913168907166, 0.9627174139022827, 0.9611956477165222, 0.9617391228675842, 0.9627174139022827, 0.9621739387512207, 0.9605434536933899, 0.9629347920417786, 0.9622825980186462, 0.9621739387512207, 0.9615217447280884, 0.9619565010070801, 0.9615217447280884, 0.9646739363670349, 0.9627174139022827, 0.9614130258560181, 0.9626086950302124, 0.9638043642044067, 0.9626086950302124, 0.9633695483207703, 0.9635869860649109, 0.9622825980186462, 0.9640217423439026, 0.9632608890533447, 0.9633695483207703, 0.9613043665885925, 0.9633695483207703, 0.9641304612159729], "val_loss": [0.4785712957382202, 0.43316131830215454, 0.36982524394989014, 0.3061203360557556, 0.25647667050361633, 0.22220416367053986, 0.19811536371707916, 0.18479065597057343, 0.1723174899816513, 0.16163751482963562, 0.15411919355392456, 0.14840765297412872, 0.14797379076480865, 0.14316849410533905, 0.14345355331897736, 0.13767877221107483, 0.13990004360675812, 0.1361432820558548, 0.13453952968120575, 0.1338501125574112, 0.13765130937099457, 0.1329195201396942, 0.13504430651664734, 0.1323939859867096, 0.13810405135154724, 0.13561370968818665, 0.1322041004896164, 0.13115334510803223, 0.13145147264003754, 0.13210992515087128, 0.13312174379825592, 0.13060761988162994, 0.13052338361740112, 0.13905489444732666, 0.13323095440864563, 0.13933007419109344, 0.13692930340766907, 0.13137847185134888, 0.13072673976421356, 0.13266827166080475, 0.1304795891046524, 0.13028109073638916, 0.1338147073984146, 0.1307653933763504, 0.13072821497917175, 0.1306728571653366, 0.13029436767101288, 0.1331133246421814, 0.13948597013950348, 0.13198834657669067, 0.1316368132829666, 0.13232843577861786, 0.13081932067871094, 0.13105309009552002, 0.1328662633895874, 0.13650183379650116, 0.1380607783794403, 0.1328130066394806, 0.13358324766159058, 0.1319112777709961, 0.13757026195526123, 0.1390141397714615, 0.13070565462112427, 0.13072586059570312, 0.13891944289207458, 0.13116130232810974, 0.13507770001888275, 0.130907341837883, 0.1304635852575302, 0.1305890530347824, 0.13130119442939758, 0.13100945949554443, 0.13497266173362732, 0.13281415402889252, 0.13147467374801636, 0.13051043450832367, 0.1320146918296814, 0.13081322610378265, 0.1338060051202774, 0.1306784749031067, 0.13057102262973785, 0.1352953314781189, 0.13053375482559204, 0.13115407526493073, 0.13193774223327637, 0.13277670741081238, 0.13660870492458344, 0.13140875101089478, 0.13219061493873596, 0.13132813572883606, 0.13053181767463684, 0.1309182494878769, 0.13044890761375427, 0.13531741499900818, 0.13042473793029785, 0.13170479238033295, 0.13067090511322021, 0.13532504439353943, 0.13343732059001923, 0.13052570819854736],