{"loss": [0.4876454770565033, 0.3974516987800598, 0.28114011883735657, 0.2073085606098175, 0.17210157215595245, 0.15345919132232666, 0.14229339361190796, 0.138623908162117, 0.13210362195968628, 0.13058973848819733, 0.12813076376914978, 0.1269204020500183, 0.12790325284004211, 0.12410563230514526, 0.1252417266368866, 0.12527897953987122, 0.12285842001438141, 0.12393447011709213, 0.12205705791711807, 0.12203658372163773, 0.12136583775281906, 0.12104862183332443, 0.1224934309720993, 0.12354941666126251, 0.12187639623880386, 0.12179797887802124, 0.1195334941148758, 0.12035859376192093, 0.12094777077436447, 0.12002039700746536, 0.12212162464857101, 0.12106380611658096, 0.118746817111969, 0.11884327977895737, 0.11896956712007523, 0.11977386474609375, 0.11963596194982529, 0.11859361827373505, 0.11845598369836807, 0.11867965012788773, 0.11786874383687973, 0.11757107824087143, 0.11843129247426987, 0.11976736038923264, 0.11910052597522736, 0.11569268256425858, 0.11959224194288254, 0.1190086156129837, 0.11818084865808487, 0.11916616559028625, 0.11685680598020554, 0.11766962707042694, 0.11754169315099716, 0.11979269236326218, 0.11906273663043976, 0.11758735775947571, 0.11844682693481445, 0.11827165633440018, 0.11654705554246902, 0.11728804558515549, 0.12037495523691177, 0.11596326529979706, 0.11769511550664902, 0.11990991979837418, 0.11668618768453598, 0.117397740483284, 0.11695990711450577, 0.11668018996715546, 0.11738011986017227, 0.11605474352836609, 0.11606930941343307, 0.11575744301080704, 0.11661480367183685, 0.11619391292333603, 0.11646994948387146, 0.11396801471710205, 0.1146966814994812, 0.11440409719944, 0.11673247069120407, 0.1187024861574173, 0.11394365131855011, 0.11626023054122925, 0.11520425230264664, 0.11429598927497864, 0.11493252962827682, 0.11497531831264496, 0.11491886526346207, 0.11498065292835236, 0.1158694326877594, 0.11296901851892471, 0.11563268303871155, 0.11325602978467941, 0.11467860639095306, 0.11331366747617722, 0.11423585563898087, 0.11303894221782684, 0.1138104796409607, 0.11300201714038849, 0.11347801983356476, 0.11370579153299332], "accuracy": [0.7994565367698669, 0.8104347586631775, 0.8927174210548401, 0.9345652461051941, 0.947282612323761, 0.9539130330085754, 0.9543478488922119, 0.957065224647522, 0.9584782719612122, 0.9583695530891418, 0.9590217471122742, 0.9599999785423279, 0.9580434560775757, 0.9607608914375305, 0.9601086974143982, 0.9617391228675842, 0.9611956477165222, 0.9607608914375305, 0.9604347944259644, 0.9607608914375305, 0.9596739411354065, 0.9610869288444519, 0.9619565010070801, 0.9620652198791504, 0.9604347944259644, 0.9616304636001587, 0.9617391228675842, 0.9618478417396545, 0.960869550704956, 0.9615217447280884, 0.9618478417396545, 0.9609782695770264, 0.9629347920417786, 0.9606521725654602, 0.9613043665885925, 0.9611956477165222, 0.9621739387512207, 0.9604347944259644, 0.9618478417396545, 0.960869550704956, 0.9621739387512207, 0.9632608890533447, 0.9631521701812744, 0.9624999761581421, 0.9613043665885925, 0.9624999761581421, 0.9624999761581421, 0.9616304636001587, 0.9618478417396545, 0.9616304636001587, 0.9627174139022827, 0.9617391228675842, 0.9621739387512207, 0.9624999761581421, 0.9632608890533447, 0.9624999761581421, 0.9621739387512207, 0.9615217447280884, 0.9619565010070801, 0.9631521701812744, 0.9607608914375305, 0.9633695483207703, 0.9609782695770264, 0.960326075553894, 0.9618478417396545, 0.9622825980186462, 0.9624999761581421, 0.9639130234718323, 0.9629347920417786, 0.9638043642044067, 0.9615217447280884, 0.9630434513092041, 0.9626086950302124, 0.9627174139022827, 0.9624999761581421, 0.9635869860649109, 0.9641304612159729, 0.9633695483207703, 0.9609782695770264, 0.9613043665885925, 0.9621739387512207, 0.9626086950302124, 0.9616304636001587, 0.9628260731697083, 0.9629347920417786, 0.9620652198791504, 0.9645652174949646, 0.9632608890533447, 0.9613043665885925, 0.9639130234718323, 0.9624999761581421, 0.9635869860649109, 0.9626086950302124, 0.9632608890533447, 0.9634782671928406, 0.9641304612159729, 0.9638043642044067, 0.9627174139022827, 0.9618478417396545, 0.9636956453323364], "val_loss": [0.45007410645484924, 0.34490635991096497, 0.2394651621580124, 0.1904323250055313, 0.17257317900657654, 0.15512478351593018, 0.14580713212490082, 0.14132928848266602, 0.1404002159833908, 0.13795951008796692, 0.13505347073078156, 0.1427881270647049, 0.14258822798728943, 0.13531067967414856, 0.13292190432548523, 0.13296709954738617, 0.13215027749538422, 0.1332738697528839, 0.13187849521636963, 0.13809040188789368, 0.13480353355407715, 0.1463388055562973, 0.13396793603897095, 0.13531315326690674, 0.132832333445549, 0.13098657131195068, 0.13295978307724, 0.13359253108501434, 0.131903737783432, 0.16988752782344818, 0.13156378269195557, 0.13225558400154114, 0.13257472217082977, 0.13287174701690674, 0.13082469999790192, 0.13057953119277954, 0.13281401991844177, 0.13170762360095978, 0.1353328824043274, 0.1367599219083786, 0.13205645978450775, 0.13897296786308289, 0.1327633559703827, 0.13184356689453125, 0.13123682141304016, 0.15367719531059265, 0.13057208061218262, 0.13484477996826172, 0.13278613984584808, 0.1317649930715561, 0.13259418308734894, 0.1306261569261551, 0.1303534358739853, 0.14286676049232483, 0.1307365745306015, 0.12979699671268463, 0.13266374170780182, 0.13177333772182465, 0.1303764432668686, 0.14841772615909576, 0.12940940260887146, 0.12953658401966095, 0.143459290266037, 0.12926481664180756, 0.131718248128891, 0.13032668828964233, 0.12946274876594543, 0.134548157453537, 0.13004060089588165, 0.13017095625400543, 0.12953759729862213, 0.13820524513721466, 0.1482066959142685, 0.12879186868667603, 0.12914875149726868, 0.13355350494384766, 0.13297393918037415, 0.14232322573661804, 0.14062188565731049, 0.13374300301074982, 0.12836965918540955, 0.12834636867046356, 0.13048502802848816, 0.13124766945838928, 0.13115166127681732, 0.12776607275009155, 0.1321367472410202, 0.14899280667304993, 0.12781307101249695, 0.1373465210199356, 0.12761355936527252, 0.13376383483409882, 0.13494296371936798, 0.13171349465847015, 0.12720291316509247, 0.14089062809944153, 0.14147894084453583, 0.1282823383808136, 0.1285894811153412, 0.12817974388599396],