{"loss": [0.48894456028938293, 0.4274425506591797, 0.33786386251449585, 0.25590527057647705, 0.20489613711833954, 0.17608901858329773, 0.15797241032123566, 0.14799804985523224, 0.14186325669288635, 0.1364358365535736, 0.13284948468208313, 0.13240201771259308, 0.12911362946033478, 0.1275850236415863, 0.1286112517118454, 0.12606696784496307, 0.12398464232683182, 0.12410583347082138, 0.12318059802055359, 0.12420926243066788, 0.1232222467660904, 0.12237929552793503, 0.12499230355024338, 0.1219271570444107, 0.12224803119897842, 0.12203334271907806, 0.12159845978021622, 0.12276583164930344, 0.12328342348337173, 0.12128157913684845, 0.11937279999256134, 0.1196698248386383, 0.1218610405921936, 0.11959543079137802, 0.1221223920583725, 0.12015563994646072, 0.1214025467634201, 0.12046739459037781, 0.12190909683704376, 0.11924787610769272, 0.11860452592372894, 0.12094706296920776, 0.11789239197969437, 0.11898243427276611, 0.11812477558851242, 0.11991704255342484, 0.11766824126243591, 0.11807747185230255, 0.11818336695432663, 0.11865921318531036, 0.11835884302854538, 0.11793069541454315, 0.11735925078392029, 0.11836879700422287, 0.11671597510576248, 0.11799662560224533, 0.1188124418258667, 0.11786381155252457, 0.1195322573184967, 0.11806425452232361, 0.11719381809234619, 0.11761218309402466, 0.11660260707139969, 0.11669261008501053, 0.11690250784158707, 0.11724822968244553, 0.11625916510820389, 0.1155877411365509, 0.11723879724740982, 0.11702794581651688, 0.11781895905733109, 0.11605938524007797, 0.11660457402467728, 0.11562233418226242, 0.11480427533388138, 0.11682968586683273, 0.11581500619649887, 0.11616985499858856, 0.11569203436374664, 0.11562737822532654, 0.11827719956636429, 0.11444114148616791, 0.11572816222906113, 0.11555638909339905, 0.11547266691923141, 0.11523982882499695, 0.11554225534200668, 0.1140919178724289, 0.11476179212331772, 0.11561048775911331, 0.11502275615930557, 0.11481550335884094, 0.1148107647895813, 0.11586953699588776, 0.11301565170288086, 0.11474951356649399, 0.11398714780807495, 0.11521894484758377, 0.11483845859766006, 0.11475133150815964], "accuracy": [0.7997826337814331, 0.801086962223053, 0.8390217423439026, 0.9107608795166016, 0.9351087212562561, 0.9455434679985046, 0.9516304135322571, 0.9536956548690796, 0.9551087021827698, 0.9588043689727783, 0.9591304063796997, 0.9594565033912659, 0.9573913216590881, 0.9593478441238403, 0.9584782719612122, 0.9594565033912659, 0.9613043665885925, 0.9584782719612122, 0.9602174162864685, 0.9594565033912659, 0.9607608914375305, 0.9609782695770264, 0.9602174162864685, 0.9615217447280884, 0.960326075553894, 0.9609782695770264, 0.9611956477165222, 0.9611956477165222, 0.960326075553894, 0.9606521725654602, 0.9623913168907166, 0.9617391228675842, 0.9616304636001587, 0.9623913168907166, 0.9611956477165222, 0.9628260731697083, 0.9602174162864685, 0.9611956477165222, 0.9619565010070801, 0.9616304636001587, 0.9617391228675842, 0.9611956477165222, 0.9621739387512207, 0.9617391228675842, 0.9621739387512207, 0.9619565010070801, 0.9623913168907166, 0.9632608890533447, 0.9618478417396545, 0.9621739387512207, 0.9619565010070801, 0.9609782695770264, 0.9631521701812744, 0.9609782695770264, 0.9622825980186462, 0.9619565010070801, 0.9598913192749023, 0.9616304636001587, 0.9613043665885925, 0.9633695483207703, 0.9615217447280884, 0.9623913168907166, 0.9642391204833984, 0.9635869860649109, 0.9615217447280884, 0.9622825980186462, 0.9638043642044067, 0.9628260731697083, 0.9623913168907166, 0.9622825980186462, 0.9624999761581421, 0.9623913168907166, 0.9626086950302124, 0.9630434513092041, 0.9632608890533447, 0.9627174139022827, 0.9626086950302124, 0.9629347920417786, 0.9624999761581421, 0.9634782671928406, 0.9610869288444519, 0.9630434513092041, 0.9629347920417786, 0.9623913168907166, 0.9624999761581421, 0.9624999761581421, 0.9633695483207703, 0.9647825956344604, 0.9641304612159729, 0.9620652198791504, 0.9627174139022827, 0.9636956453323364, 0.9617391228675842, 0.9628260731697083, 0.9626086950302124, 0.9619565010070801, 0.9628260731697083, 0.9622825980186462, 0.9638043642044067, 0.9628260731697083], "val_loss": [0.4628635346889496, 0.3880034387111664, 0.2961827516555786, 0.23151779174804688, 0.19317682087421417, 0.17166480422019958, 0.1589113175868988, 0.15222923457622528, 0.14731469750404358, 0.14183984696865082, 0.14414535462856293, 0.13792188465595245, 0.13667933642864227, 0.149121955037117, 0.14176705479621887, 0.13641928136348724, 0.13998788595199585, 0.1337359994649887, 0.1326228231191635, 0.13293837010860443, 0.13205315172672272, 0.1328609734773636, 0.14752152562141418, 0.1316896378993988, 0.1354226917028427, 0.13200798630714417, 0.13620513677597046, 0.13250592350959778, 0.1487952470779419, 0.13181596994400024, 0.13074061274528503, 0.13103832304477692, 0.130822092294693, 0.1299072802066803, 0.13530196249485016, 0.13020218908786774, 0.13049906492233276, 0.1302998661994934, 0.13179682195186615, 0.14185822010040283, 0.13672178983688354, 0.13255393505096436, 0.14136391878128052, 0.1309783160686493, 0.12971888482570648, 0.13159522414207458, 0.13187867403030396, 0.12962520122528076, 0.1317398101091385, 0.1317703276872635, 0.16132591664791107, 0.13003277778625488, 0.1315208524465561, 0.12905186414718628, 0.1327398121356964, 0.1382053792476654, 0.13422392308712006, 0.12999360263347626, 0.13052032887935638, 0.12993064522743225, 0.12988047301769257, 0.1289253830909729, 0.12891440093517303, 0.13359473645687103, 0.1299888789653778, 0.13205358386039734, 0.13041861355304718, 0.13396704196929932, 0.13364462554454803, 0.12901949882507324, 0.1293088048696518, 0.1324702799320221, 0.1302075833082199, 0.13194599747657776, 0.13508528470993042, 0.12834382057189941, 0.13510461151599884, 0.132400780916214, 0.1309371143579483, 0.1298111230134964, 0.12841513752937317, 0.13078267872333527, 0.1280677318572998, 0.13100945949554443, 0.1270167976617813, 0.1326989084482193, 0.12902414798736572, 0.12838627398014069, 0.12772545218467712, 0.12691739201545715, 0.12883351743221283, 0.13377657532691956, 0.13182920217514038, 0.12740465998649597, 0.12793999910354614, 0.13165850937366486, 0.12933017313480377, 0.1273132711648941, 0.12790599465370178, 0.12868832051753998],