{"loss": [0.471035897731781, 0.3509376347064972, 0.22675426304340363, 0.17320142686367035, 0.15126092731952667, 0.14145493507385254, 0.13741254806518555, 0.1327970325946808, 0.12921695411205292, 0.12797199189662933, 0.12659373879432678, 0.12463998794555664, 0.12587948143482208, 0.12533541023731232, 0.12465248256921768, 0.12365493178367615, 0.12750154733657837, 0.12453378736972809, 0.12479419261217117, 0.12574774026870728, 0.12495774030685425, 0.12269419431686401, 0.120681032538414, 0.11921562999486923, 0.12383219599723816, 0.12095090001821518, 0.12256678193807602, 0.12062723934650421, 0.12084171175956726, 0.12054380774497986, 0.11988700181245804, 0.12105187773704529, 0.12100236862897873, 0.11964166909456253, 0.12074456363916397, 0.12039991468191147, 0.12191419303417206, 0.12374986708164215, 0.12135814875364304, 0.12040775269269943, 0.11895681917667389, 0.11874362826347351, 0.12135361135005951, 0.11962282657623291, 0.11720102280378342, 0.12169769406318665, 0.11878611892461777, 0.11844518035650253, 0.1200476735830307, 0.11929105222225189, 0.12006663531064987, 0.11793292313814163, 0.11779545992612839, 0.11714887619018555, 0.12022413313388824, 0.11836699396371841, 0.11876814812421799, 0.11964153498411179, 0.11754126846790314, 0.12034804373979568, 0.11720804125070572, 0.1173686534166336, 0.11693859845399857, 0.11958880722522736, 0.11877480149269104, 0.11701925843954086, 0.11938145011663437, 0.1161833256483078, 0.12005287408828735, 0.1179468035697937, 0.11759781837463379, 0.11900901794433594, 0.11708603799343109, 0.11758124083280563, 0.11561672389507294, 0.11561226099729538, 0.11854318529367447, 0.11694906651973724, 0.11760038882493973, 0.1168961226940155, 0.11525104194879532, 0.11607229709625244, 0.1182221919298172, 0.11527816206216812, 0.11861662566661835, 0.11533249914646149, 0.11777523905038834, 0.11636629700660706, 0.11668003350496292, 0.11441116034984589, 0.11585770547389984, 0.11763345450162888, 0.11455041170120239, 0.114903524518013, 0.11526378989219666, 0.11687296628952026, 0.11622019857168198, 0.1151280403137207, 0.11433514207601547, 0.11459824442863464], "accuracy": [0.7997826337814331, 0.8305434584617615, 0.9254347681999207, 0.9463043212890625, 0.9536956548690796, 0.9568478465080261, 0.9583695530891418, 0.9572826027870178, 0.9593478441238403, 0.9604347944259644, 0.9595652222633362, 0.9604347944259644, 0.9598913192749023, 0.9599999785423279, 0.9599999785423279, 0.9604347944259644, 0.9606521725654602, 0.9594565033912659, 0.9595652222633362, 0.9604347944259644, 0.9598913192749023, 0.9610869288444519, 0.9615217447280884, 0.9620652198791504, 0.9605434536933899, 0.960326075553894, 0.9613043665885925, 0.960869550704956, 0.9602174162864685, 0.9611956477165222, 0.9614130258560181, 0.9610869288444519, 0.9601086974143982, 0.9601086974143982, 0.9613043665885925, 0.9624999761581421, 0.9609782695770264, 0.959782600402832, 0.9605434536933899, 0.9614130258560181, 0.9616304636001587, 0.9634782671928406, 0.9629347920417786, 0.9627174139022827, 0.9635869860649109, 0.960326075553894, 0.9627174139022827, 0.9623913168907166, 0.9626086950302124, 0.9624999761581421, 0.960869550704956, 0.9618478417396545, 0.9621739387512207, 0.9624999761581421, 0.9620652198791504, 0.9613043665885925, 0.9627174139022827, 0.9617391228675842, 0.9631521701812744, 0.9620652198791504, 0.9618478417396545, 0.9619565010070801, 0.9620652198791504, 0.9622825980186462, 0.960869550704956, 0.9627174139022827, 0.9605434536933899, 0.9629347920417786, 0.9615217447280884, 0.9623913168907166, 0.9630434513092041, 0.9610869288444519, 0.9629347920417786, 0.9616304636001587, 0.9630434513092041, 0.9631521701812744, 0.9621739387512207, 0.9623913168907166, 0.9631521701812744, 0.9613043665885925, 0.9638043642044067, 0.9630434513092041, 0.9614130258560181, 0.9628260731697083, 0.9619565010070801, 0.9640217423439026, 0.9618478417396545, 0.9632608890533447, 0.9635869860649109, 0.9635869860649109, 0.9626086950302124, 0.9622825980186462, 0.9624999761581421, 0.9620652198791504, 0.9619565010070801, 0.9628260731697083, 0.9622825980186462, 0.9630434513092041, 0.9648913145065308, 0.9626086950302124], "val_loss": [0.42402520775794983, 0.2767298221588135, 0.19544059038162231, 0.17759492993354797, 0.15050750970840454, 0.1450314223766327, 0.15434618294239044, 0.14090615510940552, 0.13591769337654114, 0.13799726963043213, 0.13685156404972076, 0.13643094897270203, 0.13372288644313812, 0.1355120986700058, 0.13628937304019928, 0.1359998881816864, 0.134234219789505, 0.13658516108989716, 0.1336023211479187, 0.13314460217952728, 0.13074888288974762, 0.13176514208316803, 0.1325870007276535, 0.13114884495735168, 0.13756811618804932, 0.1309645175933838, 0.13161855936050415, 0.14831864833831787, 0.13306334614753723, 0.1314740926027298, 0.1337418556213379, 0.1312503069639206, 0.13261620700359344, 0.13285194337368011, 0.13398107886314392, 0.14222721755504608, 0.13093888759613037, 0.14975740015506744, 0.13621506094932556, 0.13670289516448975, 0.1409309208393097, 0.14012622833251953, 0.13102175295352936, 0.13567546010017395, 0.13110241293907166, 0.1297214925289154, 0.1303611546754837, 0.13218088448047638, 0.13302770256996155, 0.13562433421611786, 0.13086578249931335, 0.13101854920387268, 0.14815741777420044, 0.13827502727508545, 0.1322125345468521, 0.13120311498641968, 0.13935557007789612, 0.13090378046035767, 0.1313430815935135, 0.12977196276187897, 0.1346181035041809, 0.12939117848873138, 0.14572857320308685, 0.12867821753025055, 0.1296539604663849, 0.12897250056266785, 0.1362997442483902, 0.1453295201063156, 0.1329169124364853, 0.13410380482673645, 0.1293080449104309, 0.13284346461296082, 0.12965375185012817, 0.1323755830526352, 0.13226810097694397, 0.13149063289165497, 0.12822875380516052, 0.13189716637134552, 0.12913250923156738, 0.13170070946216583, 0.127742737531662, 0.13052412867546082, 0.12769028544425964, 0.16752029955387115, 0.14248721301555634, 0.12827590107917786, 0.13808324933052063, 0.14405931532382965, 0.13106650114059448, 0.12989045679569244, 0.13546976447105408, 0.12792596220970154, 0.12992055714130402, 0.14807617664337158, 0.13305921852588654, 0.1308002918958664, 0.12641839683055878, 0.12751030921936035, 0.126062273979187, 0.1325007528066635],