{"loss": [0.5177398920059204, 0.4914385676383972, 0.4696623980998993, 0.43952685594558716, 0.40437474846839905, 0.368549108505249, 0.33246910572052, 0.30026760697364807, 0.2713830769062042, 0.24627460539340973, 0.22521619498729706, 0.2075822502374649, 0.19454321265220642, 0.18213202059268951, 0.17276321351528168, 0.1646260917186737, 0.15853561460971832, 0.15303383767604828, 0.14808763563632965, 0.1445026993751526, 0.1411866396665573, 0.13859078288078308, 0.1361461877822876, 0.13391241431236267, 0.13229338824748993, 0.13040153682231903, 0.13011950254440308, 0.12801046669483185, 0.1272975653409958, 0.1266096830368042, 0.12556028366088867, 0.12468860298395157, 0.1240667849779129, 0.12387127429246902, 0.1235520988702774, 0.12293712049722672, 0.12247791141271591, 0.12183237075805664, 0.12109217047691345, 0.12119930237531662, 0.12054139375686646, 0.12115417420864105, 0.12032897770404816, 0.12047677487134933, 0.11970245093107224, 0.11927163600921631, 0.11955010145902634, 0.11884982883930206, 0.11956614255905151, 0.11934711039066315, 0.11861127614974976, 0.11865242570638657, 0.11860685795545578, 0.11880284547805786, 0.11912308633327484, 0.11862620711326599, 0.1178070604801178, 0.11841581761837006, 0.11858650296926498, 0.11755657941102982, 0.11776548624038696, 0.1173103004693985, 0.11771216243505478, 0.11777167022228241, 0.1171371191740036, 0.11715985834598541, 0.11723212152719498, 0.11634337157011032, 0.11634799093008041, 0.11616087704896927, 0.11654075235128403, 0.11651545017957687, 0.11674655973911285, 0.11571121960878372, 0.11580614000558853, 0.11679262667894363, 0.11622685939073563, 0.11695036292076111, 0.11759503185749054, 0.1158602386713028, 0.11564420163631439, 0.11676361411809921, 0.11565008759498596, 0.11609327048063278, 0.1156253069639206, 0.11543657630681992, 0.11604201793670654, 0.1153375506401062, 0.11548249423503876, 0.11603637784719467, 0.11506211012601852, 0.11600448191165924, 0.11493197083473206, 0.11459819972515106, 0.11585194617509842, 0.11522535234689713, 0.11506664752960205, 0.11466945707798004, 0.11544730514287949, 0.11586789041757584], "accuracy": [0.7997826337814331, 0.7997826337814331, 0.7997826337814331, 0.7997826337814331, 0.8001086711883545, 0.8089130520820618, 0.8395652174949646, 0.8732608556747437, 0.897282600402832, 0.9165217280387878, 0.9254347681999207, 0.9342391490936279, 0.9398912787437439, 0.9451087117195129, 0.947826087474823, 0.9503260850906372, 0.9520652294158936, 0.9523913264274597, 0.9553260803222656, 0.9548913240432739, 0.9564130306243896, 0.9560869336128235, 0.9564130306243896, 0.9580434560775757, 0.9583695530891418, 0.9583695530891418, 0.9578260779380798, 0.9585869312286377, 0.9601086974143982, 0.9584782719612122, 0.9583695530891418, 0.9601086974143982, 0.9599999785423279, 0.9596739411354065, 0.95923912525177, 0.9604347944259644, 0.9615217447280884, 0.9595652222633362, 0.9607608914375305, 0.9607608914375305, 0.9604347944259644, 0.9596739411354065, 0.9616304636001587, 0.960326075553894, 0.9615217447280884, 0.9617391228675842, 0.9613043665885925, 0.9615217447280884, 0.9613043665885925, 0.9617391228675842, 0.9613043665885925, 0.9611956477165222, 0.9616304636001587, 0.9618478417396545, 0.9613043665885925, 0.9613043665885925, 0.9620652198791504, 0.9620652198791504, 0.9615217447280884, 0.9626086950302124, 0.9629347920417786, 0.9615217447280884, 0.9620652198791504, 0.9620652198791504, 0.9627174139022827, 0.9617391228675842, 0.9619565010070801, 0.9627174139022827, 0.9614130258560181, 0.9610869288444519, 0.9628260731697083, 0.9622825980186462, 0.9614130258560181, 0.9628260731697083, 0.9626086950302124, 0.9609782695770264, 0.9614130258560181, 0.9607608914375305, 0.9615217447280884, 0.9618478417396545, 0.9622825980186462, 0.9630434513092041, 0.9628260731697083, 0.9617391228675842, 0.9627174139022827, 0.9623913168907166, 0.9627174139022827, 0.9633695483207703, 0.9621739387512207, 0.9629347920417786, 0.9632608890533447, 0.9622825980186462, 0.9624999761581421, 0.9631521701812744, 0.9624999761581421, 0.9631521701812744, 0.9618478417396545, 0.9632608890533447, 0.9629347920417786, 0.9622825980186462], "val_loss": [0.4989981949329376, 0.4807077944278717, 0.4588465392589569, 0.42239975929260254, 0.3873986303806305, 0.3523312509059906, 0.32103145122528076, 0.29242902994155884, 0.26379069685935974, 0.24353954195976257, 0.2235168218612671, 0.20762087404727936, 0.19521355628967285, 0.18526388704776764, 0.18079037964344025, 0.16999825835227966, 0.16410747170448303, 0.16124220192432404, 0.15575306117534637, 0.15277552604675293, 0.14979547262191772, 0.14695794880390167, 0.14525924623012543, 0.14470317959785461, 0.14176329970359802, 0.14181841909885406, 0.13921812176704407, 0.13844259083271027, 0.14268101751804352, 0.13672460615634918, 0.13608059287071228, 0.1353948414325714, 0.13576754927635193, 0.1343710720539093, 0.13410356640815735, 0.13350079953670502, 0.13367104530334473, 0.13398563861846924, 0.13287273049354553, 0.1368871033191681, 0.13365331292152405, 0.1331770122051239, 0.13183864951133728, 0.13208970427513123, 0.13641045987606049, 0.13199152052402496, 0.1314833164215088, 0.13142824172973633, 0.13131484389305115, 0.1314239650964737, 0.13232073187828064, 0.13199499249458313, 0.13176262378692627, 0.13283392786979675, 0.13397356867790222, 0.13223406672477722, 0.13234393298625946, 0.13122186064720154, 0.13293318450450897, 0.13127654790878296, 0.13133835792541504, 0.13085614144802094, 0.13086871802806854, 0.13434842228889465, 0.13339893519878387, 0.13003967702388763, 0.12983426451683044, 0.1325691193342209, 0.13022762537002563, 0.13202865421772003, 0.13061745464801788, 0.13623479008674622, 0.13017156720161438, 0.13487061858177185, 0.12991982698440552, 0.12993909418582916, 0.12975256145000458, 0.13000434637069702, 0.1302976757287979, 0.13269953429698944, 0.12943103909492493, 0.1300094723701477, 0.1320592314004898, 0.13038106262683868, 0.12987543642520905, 0.12999244034290314, 0.1305502951145172, 0.13333000242710114, 0.1295645833015442, 0.1310025006532669, 0.13144637644290924, 0.1294620782136917, 0.1292545348405838, 0.1293993443250656, 0.13875216245651245, 0.1295015662908554, 0.12922972440719604, 0.13037024438381195, 0.12942485511302948, 0.12917935848236084],