{"loss": [0.4856621026992798, 0.38825520873069763, 0.2690199017524719, 0.20007294416427612, 0.1706950068473816, 0.15179520845413208, 0.14243310689926147, 0.136831596493721, 0.13227330148220062, 0.13114483654499054, 0.12908457219600677, 0.12825974822044373, 0.12664109468460083, 0.12709356844425201, 0.12565390765666962, 0.12612588703632355, 0.12648385763168335, 0.12384705990552902, 0.12420205771923065, 0.12403691560029984, 0.12236014008522034, 0.12200199067592621, 0.1214626282453537, 0.12125631421804428, 0.12179103493690491, 0.12128018587827682, 0.12221379578113556, 0.1211279034614563, 0.12055365741252899, 0.12108360230922699, 0.12113058567047119, 0.12155808508396149, 0.12079445272684097, 0.1228598952293396, 0.12137535959482193, 0.12044141441583633, 0.12205741554498672, 0.12062839418649673, 0.12052632123231888, 0.12091141194105148, 0.12300874292850494, 0.11926520615816116, 0.11952275782823563, 0.12058135867118835, 0.11851395666599274, 0.11997160315513611, 0.12111073732376099, 0.12061851471662521, 0.11903532594442368, 0.11967822164297104, 0.1187499463558197, 0.11848446726799011, 0.11857275664806366, 0.11848979443311691, 0.11973968148231506, 0.11905784159898758, 0.11943856626749039, 0.11802688241004944, 0.11962324380874634, 0.11921307444572449, 0.11842923611402512, 0.12392299622297287, 0.11864437907934189, 0.11849825829267502, 0.11838555335998535, 0.11827721446752548, 0.11774619668722153, 0.11828617006540298, 0.11868753284215927, 0.12107553333044052, 0.11729136854410172, 0.1171012669801712, 0.11834309250116348, 0.12223122268915176, 0.11684203892946243, 0.11783914268016815, 0.11774007976055145, 0.11795220524072647, 0.11733482033014297, 0.11738582700490952, 0.11899947375059128, 0.11745323985815048, 0.11676494777202606, 0.11676378548145294, 0.11655358225107193, 0.11682870984077454, 0.11790718138217926, 0.1177344024181366, 0.11648466438055038, 0.11624959856271744, 0.11692945659160614, 0.11725616455078125, 0.11679574847221375, 0.11622937768697739, 0.11626037955284119, 0.11657994985580444, 0.11518064886331558, 0.11691812425851822, 0.11645956337451935, 0.11724455654621124], "accuracy": [0.800000011920929, 0.8134782314300537, 0.8995652198791504, 0.9388043284416199, 0.9485869407653809, 0.9541304111480713, 0.9561956524848938, 0.9572826027870178, 0.9563043713569641, 0.9572826027870178, 0.9598913192749023, 0.9601086974143982, 0.9590217471122742, 0.9599999785423279, 0.958152174949646, 0.9601086974143982, 0.960326075553894, 0.9606521725654602, 0.9611956477165222, 0.9595652222633362, 0.9614130258560181, 0.9609782695770264, 0.9604347944259644, 0.9626086950302124, 0.9617391228675842, 0.9616304636001587, 0.9615217447280884, 0.9624999761581421, 0.9622825980186462, 0.9604347944259644, 0.9619565010070801, 0.9619565010070801, 0.9614130258560181, 0.9610869288444519, 0.9615217447280884, 0.9609782695770264, 0.9611956477165222, 0.9617391228675842, 0.9615217447280884, 0.9618478417396545, 0.960326075553894, 0.9629347920417786, 0.9626086950302124, 0.9621739387512207, 0.9632608890533447, 0.9619565010070801, 0.9615217447280884, 0.9618478417396545, 0.9623913168907166, 0.9623913168907166, 0.9623913168907166, 0.9624999761581421, 0.9622825980186462, 0.9621739387512207, 0.9621739387512207, 0.9621739387512207, 0.9621739387512207, 0.9629347920417786, 0.9621739387512207, 0.9633695483207703, 0.9627174139022827, 0.9611956477165222, 0.9626086950302124, 0.9627174139022827, 0.9624999761581421, 0.9626086950302124, 0.9613043665885925, 0.960326075553894, 0.9620652198791504, 0.9619565010070801, 0.9643478393554688, 0.9624999761581421, 0.9619565010070801, 0.9618478417396545, 0.9628260731697083, 0.9623913168907166, 0.9614130258560181, 0.9620652198791504, 0.9629347920417786, 0.9623913168907166, 0.9610869288444519, 0.9617391228675842, 0.9613043665885925, 0.9624999761581421, 0.9629347920417786, 0.9628260731697083, 0.9630434513092041, 0.9617391228675842, 0.9626086950302124, 0.9627174139022827, 0.9609782695770264, 0.9630434513092041, 0.9640217423439026, 0.9624999761581421, 0.9627174139022827, 0.9620652198791504, 0.9642391204833984, 0.9624999761581421, 0.9630434513092041, 0.9629347920417786], "val_loss": [0.4529753625392914, 0.32445958256721497, 0.23331695795059204, 0.18677620589733124, 0.16702327132225037, 0.1548675000667572, 0.14833113551139832, 0.1468675583600998, 0.1415606141090393, 0.13760906457901, 0.13901197910308838, 0.13590167462825775, 0.1368103176355362, 0.14759227633476257, 0.13595892488956451, 0.13877584040164948, 0.14037787914276123, 0.1356840878725052, 0.1330828219652176, 0.13303911685943604, 0.13268862664699554, 0.13432852923870087, 0.1329730600118637, 0.1346367448568344, 0.13459698855876923, 0.14341212809085846, 0.1418333500623703, 0.13168148696422577, 0.13479727506637573, 0.13816888630390167, 0.13361237943172455, 0.13241896033287048, 0.13686314225196838, 0.1406068503856659, 0.13275639712810516, 0.1323252022266388, 0.13366064429283142, 0.1321960836648941, 0.1315944939851761, 0.1329459249973297, 0.14168064296245575, 0.13349637389183044, 0.13271526992321014, 0.13628478348255157, 0.13571640849113464, 0.13227778673171997, 0.13244149088859558, 0.14887255430221558, 0.13312555849552155, 0.1315637230873108, 0.14518490433692932, 0.1347178965806961, 0.13155525922775269, 0.13755939900875092, 0.13589195907115936, 0.1459483802318573, 0.13162295520305634, 0.14869537949562073, 0.1403755098581314, 0.1315700113773346, 0.13712532818317413, 0.12996965646743774, 0.1318388283252716, 0.13721978664398193, 0.13184460997581482, 0.1302952766418457, 0.13252316415309906, 0.13395355641841888, 0.13931363821029663, 0.1294991672039032, 0.12933804094791412, 0.13116084039211273, 0.14648933708667755, 0.13471539318561554, 0.14752478897571564, 0.13119442760944366, 0.1309332698583603, 0.14206665754318237, 0.13162483274936676, 0.13182146847248077, 0.1293751746416092, 0.1329670250415802, 0.13058732450008392, 0.15402807295322418, 0.13373959064483643, 0.13112378120422363, 0.1300235390663147, 0.13207191228866577, 0.13769133388996124, 0.1343134492635727, 0.13125215470790863, 0.13028044998645782, 0.1386772096157074, 0.13069403171539307, 0.13337427377700806, 0.13010664284229279, 0.12933467328548431, 0.13891474902629852, 0.1303279846906662, 0.1328708678483963],