{"loss": [0.5215533375740051, 0.47674140334129333, 0.44507819414138794, 0.39561766386032104, 0.34026700258255005, 0.2900340259075165, 0.24994678795337677, 0.21929599344730377, 0.19771170616149902, 0.18051189184188843, 0.1682874858379364, 0.15924441814422607, 0.15240147709846497, 0.1465941071510315, 0.14331412315368652, 0.13948488235473633, 0.1361892819404602, 0.13369642198085785, 0.13217879831790924, 0.13138175010681152, 0.12873828411102295, 0.12806814908981323, 0.126846581697464, 0.12567374110221863, 0.12487436085939407, 0.12509091198444366, 0.12316247075796127, 0.12291737645864487, 0.12355491518974304, 0.12231630086898804, 0.12205389887094498, 0.12119314074516296, 0.12209345400333405, 0.12084745615720749, 0.12100525200366974, 0.12089446932077408, 0.12035142630338669, 0.11988432705402374, 0.11952600628137589, 0.11954666674137115, 0.11939676105976105, 0.11906815320253372, 0.11973655223846436, 0.11951716244220734, 0.11885539442300797, 0.11893685907125473, 0.11841985583305359, 0.11849571019411087, 0.11797560006380081, 0.11758983135223389, 0.11824288964271545, 0.11780452728271484, 0.11826839298009872, 0.11770758777856827, 0.1173427402973175, 0.11754266172647476, 0.11677531152963638, 0.1170433759689331, 0.11712503433227539, 0.11682436615228653, 0.11671293526887894, 0.11667308211326599, 0.11701720207929611, 0.11685598641633987, 0.11752304434776306, 0.11640992760658264, 0.11697711795568466, 0.11625368893146515, 0.11651068925857544, 0.11577754467725754, 0.1168874204158783, 0.11799301952123642, 0.11632758378982544, 0.11691868305206299, 0.11743748933076859, 0.11705358326435089, 0.1163966953754425, 0.11513800919055939, 0.11573110520839691, 0.11608687788248062, 0.11672822386026382, 0.11473299562931061, 0.11684191972017288, 0.11673667281866074, 0.11542060226202011, 0.11595702916383743, 0.11563951522111893, 0.11649210751056671, 0.11644073575735092, 0.11602064222097397, 0.11533226817846298, 0.11609535664319992, 0.11468927562236786, 0.11509186774492264, 0.11533766984939575, 0.11529790610074997, 0.11482112854719162, 0.11592058092355728, 0.11507757008075714, 0.11488238722085953], "accuracy": [0.7805435061454773, 0.7997826337814331, 0.7997826337814331, 0.8007608652114868, 0.8297826051712036, 0.8822826147079468, 0.9134782552719116, 0.928804337978363, 0.939673900604248, 0.9452173709869385, 0.9493478536605835, 0.9527173638343811, 0.9534782767295837, 0.9548913240432739, 0.9568478465080261, 0.95652174949646, 0.9560869336128235, 0.9584782719612122, 0.9585869312286377, 0.958152174949646, 0.9569565057754517, 0.95923912525177, 0.9584782719612122, 0.9590217471122742, 0.959782600402832, 0.9605434536933899, 0.9601086974143982, 0.9606521725654602, 0.9595652222633362, 0.9601086974143982, 0.9606521725654602, 0.9611956477165222, 0.9605434536933899, 0.9599999785423279, 0.9605434536933899, 0.9606521725654602, 0.9604347944259644, 0.960869550704956, 0.9611956477165222, 0.9595652222633362, 0.9618478417396545, 0.9611956477165222, 0.9617391228675842, 0.9614130258560181, 0.9613043665885925, 0.9616304636001587, 0.9618478417396545, 0.9620652198791504, 0.9619565010070801, 0.9621739387512207, 0.9626086950302124, 0.9616304636001587, 0.9613043665885925, 0.9622825980186462, 0.9620652198791504, 0.9604347944259644, 0.9620652198791504, 0.9626086950302124, 0.9624999761581421, 0.9615217447280884, 0.9629347920417786, 0.9628260731697083, 0.9611956477165222, 0.9620652198791504, 0.9617391228675842, 0.9630434513092041, 0.9615217447280884, 0.9619565010070801, 0.9618478417396545, 0.9629347920417786, 0.9632608890533447, 0.9617391228675842, 0.9615217447280884, 0.9621739387512207, 0.9630434513092041, 0.9624999761581421, 0.9626086950302124, 0.9629347920417786, 0.9618478417396545, 0.9626086950302124, 0.9619565010070801, 0.9632608890533447, 0.9627174139022827, 0.9623913168907166, 0.9621739387512207, 0.9614130258560181, 0.9635869860649109, 0.9626086950302124, 0.9626086950302124, 0.9634782671928406, 0.9629347920417786, 0.9622825980186462, 0.9620652198791504, 0.9631521701812744, 0.9613043665885925, 0.9628260731697083, 0.9624999761581421, 0.9624999761581421, 0.9635869860649109, 0.9626086950302124], "val_loss": [0.4858139157295227, 0.46331387758255005, 0.4223776161670685, 0.36847853660583496, 0.3160223364830017, 0.27589529752731323, 0.23774632811546326, 0.2205176204442978, 0.19397616386413574, 0.18228261172771454, 0.17036379873752594, 0.16229839622974396, 0.15665549039840698, 0.1519268900156021, 0.1482050120830536, 0.1478034108877182, 0.14428192377090454, 0.14252056181430817, 0.13969388604164124, 0.1380537748336792, 0.13695737719535828, 0.1361171156167984, 0.13523750007152557, 0.13560956716537476, 0.13396486639976501, 0.13503514230251312, 0.1331436187028885, 0.14362946152687073, 0.1342293918132782, 0.1339188516139984, 0.13205121457576752, 0.1322234719991684, 0.13247279822826385, 0.13699808716773987, 0.13131941854953766, 0.13668550550937653, 0.13219229876995087, 0.13080938160419464, 0.13069696724414825, 0.13080282509326935, 0.13075505197048187, 0.13008937239646912, 0.1313152313232422, 0.1296265721321106, 0.1300494372844696, 0.13059577345848083, 0.13253256678581238, 0.1312924176454544, 0.12914861738681793, 0.1300404667854309, 0.1313980668783188, 0.12937338650226593, 0.12926101684570312, 0.13446097075939178, 0.13013990223407745, 0.12901656329631805, 0.12985113263130188, 0.1290886104106903, 0.13049264252185822, 0.1286916583776474, 0.12880222499370575, 0.12879030406475067, 0.12900030612945557, 0.12955015897750854, 0.12881805002689362, 0.12916602194309235, 0.1302751898765564, 0.13680748641490936, 0.12799039483070374, 0.12854230403900146, 0.1286482810974121, 0.12898369133472443, 0.12875697016716003, 0.130591481924057, 0.12880007922649384, 0.13163158297538757, 0.1288256198167801, 0.12970632314682007, 0.12873870134353638, 0.12891338765621185, 0.13031992316246033, 0.131954163312912, 0.13241223990917206, 0.13665521144866943, 0.1319514662027359, 0.13105332851409912, 0.12985247373580933, 0.1328098475933075, 0.1314137876033783, 0.13218462467193604, 0.13908317685127258, 0.1297781616449356, 0.1290762722492218, 0.13023298978805542, 0.128638356924057, 0.1289755403995514, 0.1298813819885254, 0.13512152433395386, 0.1325315684080124, 0.12904351949691772],