{"loss": [0.4819897413253784, 0.36418333649635315, 0.24492760002613068, 0.18352805078029633, 0.15767668187618256, 0.14527608454227448, 0.1381988823413849, 0.13281626999378204, 0.12899181246757507, 0.12978844344615936, 0.12682178616523743, 0.12840735912322998, 0.12479947507381439, 0.12580303847789764, 0.12562096118927002, 0.12654007971286774, 0.12238794565200806, 0.12297022342681885, 0.12233105301856995, 0.12152356654405594, 0.12189487367868423, 0.12189357727766037, 0.1216481626033783, 0.12209468334913254, 0.12275940179824829, 0.12149114161729813, 0.11987417191267014, 0.11987756937742233, 0.11986654251813889, 0.1217072457075119, 0.11983789503574371, 0.1207645833492279, 0.11951068043708801, 0.11933129280805588, 0.11927617341279984, 0.11858057230710983, 0.12027548253536224, 0.1199650913476944, 0.1193772405385971, 0.12147994339466095, 0.1189289391040802, 0.12085814028978348, 0.12105812132358551, 0.11784189194440842, 0.12251480668783188, 0.11898953467607498, 0.1190464198589325, 0.1181952953338623, 0.11814248561859131, 0.11722666770219803, 0.11770238727331161, 0.11636687070131302, 0.11855629086494446, 0.11895688623189926, 0.11718834936618805, 0.1195186972618103, 0.11716124415397644, 0.11708807945251465, 0.11979816108942032, 0.11833970993757248, 0.11774847656488419, 0.1202985942363739, 0.1186688244342804, 0.11806916445493698, 0.1169411689043045, 0.11803014576435089, 0.11855922639369965, 0.11786270886659622, 0.117632195353508, 0.1183219850063324, 0.11861012130975723, 0.11888392269611359, 0.11812467128038406, 0.11669398844242096, 0.1172322928905487, 0.11632324010133743, 0.11557890474796295, 0.11628017574548721, 0.11715959757566452, 0.11801241338253021, 0.11529680341482162, 0.11797992140054703, 0.11702153831720352, 0.11725053936243057, 0.11766926944255829, 0.11491113901138306, 0.11750523000955582, 0.11649460345506668, 0.11697953194379807, 0.11448908597230911, 0.11549056321382523, 0.11539211124181747, 0.11755124479532242, 0.11784663796424866, 0.11751838773488998, 0.1144966334104538, 0.11596694588661194, 0.11491423100233078, 0.11582639068365097, 0.11834070831537247], "accuracy": [0.7921739220619202, 0.8289130330085754, 0.9166304469108582, 0.9444565176963806, 0.9538043737411499, 0.9542391300201416, 0.9569565057754517, 0.9577174186706543, 0.9589130282402039, 0.9584782719612122, 0.959782600402832, 0.9583695530891418, 0.9595652222633362, 0.9588043689727783, 0.960326075553894, 0.9593478441238403, 0.9617391228675842, 0.9611956477165222, 0.9596739411354065, 0.9611956477165222, 0.9624999761581421, 0.9599999785423279, 0.9613043665885925, 0.9606521725654602, 0.9607608914375305, 0.9611956477165222, 0.9606521725654602, 0.9622825980186462, 0.9613043665885925, 0.9595652222633362, 0.9628260731697083, 0.9611956477165222, 0.9623913168907166, 0.9628260731697083, 0.9604347944259644, 0.9622825980186462, 0.9605434536933899, 0.9610869288444519, 0.9633695483207703, 0.9605434536933899, 0.9627174139022827, 0.9602174162864685, 0.95923912525177, 0.9620652198791504, 0.9604347944259644, 0.9618478417396545, 0.960869550704956, 0.9623913168907166, 0.9619565010070801, 0.9639130234718323, 0.9627174139022827, 0.9623913168907166, 0.9606521725654602, 0.9622825980186462, 0.9628260731697083, 0.9614130258560181, 0.9628260731697083, 0.9626086950302124, 0.9621739387512207, 0.9616304636001587, 0.9629347920417786, 0.9613043665885925, 0.9611956477165222, 0.9615217447280884, 0.9626086950302124, 0.9626086950302124, 0.9622825980186462, 0.9620652198791504, 0.9615217447280884, 0.9611956477165222, 0.9611956477165222, 0.9621739387512207, 0.9614130258560181, 0.9635869860649109, 0.9621739387512207, 0.9626086950302124, 0.9623913168907166, 0.9631521701812744, 0.9632608890533447, 0.9609782695770264, 0.9621739387512207, 0.960869550704956, 0.9604347944259644, 0.9615217447280884, 0.9627174139022827, 0.9626086950302124, 0.9613043665885925, 0.9618478417396545, 0.9622825980186462, 0.9626086950302124, 0.9628260731697083, 0.9623913168907166, 0.9615217447280884, 0.9621739387512207, 0.9623913168907166, 0.9631521701812744, 0.9628260731697083, 0.9630434513092041, 0.9624999761581421, 0.9631521701812744], "val_loss": [0.43244585394859314, 0.2955377399921417, 0.22188495099544525, 0.18973152339458466, 0.1594274789094925, 0.15788444876670837, 0.1433473378419876, 0.13999271392822266, 0.1509033739566803, 0.14146363735198975, 0.13862182199954987, 0.13813407719135284, 0.14369313418865204, 0.14260515570640564, 0.15831908583641052, 0.13293218612670898, 0.14071914553642273, 0.1324726641178131, 0.13276629149913788, 0.13242028653621674, 0.1377691775560379, 0.13197797536849976, 0.14084479212760925, 0.13172927498817444, 0.13256551325321198, 0.1318589150905609, 0.14324676990509033, 0.13820286095142365, 0.14346596598625183, 0.13655444979667664, 0.14858558773994446, 0.13219904899597168, 0.13155458867549896, 0.13350529968738556, 0.13539351522922516, 0.13196051120758057, 0.13173028826713562, 0.1322181075811386, 0.13193035125732422, 0.14839518070220947, 0.13652284443378448, 0.1319544017314911, 0.1350996047258377, 0.13858576118946075, 0.13231118023395538, 0.1329847276210785, 0.1737235188484192, 0.1319190412759781, 0.13077135384082794, 0.1308235228061676, 0.14124268293380737, 0.1322273313999176, 0.13137276470661163, 0.13468359410762787, 0.13589148223400116, 0.1348741054534912, 0.1341090351343155, 0.13531069457530975, 0.13163749873638153, 0.13002163171768188, 0.1303112804889679, 0.1355966329574585, 0.13703826069831848, 0.13878892362117767, 0.1302078664302826, 0.13235613703727722, 0.1310712993144989, 0.1326555460691452, 0.1298644244670868, 0.13013257086277008, 0.13107438385486603, 0.13000266253948212, 0.13412469625473022, 0.137868270277977, 0.13028129935264587, 0.1305171400308609, 0.1388058215379715, 0.12914212048053741, 0.1313256174325943, 0.13187983632087708, 0.1292160600423813, 0.13510748744010925, 0.13113883137702942, 0.13070648908615112, 0.1392151266336441, 0.13326692581176758, 0.1299290508031845, 0.16372162103652954, 0.13134945929050446, 0.14477390050888062, 0.1288125216960907, 0.13269132375717163, 0.13140828907489777, 0.12895135581493378, 0.13252535462379456, 0.1273418515920639, 0.1289212554693222, 0.12898701429367065, 0.14328458905220032, 0.13506293296813965],