{"loss": [0.5295199751853943, 0.4891568124294281, 0.46309617161750793, 0.4104701280593872, 0.3466089069843292, 0.28742173314094543, 0.2438189685344696, 0.21026748418807983, 0.18894056975841522, 0.17269708216190338, 0.1618124395608902, 0.1530434787273407, 0.14676804840564728, 0.14253604412078857, 0.1394459456205368, 0.13606546819210052, 0.13369862735271454, 0.13284024596214294, 0.13000664114952087, 0.1283712238073349, 0.12766526639461517, 0.1262282431125641, 0.12502209842205048, 0.12467929720878601, 0.12420523166656494, 0.12363144755363464, 0.12344945222139359, 0.12259514629840851, 0.12235037237405777, 0.12223856896162033, 0.12197083979845047, 0.1208188384771347, 0.12274584174156189, 0.12157513201236725, 0.12140167504549026, 0.12016887962818146, 0.11996957659721375, 0.11988162994384766, 0.12026950716972351, 0.12068633735179901, 0.11981675028800964, 0.1189342588186264, 0.11849479377269745, 0.12011486291885376, 0.11846189945936203, 0.11846259236335754, 0.11800502240657806, 0.11964909732341766, 0.11938391625881195, 0.11797366291284561, 0.11869589239358902, 0.11826974898576736, 0.11939491331577301, 0.11851631850004196, 0.11791632324457169, 0.11753906309604645, 0.11735118180513382, 0.11783968657255173, 0.11825418472290039, 0.1178436428308487, 0.11702634394168854, 0.11860177665948868, 0.11918480694293976, 0.11710044741630554, 0.11766448616981506, 0.11659830063581467, 0.11720044910907745, 0.11602833867073059, 0.11710940301418304, 0.11658518761396408, 0.11634014546871185, 0.11711424589157104, 0.11759357154369354, 0.11655732244253159, 0.11616577208042145, 0.11630356311798096, 0.11598341912031174, 0.11648304760456085, 0.11565344780683517, 0.11623197048902512, 0.11688456684350967, 0.11827907711267471, 0.11635918915271759, 0.11569606512784958, 0.11675722897052765, 0.1157648116350174, 0.11594713479280472, 0.11538490653038025, 0.11517998576164246, 0.11574739962816238, 0.11526559293270111, 0.11601877212524414, 0.11507019400596619, 0.11560177803039551, 0.11593548208475113, 0.11580533534288406, 0.11517852544784546, 0.11484412103891373, 0.11464640498161316, 0.11545676738023758], "accuracy": [0.7678260803222656, 0.7997826337814331, 0.7997826337814331, 0.8004347681999207, 0.8302174210548401, 0.8868478536605835, 0.9167391061782837, 0.9339130520820618, 0.9413043260574341, 0.947282612323761, 0.9506521821022034, 0.9523913264274597, 0.9543478488922119, 0.95652174949646, 0.9558695554733276, 0.9580434560775757, 0.9568478465080261, 0.9573913216590881, 0.9582608938217163, 0.9595652222633362, 0.9588043689727783, 0.9602174162864685, 0.9593478441238403, 0.958695650100708, 0.9588043689727783, 0.9605434536933899, 0.9596739411354065, 0.9604347944259644, 0.9598913192749023, 0.9602174162864685, 0.959782600402832, 0.9613043665885925, 0.959782600402832, 0.9607608914375305, 0.9599999785423279, 0.9605434536933899, 0.9614130258560181, 0.9605434536933899, 0.9605434536933899, 0.9618478417396545, 0.960869550704956, 0.9615217447280884, 0.9618478417396545, 0.9611956477165222, 0.9615217447280884, 0.9621739387512207, 0.9615217447280884, 0.9613043665885925, 0.9610869288444519, 0.9613043665885925, 0.9619565010070801, 0.9619565010070801, 0.9610869288444519, 0.9611956477165222, 0.9616304636001587, 0.9616304636001587, 0.9618478417396545, 0.9616304636001587, 0.9619565010070801, 0.9624999761581421, 0.9613043665885925, 0.9611956477165222, 0.9619565010070801, 0.9621739387512207, 0.9624999761581421, 0.9628260731697083, 0.9619565010070801, 0.9631521701812744, 0.9633695483207703, 0.9616304636001587, 0.9630434513092041, 0.9630434513092041, 0.9616304636001587, 0.9626086950302124, 0.9622825980186462, 0.9624999761581421, 0.9638043642044067, 0.9619565010070801, 0.9617391228675842, 0.9626086950302124, 0.9622825980186462, 0.9611956477165222, 0.9632608890533447, 0.9619565010070801, 0.9629347920417786, 0.9629347920417786, 0.9624999761581421, 0.9620652198791504, 0.9628260731697083, 0.9630434513092041, 0.9636956453323364, 0.9629347920417786, 0.9618478417396545, 0.9622825980186462, 0.9624999761581421, 0.9626086950302124, 0.9631521701812744, 0.9632608890533447, 0.9622825980186462, 0.9626086950302124], "val_loss": [0.4960217773914337, 0.4793645441532135, 0.44015437364578247, 0.3847239911556244, 0.3172081410884857, 0.2773027718067169, 0.23022229969501495, 0.20626786351203918, 0.1890636682510376, 0.17387452721595764, 0.16436819732189178, 0.15880095958709717, 0.15236803889274597, 0.15441492199897766, 0.14569880068302155, 0.1433943808078766, 0.14343038201332092, 0.1428460329771042, 0.13936516642570496, 0.138039231300354, 0.13751518726348877, 0.1357172280550003, 0.13501191139221191, 0.13530342280864716, 0.1365172415971756, 0.14630569517612457, 0.13992543518543243, 0.13351555168628693, 0.13270775973796844, 0.132624089717865, 0.13277693092823029, 0.14053688943386078, 0.13575544953346252, 0.1383017748594284, 0.13181640207767487, 0.1362132579088211, 0.13211692869663239, 0.13185515999794006, 0.13205572962760925, 0.13527044653892517, 0.13480819761753082, 0.1311078667640686, 0.13227814435958862, 0.1374559849500656, 0.13383802771568298, 0.13273309171199799, 0.1315544843673706, 0.13968898355960846, 0.13087238371372223, 0.1315661370754242, 0.1314345896244049, 0.13112542033195496, 0.13248510658740997, 0.1316506415605545, 0.13396529853343964, 0.1309570074081421, 0.13097062706947327, 0.1334182769060135, 0.1310524344444275, 0.13397197425365448, 0.13310211896896362, 0.13187074661254883, 0.1309659481048584, 0.13458041846752167, 0.13307137787342072, 0.1305447667837143, 0.13116830587387085, 0.13093960285186768, 0.131147563457489, 0.13243338465690613, 0.13397015631198883, 0.13445110619068146, 0.1338181048631668, 0.13112713396549225, 0.13253135979175568, 0.1315239816904068, 0.1307631880044937, 0.1309080272912979, 0.1309717744588852, 0.13115137815475464, 0.1308678239583969, 0.13083699345588684, 0.13158820569515228, 0.13723459839820862, 0.13066847622394562, 0.13795554637908936, 0.13076405227184296, 0.13093847036361694, 0.13116787374019623, 0.13143786787986755, 0.13274912536144257, 0.13121964037418365, 0.1311175674200058, 0.13154280185699463, 0.13326787948608398, 0.145027294754982, 0.13408681750297546, 0.13223226368427277, 0.13505017757415771, 0.13109952211380005],