{"loss": [0.4793285131454468, 0.36149725317955017, 0.24092574417591095, 0.18284057080745697, 0.15633957087993622, 0.14533832669258118, 0.13875186443328857, 0.1336282193660736, 0.13225452601909637, 0.12993863224983215, 0.12795832753181458, 0.1281449794769287, 0.12747935950756073, 0.12614324688911438, 0.12615667283535004, 0.12426769733428955, 0.12643451988697052, 0.12510184943675995, 0.12341415882110596, 0.12291234731674194, 0.12364573776721954, 0.12370721995830536, 0.12297843396663666, 0.12225194275379181, 0.12269317358732224, 0.12134171277284622, 0.12249810248613358, 0.12005171924829483, 0.12281542271375656, 0.12026826292276382, 0.1203024685382843, 0.12065545469522476, 0.12206419557332993, 0.12152339518070221, 0.12181872874498367, 0.12102507054805756, 0.12112683802843094, 0.11888980865478516, 0.11789500713348389, 0.11975417286157608, 0.12023283541202545, 0.12071818113327026, 0.11986090987920761, 0.12016025930643082, 0.12038134038448334, 0.12151678651571274, 0.12065724283456802, 0.11925722658634186, 0.11943542212247849, 0.12127543240785599, 0.11896711587905884, 0.11954734474420547, 0.11719536781311035, 0.1204669177532196, 0.11789676547050476, 0.12157156318426132, 0.1174105554819107, 0.12150804698467255, 0.12040044367313385, 0.11620906740427017, 0.11654333770275116, 0.11713974922895432, 0.11620324105024338, 0.1186303049325943, 0.11756069213151932, 0.11786237359046936, 0.11632650345563889, 0.11927066743373871, 0.12088389694690704, 0.1157739907503128, 0.1170261949300766, 0.11612855643033981, 0.11639764159917831, 0.11669034510850906, 0.11684174835681915, 0.11631669849157333, 0.11691797524690628, 0.11542139202356339, 0.11583469808101654, 0.11642834544181824, 0.11598896980285645, 0.11629345268011093, 0.11521833389997482, 0.11577092856168747, 0.11722421646118164, 0.11708539724349976, 0.11705168336629868, 0.116452157497406, 0.11495519429445267, 0.11428628861904144, 0.11657781153917313, 0.11429951339960098, 0.1128251850605011, 0.11437653750181198, 0.11540764570236206, 0.1166459321975708, 0.1152934581041336, 0.1147182285785675, 0.11282491683959961, 0.11549470573663712], "accuracy": [0.7976086735725403, 0.8277173638343811, 0.9183695912361145, 0.9446738958358765, 0.9526087045669556, 0.9555434584617615, 0.957065224647522, 0.9582608938217163, 0.958695650100708, 0.9566304087638855, 0.9584782719612122, 0.9595652222633362, 0.9573913216590881, 0.9599999785423279, 0.9598913192749023, 0.9601086974143982, 0.9596739411354065, 0.9616304636001587, 0.9604347944259644, 0.9615217447280884, 0.9595652222633362, 0.9595652222633362, 0.9624999761581421, 0.9609782695770264, 0.9598913192749023, 0.9607608914375305, 0.9598913192749023, 0.9624999761581421, 0.9614130258560181, 0.9609782695770264, 0.960869550704956, 0.9611956477165222, 0.9611956477165222, 0.960326075553894, 0.9599999785423279, 0.9614130258560181, 0.9611956477165222, 0.9623913168907166, 0.9609782695770264, 0.9629347920417786, 0.960869550704956, 0.9613043665885925, 0.9609782695770264, 0.9604347944259644, 0.9611956477165222, 0.9615217447280884, 0.9618478417396545, 0.9622825980186462, 0.9632608890533447, 0.9614130258560181, 0.9630434513092041, 0.9614130258560181, 0.9627174139022827, 0.9631521701812744, 0.9619565010070801, 0.9614130258560181, 0.9624999761581421, 0.9618478417396545, 0.9629347920417786, 0.9632608890533447, 0.9632608890533447, 0.9622825980186462, 0.9638043642044067, 0.9620652198791504, 0.9630434513092041, 0.9621739387512207, 0.9618478417396545, 0.9626086950302124, 0.9616304636001587, 0.9629347920417786, 0.9617391228675842, 0.9631521701812744, 0.9619565010070801, 0.9614130258560181, 0.9618478417396545, 0.9618478417396545, 0.9617391228675842, 0.9635869860649109, 0.9641304612159729, 0.9621739387512207, 0.9623913168907166, 0.9627174139022827, 0.9627174139022827, 0.9627174139022827, 0.9623913168907166, 0.9630434513092041, 0.9619565010070801, 0.9613043665885925, 0.9641304612159729, 0.9634782671928406, 0.9623913168907166, 0.9638043642044067, 0.9644564986228943, 0.9645652174949646, 0.9623913168907166, 0.9626086950302124, 0.9623913168907166, 0.9635869860649109, 0.9630434513092041, 0.9613043665885925], "val_loss": [0.433106392621994, 0.3086288869380951, 0.2061571478843689, 0.2008480280637741, 0.15823903679847717, 0.15029767155647278, 0.14347457885742188, 0.14316271245479584, 0.1504778116941452, 0.14858800172805786, 0.13516812026500702, 0.13471627235412598, 0.1358470320701599, 0.1408911794424057, 0.1336672306060791, 0.13470563292503357, 0.13251887261867523, 0.13328538835048676, 0.13375814259052277, 0.13438519835472107, 0.1317741572856903, 0.1485608071088791, 0.15496203303337097, 0.1381019949913025, 0.1392602175474167, 0.14148855209350586, 0.13231658935546875, 0.13392877578735352, 0.134397953748703, 0.13351412117481232, 0.13201533257961273, 0.13293807208538055, 0.13088494539260864, 0.13174384832382202, 0.14322061836719513, 0.13970713317394257, 0.13340367376804352, 0.1459561437368393, 0.155937060713768, 0.1477443426847458, 0.13318835198879242, 0.131190687417984, 0.13169464468955994, 0.14490771293640137, 0.13282375037670135, 0.13291725516319275, 0.13670000433921814, 0.1301354318857193, 0.1382947713136673, 0.13047011196613312, 0.131629079580307, 0.13050827383995056, 0.13147146999835968, 0.13063211739063263, 0.14813299477100372, 0.1326998919248581, 0.13138742744922638, 0.13481880724430084, 0.1295463889837265, 0.13099731504917145, 0.13302890956401825, 0.13621847331523895, 0.13103656470775604, 0.1363782286643982, 0.12948904931545258, 0.130107119679451, 0.1434982568025589, 0.14819680154323578, 0.13090290129184723, 0.12900592386722565, 0.13374993205070496, 0.14646339416503906, 0.13173353672027588, 0.12946246564388275, 0.12950897216796875, 0.13021428883075714, 0.1302817314863205, 0.13548006117343903, 0.1280241459608078, 0.13245992362499237, 0.13007178902626038, 0.12810036540031433, 0.1264295130968094, 0.12822479009628296, 0.12815409898757935, 0.12861520051956177, 0.1308574378490448, 0.130171000957489, 0.12834590673446655, 0.14803878962993622, 0.13108687102794647, 0.12930764257907867, 0.13079479336738586, 0.1288663148880005, 0.12678475677967072, 0.13252854347229004, 0.1405695527791977, 0.13176873326301575, 0.12520486116409302, 0.1262187510728836],