{"loss": [0.4761142432689667, 0.35884326696395874, 0.2351580262184143, 0.17880700528621674, 0.15602150559425354, 0.14210137724876404, 0.13564638793468475, 0.13173475861549377, 0.13074269890785217, 0.12726402282714844, 0.1288476437330246, 0.12637826800346375, 0.12628640234470367, 0.12622514367103577, 0.12328895926475525, 0.12501083314418793, 0.12402026355266571, 0.1261601597070694, 0.12287528812885284, 0.12266584485769272, 0.12153101712465286, 0.12063286453485489, 0.12182996422052383, 0.1212766021490097, 0.12336953729391098, 0.12086235731840134, 0.12099223583936691, 0.12180352210998535, 0.12149574607610703, 0.1203782707452774, 0.12280990928411484, 0.11931733787059784, 0.1207122951745987, 0.12012705951929092, 0.12088966369628906, 0.11939429491758347, 0.11869622021913528, 0.1195693165063858, 0.11941426247358322, 0.11969607323408127, 0.119370236992836, 0.11831039935350418, 0.11993080377578735, 0.12005878984928131, 0.11899290978908539, 0.12025497108697891, 0.11860429495573044, 0.12024547904729843, 0.11928852647542953, 0.11740332841873169, 0.11798716336488724, 0.1183752715587616, 0.11780697852373123, 0.12024833261966705, 0.11791767925024033, 0.1209990531206131, 0.11897401511669159, 0.11775228381156921, 0.11894240975379944, 0.11868291348218918, 0.11860114336013794, 0.11727280169725418, 0.11944390088319778, 0.11660316586494446, 0.11627661436796188, 0.11974195390939713, 0.11788603663444519, 0.11777890473604202, 0.11905466020107269, 0.11927144974470139, 0.11965738236904144, 0.11803045123815536, 0.11638889461755753, 0.11606904119253159, 0.11907992511987686, 0.11816227436065674, 0.11613006889820099, 0.11797071248292923, 0.11786224693059921, 0.11574554443359375, 0.11628984659910202, 0.1163782924413681, 0.11692504584789276, 0.11782774329185486, 0.11687877029180527, 0.11687938868999481, 0.11588406562805176, 0.11607836931943893, 0.11768517643213272, 0.11623825877904892, 0.11408663541078568, 0.1172616183757782, 0.11427634954452515, 0.11438033729791641, 0.11566359549760818, 0.11380942910909653, 0.11564502120018005, 0.1143522709608078, 0.11909756809473038, 0.11527170985937119], "accuracy": [0.7960869669914246, 0.8305434584617615, 0.9220651984214783, 0.9455434679985046, 0.9538043737411499, 0.9560869336128235, 0.9569565057754517, 0.9591304063796997, 0.958695650100708, 0.958695650100708, 0.959782600402832, 0.9593478441238403, 0.9595652222633362, 0.9598913192749023, 0.9611956477165222, 0.9598913192749023, 0.9609782695770264, 0.958695650100708, 0.960326075553894, 0.960326075553894, 0.9615217447280884, 0.9609782695770264, 0.960326075553894, 0.9607608914375305, 0.9618478417396545, 0.9611956477165222, 0.959782600402832, 0.9615217447280884, 0.960869550704956, 0.9616304636001587, 0.95923912525177, 0.9618478417396545, 0.9624999761581421, 0.9616304636001587, 0.9615217447280884, 0.9610869288444519, 0.9617391228675842, 0.9613043665885925, 0.9613043665885925, 0.9607608914375305, 0.9624999761581421, 0.9628260731697083, 0.960326075553894, 0.9610869288444519, 0.9617391228675842, 0.9619565010070801, 0.9622825980186462, 0.9599999785423279, 0.9614130258560181, 0.9631521701812744, 0.9622825980186462, 0.9604347944259644, 0.9617391228675842, 0.9604347944259644, 0.9611956477165222, 0.9598913192749023, 0.9616304636001587, 0.9627174139022827, 0.9621739387512207, 0.9621739387512207, 0.9626086950302124, 0.9623913168907166, 0.9607608914375305, 0.9618478417396545, 0.9617391228675842, 0.9620652198791504, 0.9628260731697083, 0.9627174139022827, 0.9617391228675842, 0.9609782695770264, 0.9626086950302124, 0.9614130258560181, 0.9619565010070801, 0.9633695483207703, 0.9605434536933899, 0.9620652198791504, 0.9634782671928406, 0.9617391228675842, 0.9613043665885925, 0.9626086950302124, 0.9622825980186462, 0.9624999761581421, 0.9630434513092041, 0.9615217447280884, 0.9617391228675842, 0.9618478417396545, 0.9623913168907166, 0.9631521701812744, 0.9620652198791504, 0.9638043642044067, 0.9626086950302124, 0.9618478417396545, 0.9626086950302124, 0.9627174139022827, 0.9630434513092041, 0.9628260731697083, 0.9623913168907166, 0.9629347920417786, 0.9617391228675842, 0.9624999761581421], "val_loss": [0.4295872747898102, 0.29017043113708496, 0.20400294661521912, 0.17039506137371063, 0.155701145529747, 0.14541302621364594, 0.14324185252189636, 0.13770952820777893, 0.1438652127981186, 0.1345970332622528, 0.13712094724178314, 0.1353839784860611, 0.13412410020828247, 0.13428235054016113, 0.14969906210899353, 0.1369030922651291, 0.13343411684036255, 0.13303284347057343, 0.13212844729423523, 0.1320168823003769, 0.13189904391765594, 0.13527104258537292, 0.13221421837806702, 0.13247576355934143, 0.13138370215892792, 0.1323806196451187, 0.1348668783903122, 0.1318979412317276, 0.13470809161663055, 0.14663438498973846, 0.1343243420124054, 0.13247010111808777, 0.1338401883840561, 0.13771165907382965, 0.13391046226024628, 0.1343526989221573, 0.13554830849170685, 0.13337557017803192, 0.13796918094158173, 0.13953270018100739, 0.13227996230125427, 0.14870381355285645, 0.15770897269248962, 0.13627104461193085, 0.1301848292350769, 0.1302955448627472, 0.1704501062631607, 0.14551135897636414, 0.13629814982414246, 0.13035883009433746, 0.13024930655956268, 0.15096256136894226, 0.14200721681118011, 0.13212531805038452, 0.13285134732723236, 0.14041471481323242, 0.13200710713863373, 0.1353922039270401, 0.13669317960739136, 0.13279485702514648, 0.13433638215065002, 0.13066788017749786, 0.1304694563150406, 0.13219910860061646, 0.12986616790294647, 0.13532474637031555, 0.12820637226104736, 0.13137324154376984, 0.12990938127040863, 0.13064756989479065, 0.1320231556892395, 0.1302885115146637, 0.13144534826278687, 0.12885357439517975, 0.1567143350839615, 0.13102664053440094, 0.13128268718719482, 0.1329587996006012, 0.13140517473220825, 0.12885576486587524, 0.12943634390830994, 0.13074219226837158, 0.15914389491081238, 0.13135430216789246, 0.1300545483827591, 0.13335654139518738, 0.13403776288032532, 0.13199114799499512, 0.1362575739622116, 0.1269558072090149, 0.13020628690719604, 0.1298375427722931, 0.1281537413597107, 0.14237219095230103, 0.14649811387062073, 0.1299639195203781, 0.1309715211391449, 0.13736727833747864, 0.1303068995475769, 0.12636621296405792],