{"loss": [0.5027934908866882, 0.4615398347377777, 0.39155974984169006, 0.302390992641449, 0.2367502748966217, 0.19426791369915009, 0.17118175327777863, 0.1568935215473175, 0.14721553027629852, 0.14059513807296753, 0.13545511662960052, 0.13480408489704132, 0.13194838166236877, 0.12849944829940796, 0.12712359428405762, 0.12662403285503387, 0.12425058335065842, 0.12418036162853241, 0.1237010806798935, 0.12270467728376389, 0.12203637510538101, 0.1221131831407547, 0.1220482587814331, 0.1218765377998352, 0.12078738212585449, 0.12117349356412888, 0.12106996029615402, 0.12112166732549667, 0.12022387981414795, 0.120493084192276, 0.1199464201927185, 0.11985107511281967, 0.11984754353761673, 0.11859182268381119, 0.1196102499961853, 0.11894134432077408, 0.11852031201124191, 0.11920026689767838, 0.11842599511146545, 0.11732717603445053, 0.11874393373727798, 0.11892056465148926, 0.11885295063257217, 0.11787338554859161, 0.11915223300457001, 0.11833485215902328, 0.11904657632112503, 0.11783338338136673, 0.11833345144987106, 0.11818744242191315, 0.11744953691959381, 0.11731390655040741, 0.11672734469175339, 0.11939641833305359, 0.11685110628604889, 0.11642280966043472, 0.11678444594144821, 0.11721572279930115, 0.11627738922834396, 0.11739350855350494, 0.11808657646179199, 0.11765892803668976, 0.11730675399303436, 0.11663655191659927, 0.1165851354598999, 0.11719340085983276, 0.11611608415842056, 0.1149725615978241, 0.11677036434412003, 0.11647526174783707, 0.11656177043914795, 0.11594083160161972, 0.11657106876373291, 0.11586513370275497, 0.11627242714166641, 0.1148710548877716, 0.11649694293737411, 0.11553863435983658, 0.11552873998880386, 0.11567312479019165, 0.1151183545589447, 0.11601444333791733, 0.11587951332330704, 0.11642491817474365, 0.11538039147853851, 0.11762261390686035, 0.11549001932144165, 0.11589659005403519, 0.11587829887866974, 0.1154710203409195, 0.11693698912858963, 0.11639117449522018, 0.11538838595151901, 0.11527340859174728, 0.11469804495573044, 0.1152450442314148, 0.11481188237667084, 0.115391805768013, 0.11475511640310287, 0.11564826220273972], "accuracy": [0.7897825837135315, 0.7997826337814331, 0.8053261041641235, 0.8697826266288757, 0.9210869669914246, 0.9419565200805664, 0.9470652341842651, 0.9528260827064514, 0.9552174210548401, 0.9548913240432739, 0.9563043713569641, 0.9579347968101501, 0.9574999809265137, 0.9589130282402039, 0.9604347944259644, 0.9577174186706543, 0.9609782695770264, 0.9604347944259644, 0.958695650100708, 0.9606521725654602, 0.9605434536933899, 0.9599999785423279, 0.9599999785423279, 0.9605434536933899, 0.9615217447280884, 0.9611956477165222, 0.960869550704956, 0.9613043665885925, 0.9619565010070801, 0.9599999785423279, 0.9614130258560181, 0.9609782695770264, 0.9624999761581421, 0.9610869288444519, 0.960869550704956, 0.9611956477165222, 0.9626086950302124, 0.9601086974143982, 0.9623913168907166, 0.9614130258560181, 0.9610869288444519, 0.960869550704956, 0.9613043665885925, 0.9624999761581421, 0.9611956477165222, 0.9628260731697083, 0.9610869288444519, 0.9619565010070801, 0.9613043665885925, 0.9609782695770264, 0.9619565010070801, 0.9623913168907166, 0.9620652198791504, 0.9621739387512207, 0.9627174139022827, 0.9631521701812744, 0.9631521701812744, 0.9609782695770264, 0.9630434513092041, 0.9627174139022827, 0.9622825980186462, 0.9622825980186462, 0.9618478417396545, 0.9622825980186462, 0.9626086950302124, 0.9621739387512207, 0.9635869860649109, 0.9624999761581421, 0.9606521725654602, 0.9627174139022827, 0.9618478417396545, 0.9627174139022827, 0.9621739387512207, 0.9623913168907166, 0.9624999761581421, 0.9629347920417786, 0.9615217447280884, 0.9623913168907166, 0.9632608890533447, 0.9627174139022827, 0.9630434513092041, 0.9634782671928406, 0.9632608890533447, 0.9613043665885925, 0.9618478417396545, 0.9618478417396545, 0.9633695483207703, 0.9628260731697083, 0.9624999761581421, 0.9634782671928406, 0.9614130258560181, 0.9638043642044067, 0.9629347920417786, 0.9626086950302124, 0.9632608890533447, 0.9615217447280884, 0.9628260731697083, 0.9622825980186462, 0.9628260731697083, 0.9619565010070801], "val_loss": [0.4813900291919708, 0.4316711127758026, 0.34917640686035156, 0.2666930854320526, 0.22177432477474213, 0.1943681836128235, 0.17516887187957764, 0.15733939409255981, 0.15978331863880157, 0.14736057817935944, 0.15439149737358093, 0.14357681572437286, 0.13718870282173157, 0.1378047615289688, 0.1351041942834854, 0.13384340703487396, 0.13307201862335205, 0.13387815654277802, 0.13364095985889435, 0.13198374211788177, 0.14479494094848633, 0.13128367066383362, 0.13567891716957092, 0.1314794421195984, 0.13187246024608612, 0.13404086232185364, 0.13077569007873535, 0.13089579343795776, 0.13711686432361603, 0.13106609880924225, 0.13188612461090088, 0.1344500482082367, 0.13197925686836243, 0.13034768402576447, 0.13041768968105316, 0.13470107316970825, 0.13028961420059204, 0.13081252574920654, 0.1333734095096588, 0.13087499141693115, 0.13637599349021912, 0.13779322803020477, 0.13006611168384552, 0.1301650106906891, 0.13166821002960205, 0.13109247386455536, 0.13505224883556366, 0.1314755231142044, 0.12957891821861267, 0.150008887052536, 0.13014210760593414, 0.1326967030763626, 0.13127323985099792, 0.13182014226913452, 0.13069958984851837, 0.13165581226348877, 0.13216273486614227, 0.13012464344501495, 0.13533641397953033, 0.13179075717926025, 0.13392293453216553, 0.13022162020206451, 0.1306844800710678, 0.14147694408893585, 0.13246914744377136, 0.12993663549423218, 0.12983039021492004, 0.1323949098587036, 0.13094905018806458, 0.1301387995481491, 0.1305978149175644, 0.13154913485050201, 0.13158546388149261, 0.13161131739616394, 0.1300077736377716, 0.1313597559928894, 0.1369088590145111, 0.13153527677059174, 0.13005517423152924, 0.1303003579378128, 0.13444457948207855, 0.13361874222755432, 0.1303904503583908, 0.1365486979484558, 0.1348339021205902, 0.13009443879127502, 0.13157783448696136, 0.13129045069217682, 0.12968316674232483, 0.1295594424009323, 0.13339222967624664, 0.1378307342529297, 0.12958075106143951, 0.13561059534549713, 0.12949921190738678, 0.13300786912441254, 0.12957294285297394, 0.13044948875904083, 0.14045344293117523, 0.12913449108600616],