{"loss": [0.49501869082450867, 0.4280478358268738, 0.32799845933914185, 0.24199283123016357, 0.19221118092536926, 0.16670656204223633, 0.15223067998886108, 0.1445939689874649, 0.13725262880325317, 0.1329631209373474, 0.1318141669034958, 0.12930671870708466, 0.12823252379894257, 0.12528371810913086, 0.1273355782032013, 0.12372811883687973, 0.1225222498178482, 0.1236848533153534, 0.12352698296308517, 0.123422771692276, 0.12224435806274414, 0.12408001720905304, 0.12149232625961304, 0.12312916666269302, 0.12140022963285446, 0.12057694047689438, 0.12118073552846909, 0.12048069387674332, 0.12110042572021484, 0.11996597796678543, 0.11945739388465881, 0.11869668960571289, 0.12033841013908386, 0.11946605145931244, 0.11927268654108047, 0.12116947025060654, 0.11964824050664902, 0.12049385160207748, 0.11872891336679459, 0.1197638064622879, 0.11795822530984879, 0.11884365975856781, 0.12003003805875778, 0.11960170418024063, 0.11884237825870514, 0.11945852637290955, 0.11822324991226196, 0.11983262747526169, 0.11758136004209518, 0.11867934465408325, 0.11758197098970413, 0.11734384298324585, 0.11712197959423065, 0.11865803599357605, 0.11778118461370468, 0.11790214478969574, 0.11695951968431473, 0.11785946786403656, 0.11720206588506699, 0.1159939169883728, 0.11810784041881561, 0.11694890260696411, 0.11635435372591019, 0.11949536949396133, 0.11752649396657944, 0.11712316423654556, 0.11658941954374313, 0.11896806955337524, 0.11632104218006134, 0.11615129560232162, 0.11619122326374054, 0.11812933534383774, 0.11870690435171127, 0.11676158010959625, 0.11717108637094498, 0.11581014841794968, 0.11951570212841034, 0.11670936644077301, 0.11763475835323334, 0.11524239182472229, 0.11684035509824753, 0.11471948772668839, 0.11626316606998444, 0.1172930896282196, 0.11576943099498749, 0.11601090431213379, 0.1175670325756073, 0.11434933543205261, 0.1158132404088974, 0.116177499294281, 0.11594491451978683, 0.11582622677087784, 0.1159568727016449, 0.11385773867368698, 0.11730263382196426, 0.11449308693408966, 0.11562687158584595, 0.115495964884758, 0.1151028573513031, 0.11389137804508209], "accuracy": [0.8003261089324951, 0.7998912930488586, 0.8505434989929199, 0.9177173972129822, 0.9416304230690002, 0.9498913288116455, 0.9533695578575134, 0.9558695554733276, 0.9558695554733276, 0.958152174949646, 0.9571738839149475, 0.9582608938217163, 0.9602174162864685, 0.95923912525177, 0.9593478441238403, 0.9596739411354065, 0.960326075553894, 0.9595652222633362, 0.9594565033912659, 0.9598913192749023, 0.9607608914375305, 0.9606521725654602, 0.9607608914375305, 0.9593478441238403, 0.9599999785423279, 0.9615217447280884, 0.9599999785423279, 0.9599999785423279, 0.9606521725654602, 0.9613043665885925, 0.9621739387512207, 0.9613043665885925, 0.9605434536933899, 0.9611956477165222, 0.960326075553894, 0.9613043665885925, 0.9607608914375305, 0.9610869288444519, 0.9627174139022827, 0.9621739387512207, 0.9619565010070801, 0.9611956477165222, 0.960869550704956, 0.9611956477165222, 0.9607608914375305, 0.9606521725654602, 0.9617391228675842, 0.9604347944259644, 0.9617391228675842, 0.9620652198791504, 0.9618478417396545, 0.9628260731697083, 0.9622825980186462, 0.9622825980186462, 0.9619565010070801, 0.9618478417396545, 0.9621739387512207, 0.9619565010070801, 0.960869550704956, 0.9640217423439026, 0.9621739387512207, 0.9621739387512207, 0.9617391228675842, 0.9611956477165222, 0.9610869288444519, 0.9616304636001587, 0.9632608890533447, 0.9639130234718323, 0.9624999761581421, 0.9616304636001587, 0.9635869860649109, 0.960869550704956, 0.9621739387512207, 0.9626086950302124, 0.9629347920417786, 0.9606521725654602, 0.9606521725654602, 0.9620652198791504, 0.9626086950302124, 0.9630434513092041, 0.9633695483207703, 0.9628260731697083, 0.9622825980186462, 0.9615217447280884, 0.9622825980186462, 0.9634782671928406, 0.9610869288444519, 0.9619565010070801, 0.9624999761581421, 0.9633695483207703, 0.9628260731697083, 0.9635869860649109, 0.9619565010070801, 0.9632608890533447, 0.9623913168907166, 0.9630434513092041, 0.9624999761581421, 0.9630434513092041, 0.9624999761581421, 0.9629347920417786], "val_loss": [0.46681922674179077, 0.38035598397254944, 0.2901371717453003, 0.22036431729793549, 0.18486200273036957, 0.17195501923561096, 0.15431001782417297, 0.14772973954677582, 0.14834429323673248, 0.13975584506988525, 0.13849207758903503, 0.13617560267448425, 0.1350879669189453, 0.14772658050060272, 0.13474170863628387, 0.13322092592716217, 0.13585533201694489, 0.13316862285137177, 0.1435583084821701, 0.13729818165302277, 0.13906586170196533, 0.13828325271606445, 0.15458443760871887, 0.1319018453359604, 0.1390789896249771, 0.13326463103294373, 0.136291965842247, 0.13871754705905914, 0.1345777064561844, 0.1327233761548996, 0.13200068473815918, 0.1471574902534485, 0.13257057964801788, 0.1323893815279007, 0.13217024505138397, 0.13714399933815002, 0.13189278542995453, 0.13189031183719635, 0.13180440664291382, 0.13293495774269104, 0.13499045372009277, 0.13798125088214874, 0.13465680181980133, 0.1318916380405426, 0.13146276772022247, 0.13207513093948364, 0.1327226310968399, 0.13182398676872253, 0.13632166385650635, 0.1334434598684311, 0.13487562537193298, 0.1488882452249527, 0.13574348390102386, 0.13729318976402283, 0.13225434720516205, 0.1349213719367981, 0.13201715052127838, 0.131741464138031, 0.1342039555311203, 0.1323051154613495, 0.13424904644489288, 0.13598749041557312, 0.132187619805336, 0.13242200016975403, 0.13383202254772186, 0.13267935812473297, 0.1440718024969101, 0.13276848196983337, 0.13764314353466034, 0.13972783088684082, 0.15129022300243378, 0.14148296415805817, 0.1345091164112091, 0.13847790658473969, 0.1333753913640976, 0.13853047788143158, 0.13298889994621277, 0.1327962875366211, 0.13804827630519867, 0.13147981464862823, 0.1331607699394226, 0.13075950741767883, 0.14189952611923218, 0.1428777277469635, 0.13354836404323578, 0.13983991742134094, 0.13010884821414948, 0.13139690458774567, 0.13120025396347046, 0.13518209755420685, 0.13237513601779938, 0.13043548166751862, 0.1352277249097824, 0.13011817634105682, 0.13634668290615082, 0.131398543715477, 0.1342112421989441, 0.1341150552034378, 0.1298854649066925, 0.1324840635061264],