{"loss": [0.47591403126716614, 0.3574506640434265, 0.23401571810245514, 0.17726783454418182, 0.15440653264522552, 0.1446257382631302, 0.13990545272827148, 0.13341273367404938, 0.13365010917186737, 0.12871156632900238, 0.1283038854598999, 0.13208039104938507, 0.1263815313577652, 0.12761875987052917, 0.12919238209724426, 0.12721092998981476, 0.12660713493824005, 0.12499167770147324, 0.12384750694036484, 0.12405622750520706, 0.12339167296886444, 0.1240134984254837, 0.12261386960744858, 0.12610755860805511, 0.12123528867959976, 0.12138033658266068, 0.12242910265922546, 0.12228730320930481, 0.12191004306077957, 0.12268245220184326, 0.12068541347980499, 0.12201496958732605, 0.12186384201049805, 0.12286410480737686, 0.12149041146039963, 0.12029006332159042, 0.12024794518947601, 0.12013496458530426, 0.12209425866603851, 0.12196431308984756, 0.11983954161405563, 0.12104126065969467, 0.12092279642820358, 0.1208648532629013, 0.11852386593818665, 0.11936657130718231, 0.11955298483371735, 0.12020104378461838, 0.1189495176076889, 0.11946969479322433, 0.11824368685483932, 0.12018495053052902, 0.12093538045883179, 0.11969137191772461, 0.11729344725608826, 0.11971376091241837, 0.11910232156515121, 0.11875647306442261, 0.1182733029127121, 0.11981522291898727, 0.11878355592489243, 0.1198057234287262, 0.11978524923324585, 0.11983172595500946, 0.11730702221393585, 0.11701968312263489, 0.11776627600193024, 0.11830548197031021, 0.11805320531129837, 0.11806242913007736, 0.11719489097595215, 0.12040170282125473, 0.11583127081394196, 0.11575686186552048, 0.11755495518445969, 0.11768370121717453, 0.11625595390796661, 0.11492370814085007, 0.11684874445199966, 0.11762621998786926, 0.11773542314767838, 0.11937384307384491, 0.11620162427425385, 0.11636004596948624, 0.114991694688797, 0.11698165535926819, 0.11694285273551941, 0.11663177609443665, 0.11783435195684433, 0.11591578274965286, 0.11724946647882462, 0.11503453552722931, 0.11713790148496628, 0.11438795179128647, 0.11347193270921707, 0.11534231156110764, 0.1139482855796814, 0.11831410229206085, 0.11430151760578156, 0.11566775292158127], "accuracy": [0.7997826337814331, 0.8361956477165222, 0.9211956262588501, 0.9477173686027527, 0.9530434608459473, 0.9546738862991333, 0.9558695554733276, 0.9578260779380798, 0.958152174949646, 0.9598913192749023, 0.9607608914375305, 0.9582608938217163, 0.9606521725654602, 0.9590217471122742, 0.9583695530891418, 0.9614130258560181, 0.9582608938217163, 0.9593478441238403, 0.9596739411354065, 0.9610869288444519, 0.9623913168907166, 0.9605434536933899, 0.960869550704956, 0.959782600402832, 0.9618478417396545, 0.9613043665885925, 0.9611956477165222, 0.9605434536933899, 0.9610869288444519, 0.9607608914375305, 0.9630434513092041, 0.9630434513092041, 0.9606521725654602, 0.9602174162864685, 0.9607608914375305, 0.9623913168907166, 0.9621739387512207, 0.9633695483207703, 0.9606521725654602, 0.9596739411354065, 0.9622825980186462, 0.9613043665885925, 0.9616304636001587, 0.9620652198791504, 0.9619565010070801, 0.9620652198791504, 0.9628260731697083, 0.9615217447280884, 0.9639130234718323, 0.9627174139022827, 0.9629347920417786, 0.9614130258560181, 0.9619565010070801, 0.9623913168907166, 0.9622825980186462, 0.9616304636001587, 0.9622825980186462, 0.9622825980186462, 0.9616304636001587, 0.9618478417396545, 0.9623913168907166, 0.9607608914375305, 0.959782600402832, 0.9617391228675842, 0.9621739387512207, 0.9620652198791504, 0.9620652198791504, 0.9634782671928406, 0.9611956477165222, 0.9623913168907166, 0.9626086950302124, 0.9617391228675842, 0.9633695483207703, 0.9618478417396545, 0.9627174139022827, 0.9623913168907166, 0.9634782671928406, 0.9622825980186462, 0.9618478417396545, 0.9605434536933899, 0.9626086950302124, 0.9618478417396545, 0.9631521701812744, 0.9634782671928406, 0.9635869860649109, 0.9640217423439026, 0.9634782671928406, 0.9627174139022827, 0.9628260731697083, 0.9619565010070801, 0.9616304636001587, 0.9627174139022827, 0.9613043665885925, 0.9635869860649109, 0.9641304612159729, 0.9626086950302124, 0.9642391204833984, 0.9611956477165222, 0.9623913168907166, 0.9634782671928406], "val_loss": [0.42973408102989197, 0.2850450277328491, 0.20068252086639404, 0.17100858688354492, 0.15351255238056183, 0.14543280005455017, 0.1572003960609436, 0.1387053281068802, 0.14788585901260376, 0.14692631363868713, 0.15285877883434296, 0.13804049789905548, 0.13601627945899963, 0.1364048719406128, 0.15681099891662598, 0.13502563536167145, 0.13363324105739594, 0.13375942409038544, 0.13296954333782196, 0.13227032124996185, 0.13437457382678986, 0.1330147385597229, 0.13334281742572784, 0.13508254289627075, 0.1366620510816574, 0.1327701210975647, 0.13385418057441711, 0.13164760172367096, 0.14310939610004425, 0.1339857131242752, 0.14127667248249054, 0.132391557097435, 0.133635014295578, 0.13978751003742218, 0.13306637108325958, 0.13060137629508972, 0.1310788244009018, 0.13925090432167053, 0.1441548615694046, 0.13386964797973633, 0.13386951386928558, 0.13176220655441284, 0.13978680968284607, 0.13250283896923065, 0.13255909085273743, 0.13283295929431915, 0.15104149281978607, 0.13272014260292053, 0.14617611467838287, 0.13406378030776978, 0.12973052263259888, 0.14239801466464996, 0.1334395557641983, 0.13173364102840424, 0.13155105710029602, 0.13114799559116364, 0.1303526908159256, 0.1302362084388733, 0.13975736498832703, 0.13172931969165802, 0.13084332644939423, 0.13250938057899475, 0.13115565478801727, 0.12933604419231415, 0.13169629871845245, 0.145346000790596, 0.14387722313404083, 0.13049718737602234, 0.13012252748012543, 0.13957691192626953, 0.12907786667346954, 0.14060764014720917, 0.13662897050380707, 0.13746540248394012, 0.14081749320030212, 0.12834566831588745, 0.12869681417942047, 0.14033567905426025, 0.13043276965618134, 0.12886719405651093, 0.12954536080360413, 0.13230597972869873, 0.12822961807250977, 0.130398690700531, 0.13766007125377655, 0.13551180064678192, 0.12935028970241547, 0.1316213756799698, 0.13182593882083893, 0.13156276941299438, 0.13246646523475647, 0.1341077983379364, 0.12768512964248657, 0.12895581126213074, 0.12903474271297455, 0.12978044152259827, 0.15561749041080475, 0.1546008437871933, 0.1318720281124115, 0.12731562554836273],