{"loss": [0.48252642154693604, 0.40813660621643066, 0.30743685364723206, 0.2282145619392395, 0.18476137518882751, 0.1614837348461151, 0.14984947443008423, 0.14173023402690887, 0.13547544181346893, 0.13222885131835938, 0.1314573585987091, 0.12820076942443848, 0.12588293850421906, 0.1254788041114807, 0.12540465593338013, 0.12441355735063553, 0.12326591461896896, 0.12488826364278793, 0.12331419438123703, 0.12270449101924896, 0.12198185175657272, 0.12139362096786499, 0.12142990529537201, 0.12326739728450775, 0.1206841915845871, 0.12071067839860916, 0.12025400251150131, 0.12152228504419327, 0.1195768266916275, 0.11868250370025635, 0.11963851004838943, 0.11950768530368805, 0.11866709589958191, 0.119106724858284, 0.11902575939893723, 0.12006305158138275, 0.11835294216871262, 0.11957386881113052, 0.11837272346019745, 0.11864760518074036, 0.11867210268974304, 0.11902885138988495, 0.11867163330316544, 0.11901799589395523, 0.11908669024705887, 0.11870155483484268, 0.11897226423025131, 0.11748484522104263, 0.11756031960248947, 0.11788012832403183, 0.11836263537406921, 0.1179424375295639, 0.11794274300336838, 0.11864663660526276, 0.11687367409467697, 0.1165887862443924, 0.11772862821817398, 0.11695808917284012, 0.11826511472463608, 0.11619792133569717, 0.11651793122291565, 0.11685432493686676, 0.11731000989675522, 0.11870837956666946, 0.11733764410018921, 0.11572740972042084, 0.1162889301776886, 0.11791783571243286, 0.11613065004348755, 0.11612169444561005, 0.11692787706851959, 0.11546223610639572, 0.11524834483861923, 0.11590693891048431, 0.11724277585744858, 0.11486385017633438, 0.11535566300153732, 0.1149645745754242, 0.11633287370204926, 0.11534804850816727, 0.11628756672143936, 0.11465796083211899, 0.1144680380821228, 0.11550706624984741, 0.11460497230291367, 0.11564325541257858, 0.1149463802576065, 0.11572118103504181, 0.11609652638435364, 0.11547424644231796, 0.11448521912097931, 0.11595500260591507, 0.11662211269140244, 0.11380482465028763, 0.1144065260887146, 0.1150515228509903, 0.11490947008132935, 0.11459951847791672, 0.11515684425830841, 0.11322958022356033], "accuracy": [0.7997826337814331, 0.801086962223053, 0.8690217137336731, 0.9254347681999207, 0.9435869455337524, 0.9493478536605835, 0.9533695578575134, 0.9566304087638855, 0.957065224647522, 0.9585869312286377, 0.9584782719612122, 0.9606521725654602, 0.9596739411354065, 0.9595652222633362, 0.9594565033912659, 0.9594565033912659, 0.9598913192749023, 0.9602174162864685, 0.9602174162864685, 0.9594565033912659, 0.9606521725654602, 0.959782600402832, 0.9606521725654602, 0.9609782695770264, 0.960869550704956, 0.9615217447280884, 0.9621739387512207, 0.960869550704956, 0.9606521725654602, 0.9630434513092041, 0.9618478417396545, 0.9613043665885925, 0.9618478417396545, 0.9606521725654602, 0.9614130258560181, 0.9614130258560181, 0.9616304636001587, 0.960326075553894, 0.9615217447280884, 0.9610869288444519, 0.9627174139022827, 0.9607608914375305, 0.9617391228675842, 0.9618478417396545, 0.9620652198791504, 0.9606521725654602, 0.9616304636001587, 0.9609782695770264, 0.9624999761581421, 0.9619565010070801, 0.9616304636001587, 0.9613043665885925, 0.9611956477165222, 0.9610869288444519, 0.9620652198791504, 0.9619565010070801, 0.9624999761581421, 0.9631521701812744, 0.9619565010070801, 0.9624999761581421, 0.9631521701812744, 0.9629347920417786, 0.9610869288444519, 0.9616304636001587, 0.9627174139022827, 0.9641304612159729, 0.9623913168907166, 0.9613043665885925, 0.9622825980186462, 0.9629347920417786, 0.9623913168907166, 0.9626086950302124, 0.9623913168907166, 0.9626086950302124, 0.9618478417396545, 0.9636956453323364, 0.9631521701812744, 0.9623913168907166, 0.9647825956344604, 0.9624999761581421, 0.9627174139022827, 0.9623913168907166, 0.9628260731697083, 0.9638043642044067, 0.9627174139022827, 0.9638043642044067, 0.9616304636001587, 0.9627174139022827, 0.9630434513092041, 0.9624999761581421, 0.9631521701812744, 0.9629347920417786, 0.9619565010070801, 0.9617391228675842, 0.9623913168907166, 0.9633695483207703, 0.9615217447280884, 0.9633695483207703, 0.9627174139022827, 0.9635869860649109], "val_loss": [0.4508587718009949, 0.36866727471351624, 0.26472482085227966, 0.21139657497406006, 0.17683526873588562, 0.17045184969902039, 0.15990659594535828, 0.14745385944843292, 0.14114506542682648, 0.14080339670181274, 0.13740341365337372, 0.14978724718093872, 0.1353452205657959, 0.13929449021816254, 0.13343729078769684, 0.13275732100009918, 0.1334991157054901, 0.1343042105436325, 0.1339861899614334, 0.13366413116455078, 0.14453448355197906, 0.13132338225841522, 0.1349456012248993, 0.14978070557117462, 0.13464318215847015, 0.13121184706687927, 0.13102619349956512, 0.1315230280160904, 0.1314171403646469, 0.13389289379119873, 0.13782450556755066, 0.14256879687309265, 0.13428907096385956, 0.13068775832653046, 0.13330945372581482, 0.13107958436012268, 0.1355447918176651, 0.1315648853778839, 0.1377834528684616, 0.13283288478851318, 0.1317705363035202, 0.1313900649547577, 0.13336336612701416, 0.14714452624320984, 0.13228605687618256, 0.13529495894908905, 0.1376257985830307, 0.1322900652885437, 0.134404256939888, 0.13722528517246246, 0.13740965723991394, 0.13204704225063324, 0.13185329735279083, 0.1335982382297516, 0.13179171085357666, 0.1303834617137909, 0.13358530402183533, 0.13489651679992676, 0.14043079316616058, 0.1319545954465866, 0.13178963959217072, 0.14278557896614075, 0.137995183467865, 0.13076910376548767, 0.13225866854190826, 0.1354672610759735, 0.13344264030456543, 0.1302984356880188, 0.132237046957016, 0.1311587244272232, 0.1322711706161499, 0.1315154731273651, 0.1329837143421173, 0.14565323293209076, 0.14029644429683685, 0.1336246281862259, 0.13574792444705963, 0.13795526325702667, 0.12944205105304718, 0.1334839165210724, 0.12973040342330933, 0.12988366186618805, 0.1299031376838684, 0.13451296091079712, 0.1311955451965332, 0.1335807591676712, 0.13246001303195953, 0.1361469030380249, 0.1405046582221985, 0.13734157383441925, 0.13005496561527252, 0.13757175207138062, 0.12860409915447235, 0.12873946130275726, 0.13425739109516144, 0.13234534859657288, 0.13883298635482788, 0.12880104780197144, 0.1298944652080536, 0.12897109985351562],