{"loss": [0.46992361545562744, 0.3435734212398529, 0.2245788872241974, 0.17531625926494598, 0.15207752585411072, 0.14195039868354797, 0.1362968236207962, 0.13315682113170624, 0.13006295263767242, 0.12899412214756012, 0.127131849527359, 0.12608055770397186, 0.12617819011211395, 0.12458933889865875, 0.12278009951114655, 0.12495587021112442, 0.12361925095319748, 0.12128382176160812, 0.12353797256946564, 0.12313501536846161, 0.1219499260187149, 0.1223185807466507, 0.12523065507411957, 0.12094231694936752, 0.12100251764059067, 0.1203070878982544, 0.12134480476379395, 0.11964334547519684, 0.12082177400588989, 0.12076325714588165, 0.12034034729003906, 0.12373965233564377, 0.1216510683298111, 0.12226372957229614, 0.11916141957044601, 0.12165003269910812, 0.11998183280229568, 0.11825734376907349, 0.11994898319244385, 0.12134220451116562, 0.11848626285791397, 0.12016117572784424, 0.11887916922569275, 0.12100323289632797, 0.1205788403749466, 0.1196296215057373, 0.11734937876462936, 0.12031588703393936, 0.12112205475568771, 0.11886066198348999, 0.1190766841173172, 0.11661972850561142, 0.11811213195323944, 0.11853636056184769, 0.11603464186191559, 0.11962088942527771, 0.1169135719537735, 0.11576508730649948, 0.11978185176849365, 0.11578858643770218, 0.11806052923202515, 0.11752714961767197, 0.11685708910226822, 0.11668802052736282, 0.11907250434160233, 0.1179458349943161, 0.1172010749578476, 0.11710269749164581, 0.11697547882795334, 0.11720184236764908, 0.11727793514728546, 0.1173604428768158, 0.1174304336309433, 0.11759728193283081, 0.11554257571697235, 0.11609464883804321, 0.11726025491952896, 0.11573251336812973, 0.11482027918100357, 0.1174650639295578, 0.11526227742433548, 0.11527610570192337, 0.11568449437618256, 0.11617428809404373, 0.11417511105537415, 0.11527250707149506, 0.11509636789560318, 0.11690142750740051, 0.11655087769031525, 0.1144707053899765, 0.11521634459495544, 0.11485577374696732, 0.1151711493730545, 0.11442829668521881, 0.1139431744813919, 0.11482777446508408, 0.11389948427677155, 0.11464391648769379, 0.114296093583107, 0.11328782141208649], "accuracy": [0.7997826337814331, 0.8403260707855225, 0.9267391562461853, 0.945652186870575, 0.9528260827064514, 0.9574999809265137, 0.9571738839149475, 0.9574999809265137, 0.9580434560775757, 0.9598913192749023, 0.9584782719612122, 0.9591304063796997, 0.9585869312286377, 0.9596739411354065, 0.9598913192749023, 0.9599999785423279, 0.9601086974143982, 0.9602174162864685, 0.9614130258560181, 0.9617391228675842, 0.9610869288444519, 0.9609782695770264, 0.9596739411354065, 0.960326075553894, 0.9621739387512207, 0.9611956477165222, 0.9615217447280884, 0.9614130258560181, 0.9599999785423279, 0.9610869288444519, 0.9618478417396545, 0.9607608914375305, 0.959782600402832, 0.9593478441238403, 0.9610869288444519, 0.9614130258560181, 0.9609782695770264, 0.9623913168907166, 0.9604347944259644, 0.9609782695770264, 0.9633695483207703, 0.9631521701812744, 0.9623913168907166, 0.9615217447280884, 0.9613043665885925, 0.9613043665885925, 0.9634782671928406, 0.9604347944259644, 0.9599999785423279, 0.9626086950302124, 0.9623913168907166, 0.9620652198791504, 0.9616304636001587, 0.9616304636001587, 0.9630434513092041, 0.9604347944259644, 0.9640217423439026, 0.9633695483207703, 0.9628260731697083, 0.9635869860649109, 0.9606521725654602, 0.9623913168907166, 0.9614130258560181, 0.9633695483207703, 0.9605434536933899, 0.9619565010070801, 0.9636956453323364, 0.9627174139022827, 0.9617391228675842, 0.9631521701812744, 0.9614130258560181, 0.9632608890533447, 0.9629347920417786, 0.9628260731697083, 0.9618478417396545, 0.9632608890533447, 0.9614130258560181, 0.9614130258560181, 0.9630434513092041, 0.9617391228675842, 0.9640217423439026, 0.9636956453323364, 0.9629347920417786, 0.9636956453323364, 0.9638043642044067, 0.9619565010070801, 0.9624999761581421, 0.9621739387512207, 0.9609782695770264, 0.9628260731697083, 0.9611956477165222, 0.9615217447280884, 0.9621739387512207, 0.9632608890533447, 0.9627174139022827, 0.9634782671928406, 0.9631521701812744, 0.9636956453323364, 0.9617391228675842, 0.9640217423439026], "val_loss": [0.41936632990837097, 0.2736678421497345, 0.19560647010803223, 0.16615721583366394, 0.1521538496017456, 0.14515942335128784, 0.14130547642707825, 0.1378040462732315, 0.13605573773384094, 0.13580277562141418, 0.13706152141094208, 0.13347628712654114, 0.1331717073917389, 0.1322449892759323, 0.14116977155208588, 0.13354553282260895, 0.13147911429405212, 0.13503524661064148, 0.13281714916229248, 0.1382300853729248, 0.14008112251758575, 0.13190892338752747, 0.1403413712978363, 0.13333888351917267, 0.13198809325695038, 0.13186001777648926, 0.13111819326877594, 0.13849197328090668, 0.13367606699466705, 0.13284891843795776, 0.13287872076034546, 0.13249367475509644, 0.13169141113758087, 0.14157822728157043, 0.13238278031349182, 0.13421598076820374, 0.13410882651805878, 0.14304092526435852, 0.1349869966506958, 0.13454370200634003, 0.1353352963924408, 0.13066227734088898, 0.13164161145687103, 0.1633191704750061, 0.15343326330184937, 0.13125568628311157, 0.13061420619487762, 0.13376496732234955, 0.13086850941181183, 0.1314840316772461, 0.1450127214193344, 0.13108839094638824, 0.13119535148143768, 0.13081341981887817, 0.1362176537513733, 0.1332361102104187, 0.1335359811782837, 0.1304377168416977, 0.13129925727844238, 0.1300714761018753, 0.13185527920722961, 0.14839211106300354, 0.13316497206687927, 0.1302294284105301, 0.13009865581989288, 0.13000236451625824, 0.1299647092819214, 0.12940223515033722, 0.13196171820163727, 0.12994679808616638, 0.1334366649389267, 0.1315220594406128, 0.13115675747394562, 0.13069398701190948, 0.14113043248653412, 0.13083232939243317, 0.13031718134880066, 0.13238213956356049, 0.12871180474758148, 0.13869063556194305, 0.13169844448566437, 0.14150592684745789, 0.13407732546329498, 0.12878340482711792, 0.12762105464935303, 0.1286187469959259, 0.14039085805416107, 0.1307140588760376, 0.1379220187664032, 0.13848347961902618, 0.12920868396759033, 0.13093487918376923, 0.13225822150707245, 0.13996416330337524, 0.13415904343128204, 0.1335696280002594, 0.12738265097141266, 0.14054346084594727, 0.13255907595157623, 0.14437235891819],