{"loss": [0.48192256689071655, 0.40831854939460754, 0.3102368414402008, 0.23779296875, 0.19132639467716217, 0.1669282764196396, 0.1517980396747589, 0.14337530732154846, 0.13782747089862823, 0.13486933708190918, 0.13193324208259583, 0.1309337019920349, 0.12688449025154114, 0.1268213391304016, 0.12712426483631134, 0.12729237973690033, 0.12504783272743225, 0.12355460971593857, 0.12394734472036362, 0.12206482142210007, 0.12317206710577011, 0.12256883829832077, 0.12274204194545746, 0.12020241469144821, 0.12193352729082108, 0.12051359564065933, 0.12118370831012726, 0.12028568238019943, 0.12157603353261948, 0.11898365616798401, 0.12029018253087997, 0.12049131840467453, 0.11943883448839188, 0.12092920392751694, 0.11940059810876846, 0.12117593735456467, 0.11910128593444824, 0.11916951090097427, 0.11999353766441345, 0.11878164857625961, 0.11936450749635696, 0.11810419708490372, 0.11959914863109589, 0.11829831451177597, 0.11773061007261276, 0.11964786797761917, 0.11739107966423035, 0.11969772726297379, 0.11785273998975754, 0.11780329048633575, 0.11840788275003433, 0.11749433726072311, 0.11781375855207443, 0.11835459619760513, 0.11930765956640244, 0.11675561964511871, 0.11724788695573807, 0.11753976345062256, 0.11855800449848175, 0.11746431142091751, 0.11679043620824814, 0.11606588959693909, 0.11690137535333633, 0.11670712381601334, 0.11679413914680481, 0.11607605963945389, 0.11941003054380417, 0.11926387250423431, 0.11785823851823807, 0.11615774035453796, 0.1177387535572052, 0.11678632348775864, 0.11727254092693329, 0.11690673977136612, 0.11627627164125443, 0.11837492883205414, 0.11662284284830093, 0.11627116054296494, 0.11750263720750809, 0.11579927057027817, 0.11690748482942581, 0.11852005869150162, 0.11480915546417236, 0.11544559895992279, 0.1151161789894104, 0.11712948977947235, 0.11759588122367859, 0.11560078710317612, 0.11568216234445572, 0.11766800284385681, 0.11506882309913635, 0.11565378308296204, 0.1151648461818695, 0.11479015648365021, 0.11542874574661255, 0.11476415395736694, 0.11496543884277344, 0.11522417515516281, 0.11581757664680481, 0.11493003368377686], "accuracy": [0.7997826337814331, 0.8026086688041687, 0.8675000071525574, 0.9178261160850525, 0.9407608509063721, 0.9482608437538147, 0.9540217518806458, 0.9551087021827698, 0.9564130306243896, 0.9556521773338318, 0.9596739411354065, 0.9571738839149475, 0.958152174949646, 0.960326075553894, 0.9583695530891418, 0.9590217471122742, 0.9606521725654602, 0.960869550704956, 0.959782600402832, 0.960869550704956, 0.9614130258560181, 0.9594565033912659, 0.9602174162864685, 0.960326075553894, 0.9604347944259644, 0.9613043665885925, 0.9607608914375305, 0.9607608914375305, 0.9598913192749023, 0.9607608914375305, 0.9618478417396545, 0.9605434536933899, 0.9613043665885925, 0.9606521725654602, 0.9618478417396545, 0.9595652222633362, 0.9627174139022827, 0.9610869288444519, 0.9616304636001587, 0.9620652198791504, 0.9622825980186462, 0.9624999761581421, 0.9620652198791504, 0.9616304636001587, 0.9620652198791504, 0.9616304636001587, 0.9622825980186462, 0.9629347920417786, 0.9630434513092041, 0.9623913168907166, 0.960869550704956, 0.9614130258560181, 0.9620652198791504, 0.9623913168907166, 0.9617391228675842, 0.9633695483207703, 0.9621739387512207, 0.9619565010070801, 0.9632608890533447, 0.9623913168907166, 0.9633695483207703, 0.9634782671928406, 0.9623913168907166, 0.9629347920417786, 0.9618478417396545, 0.9621739387512207, 0.9619565010070801, 0.9627174139022827, 0.9621739387512207, 0.9622825980186462, 0.9610869288444519, 0.9627174139022827, 0.9622825980186462, 0.9619565010070801, 0.9617391228675842, 0.9622825980186462, 0.9618478417396545, 0.960869550704956, 0.9629347920417786, 0.9621739387512207, 0.9615217447280884, 0.9615217447280884, 0.9630434513092041, 0.9639130234718323, 0.9627174139022827, 0.9613043665885925, 0.9598913192749023, 0.9633695483207703, 0.9613043665885925, 0.9611956477165222, 0.9626086950302124, 0.9635869860649109, 0.9626086950302124, 0.9634782671928406, 0.9624999761581421, 0.9628260731697083, 0.9629347920417786, 0.9627174139022827, 0.9615217447280884, 0.9631521701812744], "val_loss": [0.45025476813316345, 0.3639090359210968, 0.28068044781684875, 0.21399439871311188, 0.1857534795999527, 0.1671258509159088, 0.15537622570991516, 0.147375226020813, 0.14274044334888458, 0.13998597860336304, 0.14034709334373474, 0.13707274198532104, 0.14674220979213715, 0.13572630286216736, 0.15242944657802582, 0.13303795456886292, 0.1389693170785904, 0.13223382830619812, 0.13188324868679047, 0.13608276844024658, 0.13131865859031677, 0.1353147178888321, 0.13622233271598816, 0.1491251438856125, 0.13889150321483612, 0.1359858363866806, 0.1328955888748169, 0.1353372484445572, 0.13077330589294434, 0.13171666860580444, 0.13194400072097778, 0.13057424128055573, 0.13006430864334106, 0.1486007571220398, 0.14022117853164673, 0.129775270819664, 0.13726861774921417, 0.132442906498909, 0.12960194051265717, 0.13560688495635986, 0.13057547807693481, 0.14505422115325928, 0.13125567138195038, 0.13299280405044556, 0.12951251864433289, 0.13887228071689606, 0.1307876855134964, 0.13033421337604523, 0.13507135212421417, 0.13638927042484283, 0.15016013383865356, 0.13207250833511353, 0.13178487122058868, 0.1298653483390808, 0.13412128388881683, 0.12971973419189453, 0.12916141748428345, 0.12951414287090302, 0.13187502324581146, 0.13228607177734375, 0.1324775367975235, 0.13746428489685059, 0.12891194224357605, 0.1310664564371109, 0.13037298619747162, 0.12958478927612305, 0.12945282459259033, 0.13327910006046295, 0.1303306221961975, 0.12904302775859833, 0.13557069003582, 0.13004478812217712, 0.13480693101882935, 0.14151714742183685, 0.1320851743221283, 0.13122457265853882, 0.12945754826068878, 0.13390980660915375, 0.1421719193458557, 0.13467533886432648, 0.13041448593139648, 0.130534365773201, 0.13009385764598846, 0.136489599943161, 0.13939937949180603, 0.14044971764087677, 0.12963120639324188, 0.1293308436870575, 0.1300419718027115, 0.1307922750711441, 0.1461603343486786, 0.13117489218711853, 0.12957358360290527, 0.13099798560142517, 0.1278795748949051, 0.12803314626216888, 0.13150715827941895, 0.13886979222297668, 0.13139180839061737, 0.1293250173330307],