{"loss": [0.48588326573371887, 0.3824079632759094, 0.26120707392692566, 0.1941315084695816, 0.16358570754528046, 0.1489713490009308, 0.1416313350200653, 0.1358964890241623, 0.1345086544752121, 0.1314203441143036, 0.13193757832050323, 0.1272837370634079, 0.1281091272830963, 0.1271008849143982, 0.1250913441181183, 0.12457840889692307, 0.12294971942901611, 0.12314039468765259, 0.12397637218236923, 0.12250100821256638, 0.1239224225282669, 0.12336164712905884, 0.12352532148361206, 0.12191466242074966, 0.12351814657449722, 0.12417232245206833, 0.12234637886285782, 0.12204059213399887, 0.12069115787744522, 0.12099424749612808, 0.12063354253768921, 0.12004680931568146, 0.12024879455566406, 0.12152359634637833, 0.12042168527841568, 0.11978348344564438, 0.11820162832736969, 0.11931969970464706, 0.12153361737728119, 0.11871951073408127, 0.1193242222070694, 0.12002818286418915, 0.11956880241632462, 0.11986932158470154, 0.11986327916383743, 0.11869208514690399, 0.1186462789773941, 0.12020525336265564, 0.11927088350057602, 0.11953219026327133, 0.11786972731351852, 0.11951176822185516, 0.11853411048650742, 0.11827952414751053, 0.119366854429245, 0.11768956482410431, 0.1183331161737442, 0.1179247498512268, 0.11918660998344421, 0.11830064654350281, 0.11646156758069992, 0.11729855835437775, 0.11698918789625168, 0.11698171496391296, 0.11749967187643051, 0.1153746247291565, 0.11612140387296677, 0.11711545288562775, 0.11653580516576767, 0.12204793095588684, 0.1165522038936615, 0.11788506805896759, 0.11837032437324524, 0.1160280704498291, 0.11635783314704895, 0.11801159381866455, 0.11713961511850357, 0.11601351201534271, 0.11639844626188278, 0.11789338290691376, 0.11490126699209213, 0.11696816980838776, 0.11603875458240509, 0.11535640805959702, 0.11493995040655136, 0.11536481976509094, 0.11564561724662781, 0.11637327820062637, 0.1158844530582428, 0.11468379944562912, 0.11602042615413666, 0.11637827008962631, 0.11341137439012527, 0.1139015257358551, 0.11547283828258514, 0.11504613608121872, 0.11381364613771439, 0.11400734633207321, 0.11323592811822891, 0.1133737862110138], "accuracy": [0.7960869669914246, 0.8113043308258057, 0.9031521677970886, 0.9413043260574341, 0.9503260850906372, 0.9536956548690796, 0.955978274345398, 0.9589130282402039, 0.9589130282402039, 0.9590217471122742, 0.9584782719612122, 0.9588043689727783, 0.9588043689727783, 0.958695650100708, 0.9606521725654602, 0.960869550704956, 0.9583695530891418, 0.9605434536933899, 0.9611956477165222, 0.960869550704956, 0.9602174162864685, 0.9614130258560181, 0.9607608914375305, 0.9616304636001587, 0.9604347944259644, 0.9588043689727783, 0.9609782695770264, 0.960869550704956, 0.9617391228675842, 0.9624999761581421, 0.9613043665885925, 0.9617391228675842, 0.9614130258560181, 0.9605434536933899, 0.9622825980186462, 0.9619565010070801, 0.9611956477165222, 0.9617391228675842, 0.960869550704956, 0.9613043665885925, 0.9614130258560181, 0.9616304636001587, 0.9624999761581421, 0.9613043665885925, 0.9618478417396545, 0.9632608890533447, 0.9624999761581421, 0.9619565010070801, 0.9620652198791504, 0.9621739387512207, 0.9626086950302124, 0.9624999761581421, 0.9628260731697083, 0.9624999761581421, 0.9638043642044067, 0.9623913168907166, 0.9621739387512207, 0.9619565010070801, 0.9619565010070801, 0.9620652198791504, 0.9636956453323364, 0.9629347920417786, 0.9629347920417786, 0.9631521701812744, 0.9617391228675842, 0.9626086950302124, 0.9632608890533447, 0.9633695483207703, 0.9622825980186462, 0.9607608914375305, 0.9626086950302124, 0.9618478417396545, 0.9620652198791504, 0.9627174139022827, 0.9617391228675842, 0.9615217447280884, 0.9621739387512207, 0.9627174139022827, 0.9624999761581421, 0.9627174139022827, 0.9634782671928406, 0.9623913168907166, 0.9609782695770264, 0.9623913168907166, 0.9633695483207703, 0.9631521701812744, 0.9635869860649109, 0.9631521701812744, 0.9629347920417786, 0.9635869860649109, 0.9623913168907166, 0.9621739387512207, 0.9638043642044067, 0.9619565010070801, 0.9635869860649109, 0.9634782671928406, 0.9631521701812744, 0.9640217423439026, 0.9645652174949646, 0.9628260731697083], "val_loss": [0.44332146644592285, 0.3141869306564331, 0.22590593993663788, 0.18015746772289276, 0.16119709610939026, 0.1544102281332016, 0.14692410826683044, 0.14162708818912506, 0.13852080702781677, 0.1371700018644333, 0.1438349038362503, 0.1361818164587021, 0.14336001873016357, 0.13415300846099854, 0.13627158105373383, 0.1348661482334137, 0.13376189768314362, 0.13692831993103027, 0.13565406203269958, 0.13220037519931793, 0.14129739999771118, 0.13467220962047577, 0.14040936529636383, 0.1327332854270935, 0.1384941190481186, 0.13126227259635925, 0.1339883804321289, 0.13149981200695038, 0.13536670804023743, 0.13073647022247314, 0.13132496178150177, 0.13985301554203033, 0.13081426918506622, 0.14350883662700653, 0.13283619284629822, 0.1351863294839859, 0.13023357093334198, 0.1443890780210495, 0.13158245384693146, 0.13694821298122406, 0.1414106786251068, 0.13105930387973785, 0.13215015828609467, 0.13114455342292786, 0.13056634366512299, 0.13206082582473755, 0.13557705283164978, 0.13149146735668182, 0.13014736771583557, 0.13274258375167847, 0.12994465231895447, 0.14337725937366486, 0.13281217217445374, 0.13493019342422485, 0.13000766932964325, 0.13140752911567688, 0.1292172372341156, 0.13134393095970154, 0.12997324764728546, 0.13550594449043274, 0.13317818939685822, 0.135982483625412, 0.13160651922225952, 0.1301662027835846, 0.13088642060756683, 0.1307394653558731, 0.1303648203611374, 0.13474860787391663, 0.12961207330226898, 0.13136596977710724, 0.1285650134086609, 0.1281118243932724, 0.1276819109916687, 0.1278853416442871, 0.13902759552001953, 0.1283685266971588, 0.13019554316997528, 0.1313774138689041, 0.12881292402744293, 0.12807801365852356, 0.128062441945076, 0.13130982220172882, 0.1289876103401184, 0.1298588067293167, 0.12947797775268555, 0.12872275710105896, 0.12624813616275787, 0.12617769837379456, 0.127117320895195, 0.13194158673286438, 0.1431254744529724, 0.12718768417835236, 0.13759079575538635, 0.12717539072036743, 0.13778051733970642, 0.1286088079214096, 0.12981681525707245, 0.12780030071735382, 0.1284625381231308, 0.12687285244464874],