{"loss": [0.49149200320243835, 0.3987109959125519, 0.2717970609664917, 0.19813263416290283, 0.1641605794429779, 0.14809632301330566, 0.14179913699626923, 0.13299284875392914, 0.13145822286605835, 0.12923182547092438, 0.12754280865192413, 0.12874682247638702, 0.1263100951910019, 0.1255345195531845, 0.12379521876573563, 0.12545709311962128, 0.1238175481557846, 0.12205996364355087, 0.12247777730226517, 0.12453863769769669, 0.12076166272163391, 0.12219848483800888, 0.12128596752882004, 0.12300571799278259, 0.12143924832344055, 0.12193185836076736, 0.12018688768148422, 0.12037330865859985, 0.12183232605457306, 0.1212795227766037, 0.12005409598350525, 0.12004364281892776, 0.12020564824342728, 0.12020321935415268, 0.12023432552814484, 0.12112961709499359, 0.11885930597782135, 0.11900786310434341, 0.12559396028518677, 0.12046345323324203, 0.12037848681211472, 0.11913275718688965, 0.11969421058893204, 0.11909274011850357, 0.11758270114660263, 0.11929427087306976, 0.11978784948587418, 0.11950008571147919, 0.11781875044107437, 0.11798302829265594, 0.11888739466667175, 0.11858593672513962, 0.11887429654598236, 0.11924619227647781, 0.11918007582426071, 0.12134591490030289, 0.11840587109327316, 0.11727719753980637, 0.11654474586248398, 0.11857443302869797, 0.11755445599555969, 0.11867497861385345, 0.11709918826818466, 0.11652006953954697, 0.11621832847595215, 0.11693380773067474, 0.11664079874753952, 0.117332324385643, 0.11667587608098984, 0.1165601909160614, 0.11818644404411316, 0.11582924425601959, 0.11523070186376572, 0.11757250875234604, 0.11761104315519333, 0.11528023332357407, 0.1170644462108612, 0.11825226992368698, 0.1152426153421402, 0.11552709341049194, 0.11545863747596741, 0.11633927375078201, 0.11575590819120407, 0.11531194299459457, 0.11646955460309982, 0.11671841889619827, 0.11546867340803146, 0.11624113470315933, 0.11534334719181061, 0.1156671941280365, 0.11545608192682266, 0.11397836357355118, 0.11554957181215286, 0.11518269777297974, 0.1139182597398758, 0.11446522921323776, 0.11591915041208267, 0.11575861275196075, 0.1165820062160492, 0.11358506232500076], "accuracy": [0.7979347705841064, 0.8098912835121155, 0.8982608914375305, 0.939130425453186, 0.9509782791137695, 0.9542391300201416, 0.9561956524848938, 0.9582608938217163, 0.958695650100708, 0.9588043689727783, 0.960326075553894, 0.958695650100708, 0.9591304063796997, 0.959782600402832, 0.9613043665885925, 0.9594565033912659, 0.9594565033912659, 0.9606521725654602, 0.9617391228675842, 0.9602174162864685, 0.9620652198791504, 0.9607608914375305, 0.9605434536933899, 0.9610869288444519, 0.9615217447280884, 0.9599999785423279, 0.9610869288444519, 0.9615217447280884, 0.9606521725654602, 0.9610869288444519, 0.9623913168907166, 0.9616304636001587, 0.9619565010070801, 0.9614130258560181, 0.960869550704956, 0.9611956477165222, 0.9621739387512207, 0.9628260731697083, 0.9594565033912659, 0.9615217447280884, 0.9624999761581421, 0.9615217447280884, 0.9616304636001587, 0.9617391228675842, 0.9632608890533447, 0.9610869288444519, 0.9611956477165222, 0.9614130258560181, 0.9617391228675842, 0.9624999761581421, 0.9631521701812744, 0.9614130258560181, 0.9620652198791504, 0.9621739387512207, 0.9621739387512207, 0.9616304636001587, 0.9626086950302124, 0.9614130258560181, 0.9621739387512207, 0.9630434513092041, 0.9629347920417786, 0.9621739387512207, 0.9623913168907166, 0.9632608890533447, 0.9626086950302124, 0.9632608890533447, 0.9619565010070801, 0.9626086950302124, 0.9621739387512207, 0.9622825980186462, 0.9620652198791504, 0.9634782671928406, 0.9631521701812744, 0.9606521725654602, 0.9629347920417786, 0.9629347920417786, 0.9611956477165222, 0.9639130234718323, 0.9635869860649109, 0.9636956453323364, 0.9635869860649109, 0.9628260731697083, 0.9631521701812744, 0.9617391228675842, 0.9618478417396545, 0.9626086950302124, 0.9623913168907166, 0.9630434513092041, 0.9639130234718323, 0.9632608890533447, 0.9633695483207703, 0.9636956453323364, 0.9633695483207703, 0.9632608890533447, 0.9626086950302124, 0.9627174139022827, 0.9627174139022827, 0.9626086950302124, 0.9611956477165222, 0.9630434513092041], "val_loss": [0.45696017146110535, 0.3308435380458832, 0.2314077764749527, 0.18523986637592316, 0.17073309421539307, 0.14966142177581787, 0.14904460310935974, 0.14001238346099854, 0.1377205103635788, 0.13864584267139435, 0.1497575044631958, 0.13759730756282806, 0.13477912545204163, 0.13350330293178558, 0.15443874895572662, 0.13310830295085907, 0.14208121597766876, 0.146319180727005, 0.14189691841602325, 0.13898290693759918, 0.13527999818325043, 0.13887841999530792, 0.13329705595970154, 0.13725684583187103, 0.13189511001110077, 0.13153865933418274, 0.1380913406610489, 0.130875363945961, 0.1350264996290207, 0.1328095942735672, 0.14388154447078705, 0.1313365399837494, 0.13638636469841003, 0.13969455659389496, 0.15616463124752045, 0.13290882110595703, 0.13990265130996704, 0.13986319303512573, 0.1309991031885147, 0.1308993250131607, 0.13289278745651245, 0.13181762397289276, 0.1328137218952179, 0.13042785227298737, 0.1322081834077835, 0.1373884528875351, 0.1311524510383606, 0.13210546970367432, 0.1331382393836975, 0.1425250917673111, 0.1330530345439911, 0.1312187761068344, 0.131672203540802, 0.1359691619873047, 0.13081036508083344, 0.13229449093341827, 0.1293192356824875, 0.1305985003709793, 0.13230645656585693, 0.13725736737251282, 0.12944296002388, 0.1309642344713211, 0.13045634329319, 0.13601432740688324, 0.14467674493789673, 0.12943097949028015, 0.13021734356880188, 0.1303565353155136, 0.12902651727199554, 0.12883782386779785, 0.13185904920101166, 0.13383008539676666, 0.1290486454963684, 0.15144622325897217, 0.14087297022342682, 0.13069497048854828, 0.130086749792099, 0.13064974546432495, 0.12823444604873657, 0.1330295354127884, 0.12773573398590088, 0.1348743885755539, 0.13159379363059998, 0.13021747767925262, 0.1352464258670807, 0.13039107620716095, 0.1304784119129181, 0.1296788901090622, 0.1310749650001526, 0.12914612889289856, 0.1285296529531479, 0.1295749694108963, 0.12993223965168, 0.1275806427001953, 0.1299656480550766, 0.145578071475029, 0.12811779975891113, 0.13595199584960938, 0.12788742780685425, 0.12835760414600372],