{"loss": [0.50605309009552, 0.46455079317092896, 0.40642061829566956, 0.33289697766304016, 0.26744043827056885, 0.22079668939113617, 0.19110390543937683, 0.17113792896270752, 0.15844719111919403, 0.1487777829170227, 0.14366619288921356, 0.1386641412973404, 0.13537447154521942, 0.13246236741542816, 0.13033407926559448, 0.12954871356487274, 0.1268976777791977, 0.12614919245243073, 0.12637174129486084, 0.12451120465993881, 0.12478657811880112, 0.12364707887172699, 0.12321176379919052, 0.12229049205780029, 0.12358358502388, 0.12263116240501404, 0.12158703058958054, 0.12173289060592651, 0.12125995010137558, 0.12044601887464523, 0.12026404589414597, 0.11974455416202545, 0.11892831325531006, 0.12059153616428375, 0.12007839232683182, 0.11846712976694107, 0.12153632193803787, 0.1195397675037384, 0.11931652575731277, 0.11913465708494186, 0.11838813126087189, 0.11843647807836533, 0.11826884746551514, 0.11978164315223694, 0.11976582556962967, 0.11978910863399506, 0.11811021715402603, 0.11870934814214706, 0.11797730624675751, 0.11896615475416183, 0.11942245811223984, 0.11725031584501266, 0.11797681450843811, 0.11797475069761276, 0.11719373613595963, 0.11839859932661057, 0.11844116449356079, 0.11794713884592056, 0.11873529851436615, 0.11978975683450699, 0.11679664999246597, 0.11650751531124115, 0.11698085814714432, 0.11679163575172424, 0.11793575435876846, 0.11638157069683075, 0.11675561219453812, 0.11711859703063965, 0.11769583076238632, 0.11603428423404694, 0.11628495156764984, 0.11722058057785034, 0.11646042764186859, 0.11663887649774551, 0.1173567920923233, 0.11559657752513885, 0.11565353721380234, 0.11588426679372787, 0.11609897762537003, 0.11768271774053574, 0.11674961447715759, 0.11675398051738739, 0.11612749099731445, 0.11649584025144577, 0.11592212319374084, 0.11494047939777374, 0.11530514806509018, 0.11652518808841705, 0.11646265536546707, 0.11596208810806274, 0.11549901217222214, 0.11492965370416641, 0.1155761182308197, 0.11591965705156326, 0.11481796950101852, 0.11574551463127136, 0.1151570975780487, 0.11575604230165482, 0.11548735201358795, 0.11739577353000641], "accuracy": [0.7997826337814331, 0.7997826337814331, 0.8013043403625488, 0.8401086926460266, 0.9022825956344604, 0.9283695816993713, 0.9416304230690002, 0.9479348063468933, 0.9521738886833191, 0.9542391300201416, 0.9561956524848938, 0.9557608962059021, 0.955978274345398, 0.958695650100708, 0.9589130282402039, 0.9582608938217163, 0.959782600402832, 0.9593478441238403, 0.9596739411354065, 0.9589130282402039, 0.9595652222633362, 0.9605434536933899, 0.9599999785423279, 0.959782600402832, 0.9606521725654602, 0.9598913192749023, 0.960869550704956, 0.9601086974143982, 0.9619565010070801, 0.960869550704956, 0.9611956477165222, 0.9607608914375305, 0.9622825980186462, 0.9607608914375305, 0.9619565010070801, 0.9620652198791504, 0.9599999785423279, 0.9602174162864685, 0.9604347944259644, 0.9610869288444519, 0.9617391228675842, 0.9628260731697083, 0.9621739387512207, 0.960869550704956, 0.9610869288444519, 0.9614130258560181, 0.9617391228675842, 0.9622825980186462, 0.9626086950302124, 0.9616304636001587, 0.9617391228675842, 0.9622825980186462, 0.9635869860649109, 0.9627174139022827, 0.9607608914375305, 0.9619565010070801, 0.9615217447280884, 0.9613043665885925, 0.9601086974143982, 0.9616304636001587, 0.9620652198791504, 0.9622825980186462, 0.9618478417396545, 0.9611956477165222, 0.9605434536933899, 0.9628260731697083, 0.9630434513092041, 0.9634782671928406, 0.9618478417396545, 0.9635869860649109, 0.9617391228675842, 0.9619565010070801, 0.9621739387512207, 0.9629347920417786, 0.9618478417396545, 0.9627174139022827, 0.9623913168907166, 0.9622825980186462, 0.9624999761581421, 0.9617391228675842, 0.9626086950302124, 0.9617391228675842, 0.9631521701812744, 0.9622825980186462, 0.9629347920417786, 0.9627174139022827, 0.9623913168907166, 0.9633695483207703, 0.9629347920417786, 0.9616304636001587, 0.9624999761581421, 0.9642391204833984, 0.9618478417396545, 0.9634782671928406, 0.9628260731697083, 0.9633695483207703, 0.9631521701812744, 0.9620652198791504, 0.9623913168907166, 0.9620652198791504], "val_loss": [0.4826810956001282, 0.44008055329322815, 0.3755944073200226, 0.2999400794506073, 0.24397459626197815, 0.20835049450397491, 0.18541443347930908, 0.16973669826984406, 0.16242647171020508, 0.1525000035762787, 0.1473609060049057, 0.14416052401065826, 0.14089930057525635, 0.13883905112743378, 0.13922348618507385, 0.1360456347465515, 0.13690604269504547, 0.13441750407218933, 0.13379310071468353, 0.13562209904193878, 0.13443616032600403, 0.13468420505523682, 0.13948725163936615, 0.14021196961402893, 0.13163457810878754, 0.14552965760231018, 0.13393984735012054, 0.13114885985851288, 0.13059622049331665, 0.13435640931129456, 0.13192668557167053, 0.13268661499023438, 0.13402879238128662, 0.14155013859272003, 0.1295192837715149, 0.12967802584171295, 0.13037537038326263, 0.13055621087551117, 0.12976543605327606, 0.1315803974866867, 0.1316555142402649, 0.13022606074810028, 0.1305711716413498, 0.13030120730400085, 0.13499295711517334, 0.12922582030296326, 0.13246294856071472, 0.13412556052207947, 0.13023458421230316, 0.13298003375530243, 0.12949970364570618, 0.13008950650691986, 0.1312391310930252, 0.12874402105808258, 0.1292760670185089, 0.12900777161121368, 0.1326035112142563, 0.13708318769931793, 0.13264912366867065, 0.1307011991739273, 0.12901096045970917, 0.13153667747974396, 0.12955424189567566, 0.12887924909591675, 0.13062819838523865, 0.13069695234298706, 0.13618047535419464, 0.12924081087112427, 0.12858253717422485, 0.13053558766841888, 0.12880341708660126, 0.1356039047241211, 0.1342068761587143, 0.13538117706775665, 0.13026434183120728, 0.12965483963489532, 0.12894999980926514, 0.1306222677230835, 0.1388588398694992, 0.13105644285678864, 0.1299424022436142, 0.129715695977211, 0.13068358600139618, 0.12819667160511017, 0.12981827557086945, 0.1323057860136032, 0.13101649284362793, 0.1302623599767685, 0.13234543800354004, 0.13639414310455322, 0.12878765165805817, 0.12812639772891998, 0.12909185886383057, 0.13013558089733124, 0.1300070881843567, 0.13444645702838898, 0.13078869879245758, 0.12835350632667542, 0.12809136509895325, 0.13331402838230133],