{"loss": [0.6307153105735779, 0.4695231318473816, 0.45398661494255066, 0.42891088128089905, 0.3971666097640991, 0.36173486709594727, 0.32578471302986145, 0.2929055988788605, 0.2636163532733917, 0.2383919060230255, 0.21813376247882843, 0.2012709677219391, 0.18850037455558777, 0.17679718136787415, 0.1681661456823349, 0.16056488454341888, 0.154800683259964, 0.1494397222995758, 0.14496935904026031, 0.14169074594974518, 0.13827693462371826, 0.1356697380542755, 0.13359524309635162, 0.13234585523605347, 0.1300690472126007, 0.12894529104232788, 0.12692207098007202, 0.1259031593799591, 0.1248217225074768, 0.1247541755437851, 0.12416291981935501, 0.1230945885181427, 0.12255293875932693, 0.12166907638311386, 0.1217624843120575, 0.12147724628448486, 0.12082106620073318, 0.1208350658416748, 0.1194169819355011, 0.119561105966568, 0.11915211379528046, 0.1190161406993866, 0.11941073089838028, 0.11868389695882797, 0.11919163167476654, 0.11803179234266281, 0.11867659538984299, 0.11772552132606506, 0.11819073557853699, 0.11760234087705612, 0.11824943125247955, 0.11755864322185516, 0.1177445650100708, 0.11781000345945358, 0.11836498975753784, 0.11754675954580307, 0.11758856475353241, 0.1167726218700409, 0.1173626035451889, 0.11654039472341537, 0.11746931076049805, 0.11702968180179596, 0.11702798306941986, 0.11639883369207382, 0.11618004739284515, 0.11649604141712189, 0.11676902323961258, 0.11646013706922531, 0.1169927716255188, 0.11644337326288223, 0.11541149765253067, 0.11568393558263779, 0.11591487377882004, 0.11562912911176682, 0.11556422710418701, 0.11582102626562119, 0.1161254495382309, 0.11504971981048584, 0.11526507884263992, 0.11571793258190155, 0.11586934328079224, 0.1157272607088089, 0.11541566252708435, 0.11486992985010147, 0.11624521017074585, 0.1153826117515564, 0.1152685284614563, 0.11564552783966064, 0.11513648182153702, 0.11452888697385788, 0.11516083776950836, 0.1156148910522461, 0.11508046090602875, 0.11513715982437134, 0.11509323865175247, 0.11435195058584213, 0.1159326583147049, 0.11476561427116394, 0.11489332467317581, 0.11485642194747925], "accuracy": [0.6365217566490173, 0.7997826337814331, 0.7997826337814331, 0.7997826337814331, 0.8008695840835571, 0.8193477988243103, 0.8531521558761597, 0.8848913311958313, 0.9063043594360352, 0.9209782481193542, 0.9298912882804871, 0.9365217685699463, 0.9421738982200623, 0.9453260898590088, 0.948913037776947, 0.9511956572532654, 0.9522826075553894, 0.9540217518806458, 0.9541304111480713, 0.9560869336128235, 0.955978274345398, 0.95652174949646, 0.9572826027870178, 0.9578260779380798, 0.957608699798584, 0.958695650100708, 0.9594565033912659, 0.9593478441238403, 0.9606521725654602, 0.9590217471122742, 0.960326075553894, 0.959782600402832, 0.9607608914375305, 0.9606521725654602, 0.959782600402832, 0.9598913192749023, 0.9605434536933899, 0.9610869288444519, 0.9599999785423279, 0.960869550704956, 0.9602174162864685, 0.9614130258560181, 0.9621739387512207, 0.9604347944259644, 0.959782600402832, 0.9618478417396545, 0.9609782695770264, 0.9606521725654602, 0.9616304636001587, 0.9607608914375305, 0.9618478417396545, 0.9615217447280884, 0.9611956477165222, 0.9602174162864685, 0.9602174162864685, 0.9613043665885925, 0.9609782695770264, 0.9615217447280884, 0.9609782695770264, 0.9628260731697083, 0.9609782695770264, 0.9621739387512207, 0.9622825980186462, 0.9615217447280884, 0.9616304636001587, 0.9617391228675842, 0.9619565010070801, 0.9622825980186462, 0.9622825980186462, 0.9619565010070801, 0.9618478417396545, 0.9617391228675842, 0.9627174139022827, 0.9622825980186462, 0.9618478417396545, 0.9614130258560181, 0.9613043665885925, 0.9617391228675842, 0.9627174139022827, 0.9622825980186462, 0.9624999761581421, 0.9610869288444519, 0.9614130258560181, 0.9629347920417786, 0.9626086950302124, 0.9629347920417786, 0.9624999761581421, 0.9626086950302124, 0.9620652198791504, 0.9620652198791504, 0.9629347920417786, 0.9620652198791504, 0.9620652198791504, 0.9623913168907166, 0.9624999761581421, 0.9615217447280884, 0.9629347920417786, 0.9626086950302124, 0.9627174139022827, 0.9629347920417786], "val_loss": [0.47545909881591797, 0.4640839099884033, 0.44459250569343567, 0.416108101606369, 0.38258296251296997, 0.3479289710521698, 0.31369543075561523, 0.28290390968322754, 0.25614798069000244, 0.23553849756717682, 0.21615645289421082, 0.2012724131345749, 0.19236943125724792, 0.1797046959400177, 0.17176556587219238, 0.16549599170684814, 0.15994931757450104, 0.15738238394260406, 0.15207886695861816, 0.14964857697486877, 0.14609409868717194, 0.14716345071792603, 0.14182470738887787, 0.13978879153728485, 0.14134864509105682, 0.13808824121952057, 0.13660059869289398, 0.13670751452445984, 0.1367955356836319, 0.1335863471031189, 0.13438881933689117, 0.1342785656452179, 0.13351678848266602, 0.1325942575931549, 0.13160869479179382, 0.13338042795658112, 0.13090099394321442, 0.13093234598636627, 0.1305834949016571, 0.1306193619966507, 0.13085472583770752, 0.13030844926834106, 0.12976126372814178, 0.1320594698190689, 0.13273468613624573, 0.1337236911058426, 0.12961091101169586, 0.13019131124019623, 0.12964092195034027, 0.1315513253211975, 0.1306225061416626, 0.12991496920585632, 0.12960299849510193, 0.12949210405349731, 0.1301935613155365, 0.12984657287597656, 0.13044001162052155, 0.12986740469932556, 0.12944839894771576, 0.1290566325187683, 0.13050946593284607, 0.12925830483436584, 0.12928345799446106, 0.12910151481628418, 0.12954190373420715, 0.12934884428977966, 0.13082778453826904, 0.1295827180147171, 0.12951350212097168, 0.1307932734489441, 0.12932342290878296, 0.1288379728794098, 0.13028624653816223, 0.12993784248828888, 0.13315066695213318, 0.12922118604183197, 0.1296885758638382, 0.1314660608768463, 0.12901996076107025, 0.13816393911838531, 0.12949983775615692, 0.12924595177173615, 0.12928877770900726, 0.13037267327308655, 0.12952814996242523, 0.12919646501541138, 0.12946642935276031, 0.13179071247577667, 0.1292005330324173, 0.13756780326366425, 0.1294483244419098, 0.129423126578331, 0.1299000233411789, 0.1300792694091797, 0.12936431169509888, 0.14513228833675385, 0.12943904101848602, 0.12978051602840424, 0.13694965839385986, 0.13266117870807648],