{"loss": [0.49422332644462585, 0.4253586530685425, 0.32929790019989014, 0.24640528857707977, 0.1963483989238739, 0.16904394328594208, 0.15374979376792908, 0.14624103903770447, 0.13881121575832367, 0.13646967709064484, 0.1315966546535492, 0.13076701760292053, 0.13095806539058685, 0.12761300802230835, 0.12637589871883392, 0.12608979642391205, 0.12432464957237244, 0.1251174360513687, 0.12353065609931946, 0.12279123067855835, 0.12160685658454895, 0.12305861711502075, 0.12113413959741592, 0.12153905630111694, 0.12212439626455307, 0.12108723819255829, 0.12035142630338669, 0.12135998159646988, 0.12170510739088058, 0.12070766091346741, 0.12151239812374115, 0.11995386332273483, 0.1206183135509491, 0.11898426711559296, 0.11965327709913254, 0.12009652704000473, 0.11917164921760559, 0.1198713630437851, 0.11950226873159409, 0.11902619898319244, 0.11934024840593338, 0.11924401670694351, 0.12050825357437134, 0.11988522857427597, 0.11773372441530228, 0.11917615681886673, 0.11969178915023804, 0.11832845956087112, 0.11837184429168701, 0.1195465475320816, 0.11774806678295135, 0.11903171986341476, 0.11872902512550354, 0.11937457323074341, 0.11691663414239883, 0.11797353625297546, 0.11776342988014221, 0.1196671575307846, 0.1190081238746643, 0.11694996803998947, 0.11644186079502106, 0.1185126006603241, 0.11953321099281311, 0.11816968768835068, 0.11774490028619766, 0.11819326877593994, 0.11812072992324829, 0.1175844669342041, 0.11679481714963913, 0.11775676906108856, 0.11712513864040375, 0.11634412407875061, 0.11667196452617645, 0.1176728755235672, 0.11777886748313904, 0.11638148128986359, 0.11679819226264954, 0.11594674736261368, 0.11645106971263885, 0.11881033331155777, 0.11524359881877899, 0.11577644944190979, 0.11925433576107025, 0.11635871976613998, 0.11616522818803787, 0.116701140999794, 0.11645907163619995, 0.11617477983236313, 0.11554709821939468, 0.11661761999130249, 0.1161494106054306, 0.1157626211643219, 0.11678864806890488, 0.11614608019590378, 0.11537662893533707, 0.11494466662406921, 0.11671898514032364, 0.1162479966878891, 0.11589965969324112, 0.11416476219892502], "accuracy": [0.7956521511077881, 0.8002173900604248, 0.8482608795166016, 0.9167391061782837, 0.9384782314300537, 0.9486956596374512, 0.9526087045669556, 0.9547826051712036, 0.957608699798584, 0.9563043713569641, 0.9577174186706543, 0.9593478441238403, 0.9585869312286377, 0.9593478441238403, 0.958695650100708, 0.9594565033912659, 0.9605434536933899, 0.9604347944259644, 0.9599999785423279, 0.9601086974143982, 0.9591304063796997, 0.9604347944259644, 0.960326075553894, 0.9609782695770264, 0.9602174162864685, 0.9606521725654602, 0.9606521725654602, 0.960326075553894, 0.9611956477165222, 0.9614130258560181, 0.9611956477165222, 0.9610869288444519, 0.9615217447280884, 0.9628260731697083, 0.9606521725654602, 0.9616304636001587, 0.9618478417396545, 0.9614130258560181, 0.9618478417396545, 0.9618478417396545, 0.9616304636001587, 0.9623913168907166, 0.9615217447280884, 0.9605434536933899, 0.9620652198791504, 0.9623913168907166, 0.9623913168907166, 0.9613043665885925, 0.9616304636001587, 0.9609782695770264, 0.9628260731697083, 0.9624999761581421, 0.9621739387512207, 0.9627174139022827, 0.9614130258560181, 0.9624999761581421, 0.9627174139022827, 0.9617391228675842, 0.9631521701812744, 0.9618478417396545, 0.9626086950302124, 0.9620652198791504, 0.9620652198791504, 0.9626086950302124, 0.9607608914375305, 0.9631521701812744, 0.9619565010070801, 0.9611956477165222, 0.9610869288444519, 0.9627174139022827, 0.9622825980186462, 0.9630434513092041, 0.9619565010070801, 0.9623913168907166, 0.9626086950302124, 0.9629347920417786, 0.9616304636001587, 0.9629347920417786, 0.9634782671928406, 0.9617391228675842, 0.9635869860649109, 0.9609782695770264, 0.9610869288444519, 0.9621739387512207, 0.9633695483207703, 0.9615217447280884, 0.9631521701812744, 0.9620652198791504, 0.9628260731697083, 0.9624999761581421, 0.9635869860649109, 0.9633695483207703, 0.9635869860649109, 0.9632608890533447, 0.9627174139022827, 0.9632608890533447, 0.9620652198791504, 0.9622825980186462, 0.9631521701812744, 0.9627174139022827], "val_loss": [0.4650912880897522, 0.3802841901779175, 0.29637351632118225, 0.2225717157125473, 0.19284677505493164, 0.16934609413146973, 0.15497657656669617, 0.14853937923908234, 0.14613430202007294, 0.14096719026565552, 0.14283549785614014, 0.13667576014995575, 0.14521563053131104, 0.14465272426605225, 0.13405601680278778, 0.1370014101266861, 0.13314101099967957, 0.13879816234111786, 0.13857698440551758, 0.13169042766094208, 0.13208046555519104, 0.1313716620206833, 0.13588140904903412, 0.1346828192472458, 0.13261577486991882, 0.13211072981357574, 0.13389301300048828, 0.13342750072479248, 0.13704799115657806, 0.13136553764343262, 0.1342191845178604, 0.13313347101211548, 0.13498985767364502, 0.13873271644115448, 0.1335340142250061, 0.1332084983587265, 0.13577422499656677, 0.1401720941066742, 0.13334612548351288, 0.1316688358783722, 0.13690082728862762, 0.1323174387216568, 0.13249768316745758, 0.13270685076713562, 0.13080088794231415, 0.13303595781326294, 0.13410332798957825, 0.1304425448179245, 0.13491696119308472, 0.1318138688802719, 0.166889950633049, 0.13266253471374512, 0.13042400777339935, 0.13394944369792938, 0.1312461495399475, 0.13076403737068176, 0.13026654720306396, 0.13220016658306122, 0.14511913061141968, 0.1378864049911499, 0.14079876244068146, 0.13113538920879364, 0.13020522892475128, 0.13897939026355743, 0.1312776505947113, 0.13079287111759186, 0.13643881678581238, 0.12964750826358795, 0.13123565912246704, 0.132200226187706, 0.13036078214645386, 0.1341543346643448, 0.13158166408538818, 0.13428935408592224, 0.14214648306369781, 0.13013751804828644, 0.1309698075056076, 0.13191351294517517, 0.13179965317249298, 0.14054825901985168, 0.14242209494113922, 0.1307399719953537, 0.1307797133922577, 0.13457317650318146, 0.13213412463665009, 0.1295718401670456, 0.13025400042533875, 0.13320975005626678, 0.1293264776468277, 0.13284946978092194, 0.13149774074554443, 0.12992413341999054, 0.12963654100894928, 0.130580872297287, 0.14231643080711365, 0.12906624376773834, 0.15652678906917572, 0.13314507901668549, 0.1301741749048233, 0.12824514508247375],