{"loss": [0.5081281065940857, 0.46712833642959595, 0.3988601565361023, 0.3121238648891449, 0.2425834834575653, 0.19971248507499695, 0.17311659455299377, 0.15880323946475983, 0.14967569708824158, 0.14183686673641205, 0.13754570484161377, 0.13476039469242096, 0.13161462545394897, 0.1292320340871811, 0.1273382008075714, 0.12590868771076202, 0.12651480734348297, 0.12502531707286835, 0.12279802560806274, 0.12301582843065262, 0.12303674966096878, 0.1221594363451004, 0.12125757336616516, 0.12160751968622208, 0.12047848850488663, 0.12079291045665741, 0.12092602252960205, 0.12053976207971573, 0.12290225923061371, 0.12036911398172379, 0.119950070977211, 0.11902385205030441, 0.11919576674699783, 0.11986920982599258, 0.11813367903232574, 0.11799242347478867, 0.1191491037607193, 0.11905636638402939, 0.11797311902046204, 0.118069127202034, 0.11922702938318253, 0.11793016642332077, 0.11787223815917969, 0.11727381497621536, 0.11900454014539719, 0.11726867407560349, 0.11752941459417343, 0.11754496395587921, 0.11717400699853897, 0.11775853484869003, 0.11598888784646988, 0.11713793873786926, 0.11686377227306366, 0.11761470884084702, 0.11661878228187561, 0.11673884093761444, 0.11717765778303146, 0.11641815304756165, 0.11637444794178009, 0.1161346286535263, 0.11705733835697174, 0.11601230502128601, 0.11646456271409988, 0.116970494389534, 0.11487791687250137, 0.11588998883962631, 0.11785227805376053, 0.11539310961961746, 0.11661553382873535, 0.11505935341119766, 0.11515557020902634, 0.11469800770282745, 0.11575378477573395, 0.11518773436546326, 0.11508847773075104, 0.11458565294742584, 0.11568749696016312, 0.11576718837022781, 0.1144523024559021, 0.11551979184150696, 0.11801628768444061, 0.11555630713701248, 0.11476965993642807, 0.11420576274394989, 0.11425162851810455, 0.11478573828935623, 0.11415305733680725, 0.11564943939447403, 0.11506559699773788, 0.11574993282556534, 0.11590693891048431, 0.11573315411806107, 0.11451587080955505, 0.11392083019018173, 0.11488664895296097, 0.11347266286611557, 0.11618947982788086, 0.11390123516321182, 0.11512456834316254, 0.11352719366550446], "accuracy": [0.7997826337814331, 0.7997826337814331, 0.8040217161178589, 0.8611956238746643, 0.9172825813293457, 0.9375, 0.9474999904632568, 0.9516304135322571, 0.9538043737411499, 0.9564130306243896, 0.9573913216590881, 0.9564130306243896, 0.957608699798584, 0.9588043689727783, 0.9590217471122742, 0.9588043689727783, 0.9579347968101501, 0.9601086974143982, 0.9598913192749023, 0.9615217447280884, 0.960869550704956, 0.9607608914375305, 0.9611956477165222, 0.960326075553894, 0.960326075553894, 0.9615217447280884, 0.9613043665885925, 0.9611956477165222, 0.9607608914375305, 0.9605434536933899, 0.9618478417396545, 0.9614130258560181, 0.9614130258560181, 0.9606521725654602, 0.9613043665885925, 0.9621739387512207, 0.9604347944259644, 0.9619565010070801, 0.9611956477165222, 0.9622825980186462, 0.9610869288444519, 0.9616304636001587, 0.9622825980186462, 0.9622825980186462, 0.9605434536933899, 0.9606521725654602, 0.9622825980186462, 0.9609782695770264, 0.9626086950302124, 0.960326075553894, 0.9629347920417786, 0.9618478417396545, 0.9620652198791504, 0.9628260731697083, 0.9636956453323364, 0.9627174139022827, 0.9620652198791504, 0.960869550704956, 0.9631521701812744, 0.9622825980186462, 0.9616304636001587, 0.9631521701812744, 0.9624999761581421, 0.9619565010070801, 0.9634782671928406, 0.9611956477165222, 0.9616304636001587, 0.9623913168907166, 0.9624999761581421, 0.9629347920417786, 0.9633695483207703, 0.9629347920417786, 0.9623913168907166, 0.9633695483207703, 0.9629347920417786, 0.9634782671928406, 0.9624999761581421, 0.9627174139022827, 0.9643478393554688, 0.9630434513092041, 0.9618478417396545, 0.9631521701812744, 0.9628260731697083, 0.9627174139022827, 0.9626086950302124, 0.9635869860649109, 0.9624999761581421, 0.9624999761581421, 0.9617391228675842, 0.9624999761581421, 0.9615217447280884, 0.9621739387512207, 0.9630434513092041, 0.9627174139022827, 0.9623913168907166, 0.9639130234718323, 0.9621739387512207, 0.9620652198791504, 0.9633695483207703, 0.9638043642044067], "val_loss": [0.48379552364349365, 0.440591424703598, 0.35541054606437683, 0.27496668696403503, 0.22217556834220886, 0.19416400790214539, 0.17286193370819092, 0.1608380824327469, 0.1515846848487854, 0.15123236179351807, 0.14430595934391022, 0.14122626185417175, 0.13830558955669403, 0.13916544616222382, 0.13793951272964478, 0.13439814746379852, 0.1433652639389038, 0.13343968987464905, 0.13599930703639984, 0.13215143978595734, 0.13276901841163635, 0.13403484225273132, 0.13153907656669617, 0.13225685060024261, 0.13126744329929352, 0.13200414180755615, 0.13037694990634918, 0.13161036372184753, 0.13013117015361786, 0.1301443725824356, 0.1301041841506958, 0.1365060955286026, 0.13025933504104614, 0.13051438331604004, 0.13186192512512207, 0.1299290657043457, 0.12954244017601013, 0.12916330993175507, 0.13210268318653107, 0.13069012761116028, 0.13182009756565094, 0.1341698318719864, 0.13404354453086853, 0.1310460865497589, 0.12882626056671143, 0.13545472919940948, 0.13969960808753967, 0.13607020676136017, 0.13054782152175903, 0.1322823017835617, 0.1316135674715042, 0.13105610013008118, 0.13079138100147247, 0.13430196046829224, 0.13021795451641083, 0.13317294418811798, 0.12950722873210907, 0.12881508469581604, 0.1292189508676529, 0.1300639510154724, 0.12858448922634125, 0.12954185903072357, 0.1329568773508072, 0.12934653460979462, 0.12861938774585724, 0.13802266120910645, 0.13277916610240936, 0.13480231165885925, 0.12940798699855804, 0.13079431653022766, 0.12931014597415924, 0.12845978140830994, 0.1355433464050293, 0.13206957280635834, 0.13079892098903656, 0.13957293331623077, 0.139372318983078, 0.12878383696079254, 0.13053299486637115, 0.13007159531116486, 0.12860390543937683, 0.12918689846992493, 0.13518384099006653, 0.12821508944034576, 0.12827545404434204, 0.12860992550849915, 0.13230589032173157, 0.13015174865722656, 0.12787984311580658, 0.12726977467536926, 0.13177210092544556, 0.13451258838176727, 0.12814342975616455, 0.1300060898065567, 0.12996330857276917, 0.136280819773674, 0.1292044222354889, 0.13219928741455078, 0.12807674705982208, 0.13091851770877838],