{"loss": [0.48766207695007324, 0.3947073519229889, 0.26857098937034607, 0.19542302191257477, 0.1622626632452011, 0.14886844158172607, 0.14030593633651733, 0.13427387177944183, 0.13563619554042816, 0.13178864121437073, 0.12784458696842194, 0.12669840455055237, 0.12591414153575897, 0.12499464303255081, 0.12447681277990341, 0.12407006323337555, 0.12452621757984161, 0.1231348067522049, 0.12410618364810944, 0.12140456587076187, 0.1222759485244751, 0.12432347983121872, 0.12245883792638779, 0.12387578189373016, 0.12036484479904175, 0.12133429199457169, 0.12242191284894943, 0.12029505521059036, 0.12014391273260117, 0.11949208378791809, 0.12190216034650803, 0.12016058713197708, 0.11929253488779068, 0.12080201506614685, 0.12263935804367065, 0.12005793303251266, 0.11932237446308136, 0.12060366570949554, 0.11951755732297897, 0.12118232995271683, 0.11906459927558899, 0.12148638814687729, 0.11822602897882462, 0.11922436207532883, 0.12052953243255615, 0.11854757368564606, 0.11907976120710373, 0.11890346556901932, 0.11753258854150772, 0.1187426745891571, 0.11746387183666229, 0.11936617642641068, 0.11685582995414734, 0.11667343974113464, 0.11701144278049469, 0.11872778832912445, 0.11886479705572128, 0.11996905505657196, 0.11905751377344131, 0.11666878312826157, 0.1180495172739029, 0.11955077946186066, 0.11639732122421265, 0.11705583333969116, 0.117476686835289, 0.11711598187685013, 0.11608285456895828, 0.11595059931278229, 0.1162777990102768, 0.11828537285327911, 0.11672059446573257, 0.11563423275947571, 0.11633159965276718, 0.11775435507297516, 0.11534963548183441, 0.11578192561864853, 0.11496350169181824, 0.1145445853471756, 0.11661748588085175, 0.11508973687887192, 0.11457474529743195, 0.11461493372917175, 0.11541445553302765, 0.11590265482664108, 0.114564448595047, 0.11604443192481995, 0.11592511832714081, 0.11359299719333649, 0.11382324248552322, 0.1145256757736206, 0.11271125823259354, 0.11274092644453049, 0.11460855603218079, 0.11493628472089767, 0.11459172517061234, 0.11311248689889908, 0.1122211217880249, 0.11548014730215073, 0.11411300301551819, 0.11239027976989746], "accuracy": [0.7997826337814331, 0.8101087212562561, 0.9001086950302124, 0.9408695697784424, 0.9506521821022034, 0.9568478465080261, 0.9563043713569641, 0.9577174186706543, 0.9566304087638855, 0.9584782719612122, 0.958152174949646, 0.9594565033912659, 0.9598913192749023, 0.959782600402832, 0.9626086950302124, 0.9607608914375305, 0.959782600402832, 0.9607608914375305, 0.9602174162864685, 0.9613043665885925, 0.9609782695770264, 0.9598913192749023, 0.960326075553894, 0.9594565033912659, 0.9618478417396545, 0.9610869288444519, 0.9609782695770264, 0.9606521725654602, 0.9619565010070801, 0.9630434513092041, 0.9606521725654602, 0.9614130258560181, 0.9626086950302124, 0.9611956477165222, 0.9604347944259644, 0.9618478417396545, 0.9617391228675842, 0.9618478417396545, 0.9627174139022827, 0.9604347944259644, 0.9617391228675842, 0.959782600402832, 0.9621739387512207, 0.960326075553894, 0.9621739387512207, 0.9623913168907166, 0.9616304636001587, 0.960326075553894, 0.9622825980186462, 0.960326075553894, 0.9638043642044067, 0.9620652198791504, 0.9630434513092041, 0.9627174139022827, 0.9618478417396545, 0.9638043642044067, 0.9614130258560181, 0.9607608914375305, 0.9613043665885925, 0.9630434513092041, 0.9623913168907166, 0.960326075553894, 0.9639130234718323, 0.9619565010070801, 0.9628260731697083, 0.9627174139022827, 0.9626086950302124, 0.9630434513092041, 0.9619565010070801, 0.9614130258560181, 0.9617391228675842, 0.9621739387512207, 0.9622825980186462, 0.9615217447280884, 0.9635869860649109, 0.9620652198791504, 0.9629347920417786, 0.9646739363670349, 0.9617391228675842, 0.9634782671928406, 0.9638043642044067, 0.9626086950302124, 0.9627174139022827, 0.9633695483207703, 0.9631521701812744, 0.9634782671928406, 0.9619565010070801, 0.9632608890533447, 0.9639130234718323, 0.9630434513092041, 0.9638043642044067, 0.9639130234718323, 0.9628260731697083, 0.9623913168907166, 0.9628260731697083, 0.9633695483207703, 0.9641304612159729, 0.9628260731697083, 0.9633695483207703, 0.9638043642044067], "val_loss": [0.4547962248325348, 0.3264741897583008, 0.24141645431518555, 0.1874464899301529, 0.1871945559978485, 0.14909423887729645, 0.14349029958248138, 0.14848895370960236, 0.13940441608428955, 0.1364538073539734, 0.1430358588695526, 0.13449157774448395, 0.13384105265140533, 0.1393819898366928, 0.1329973191022873, 0.13352163136005402, 0.13953988254070282, 0.1322854608297348, 0.13755358755588531, 0.13216590881347656, 0.13343600928783417, 0.13172239065170288, 0.13275384902954102, 0.13283181190490723, 0.14552205801010132, 0.13240361213684082, 0.13149051368236542, 0.13253454864025116, 0.13334046304225922, 0.13259471952915192, 0.13703487813472748, 0.13161146640777588, 0.13087470829486847, 0.13627222180366516, 0.13185015320777893, 0.1306050419807434, 0.1342698633670807, 0.1307539939880371, 0.13265545666217804, 0.14870494604110718, 0.13077735900878906, 0.13789544999599457, 0.13227374851703644, 0.131026953458786, 0.13051646947860718, 0.14039276540279388, 0.13799379765987396, 0.14183922111988068, 0.13043615221977234, 0.13681428134441376, 0.12986183166503906, 0.13252557814121246, 0.1305256336927414, 0.13029125332832336, 0.13070891797542572, 0.1371753066778183, 0.13027065992355347, 0.12965936958789825, 0.13091427087783813, 0.132968008518219, 0.12943004071712494, 0.1289900839328766, 0.13450735807418823, 0.12976719439029694, 0.1308075487613678, 0.12886087596416473, 0.13451483845710754, 0.13389821350574493, 0.12855111062526703, 0.13152192533016205, 0.14332564175128937, 0.1287839710712433, 0.1279163658618927, 0.12748956680297852, 0.12895993888378143, 0.140672966837883, 0.1390969306230545, 0.13164149224758148, 0.1282055824995041, 0.12702040374279022, 0.1311185210943222, 0.12791915237903595, 0.12898041307926178, 0.14020486176013947, 0.14017096161842346, 0.12932562828063965, 0.13118040561676025, 0.14513519406318665, 0.1268673688173294, 0.12621818482875824, 0.12960131466388702, 0.13305242359638214, 0.1267230212688446, 0.14398683607578278, 0.12662099301815033, 0.12827639281749725, 0.1340850293636322, 0.1332811564207077, 0.1253037452697754, 0.12580753862857819],