{"loss": [0.4862290918827057, 0.3814561665058136, 0.2485993206501007, 0.18239134550094604, 0.15620437264442444, 0.14513733983039856, 0.13787579536437988, 0.13245156407356262, 0.13170142471790314, 0.1293364316225052, 0.12900619208812714, 0.12627874314785004, 0.1287606805562973, 0.1249636560678482, 0.12479324638843536, 0.12380629777908325, 0.12750263512134552, 0.12518300116062164, 0.12429486960172653, 0.12227464467287064, 0.12453000247478485, 0.12287279218435287, 0.12402424961328506, 0.12345056980848312, 0.12354808300733566, 0.12268827855587006, 0.12263548374176025, 0.12092471122741699, 0.12323445081710815, 0.12070371955633163, 0.12152913212776184, 0.12269673496484756, 0.1226072609424591, 0.12153804302215576, 0.12065824866294861, 0.11861004680395126, 0.12067189067602158, 0.12067288905382156, 0.12003171443939209, 0.12083067744970322, 0.12137126177549362, 0.11903263628482819, 0.12052589654922485, 0.11768120527267456, 0.12056864798069, 0.12188946455717087, 0.12122388929128647, 0.1195155680179596, 0.12359406799077988, 0.11908888071775436, 0.11869972199201584, 0.11759909987449646, 0.11789508163928986, 0.11759299784898758, 0.11906412988901138, 0.11858714371919632, 0.12107757478952408, 0.11751080304384232, 0.11983174085617065, 0.11718318611383438, 0.11917752772569656, 0.11856351047754288, 0.117263063788414, 0.11817102879285812, 0.11994646489620209, 0.11713916063308716, 0.12016014009714127, 0.11653337627649307, 0.1165289431810379, 0.11622492223978043, 0.11535238474607468, 0.11589379608631134, 0.11670830845832825, 0.11681169271469116, 0.1186453104019165, 0.11683233827352524, 0.11827437579631805, 0.1175355613231659, 0.11788936704397202, 0.11567620187997818, 0.11725504696369171, 0.11605698615312576, 0.11623724550008774, 0.11838322132825851, 0.11627066135406494, 0.11515573412179947, 0.1154506504535675, 0.11486970633268356, 0.11811981350183487, 0.11460596323013306, 0.11478748917579651, 0.1150774210691452, 0.11572184413671494, 0.11612944304943085, 0.11469560861587524, 0.11648272722959518, 0.11504479497671127, 0.11371196061372757, 0.11426304280757904, 0.1140608936548233], "accuracy": [0.7997826337814331, 0.8167391419410706, 0.9128260612487793, 0.9447826147079468, 0.9522826075553894, 0.9542391300201416, 0.9566304087638855, 0.9583695530891418, 0.9580434560775757, 0.9590217471122742, 0.9571738839149475, 0.9605434536933899, 0.959782600402832, 0.9606521725654602, 0.9584782719612122, 0.9610869288444519, 0.95923912525177, 0.9606521725654602, 0.9606521725654602, 0.9611956477165222, 0.9604347944259644, 0.9595652222633362, 0.9595652222633362, 0.9621739387512207, 0.9610869288444519, 0.9616304636001587, 0.9613043665885925, 0.9611956477165222, 0.9607608914375305, 0.9616304636001587, 0.9618478417396545, 0.9607608914375305, 0.9615217447280884, 0.9598913192749023, 0.9621739387512207, 0.9610869288444519, 0.9618478417396545, 0.9623913168907166, 0.9610869288444519, 0.9616304636001587, 0.960869550704956, 0.9624999761581421, 0.9601086974143982, 0.9630434513092041, 0.9621739387512207, 0.9594565033912659, 0.9606521725654602, 0.9621739387512207, 0.960326075553894, 0.9622825980186462, 0.9620652198791504, 0.9628260731697083, 0.9629347920417786, 0.9628260731697083, 0.960869550704956, 0.9624999761581421, 0.9607608914375305, 0.9636956453323364, 0.9622825980186462, 0.9615217447280884, 0.9630434513092041, 0.9623913168907166, 0.9630434513092041, 0.9624999761581421, 0.9619565010070801, 0.9624999761581421, 0.9621739387512207, 0.9631521701812744, 0.9623913168907166, 0.9632608890533447, 0.9629347920417786, 0.9644564986228943, 0.9634782671928406, 0.9617391228675842, 0.9619565010070801, 0.9613043665885925, 0.9617391228675842, 0.9613043665885925, 0.9614130258560181, 0.9623913168907166, 0.9634782671928406, 0.9622825980186462, 0.9629347920417786, 0.9615217447280884, 0.9622825980186462, 0.9622825980186462, 0.9633695483207703, 0.9623913168907166, 0.9621739387512207, 0.9631521701812744, 0.9632608890533447, 0.9636956453323364, 0.9626086950302124, 0.9611956477165222, 0.9622825980186462, 0.9617391228675842, 0.9623913168907166, 0.9636956453323364, 0.9629347920417786, 0.9632608890533447], "val_loss": [0.4445721507072449, 0.30863410234451294, 0.20815865695476532, 0.17009012401103973, 0.1535627841949463, 0.1487320363521576, 0.16071218252182007, 0.15843671560287476, 0.13875553011894226, 0.13723640143871307, 0.13989609479904175, 0.14040911197662354, 0.13598673045635223, 0.13357587158679962, 0.13553744554519653, 0.13540643453598022, 0.13318964838981628, 0.13396646082401276, 0.13409411907196045, 0.1454748809337616, 0.1337578445672989, 0.13142932951450348, 0.1542879343032837, 0.13156746327877045, 0.13147683441638947, 0.13177789747714996, 0.13121142983436584, 0.13805228471755981, 0.13400380313396454, 0.13061237335205078, 0.13531683385372162, 0.131136953830719, 0.1326134204864502, 0.13142351806163788, 0.1328829526901245, 0.1339791715145111, 0.1321088671684265, 0.13121505081653595, 0.14583097398281097, 0.1327919065952301, 0.13400736451148987, 0.1342400759458542, 0.13149124383926392, 0.13180102407932281, 0.1318196803331375, 0.13291148841381073, 0.13027679920196533, 0.1414949595928192, 0.14101940393447876, 0.13566641509532928, 0.13672812283039093, 0.1312977522611618, 0.13213509321212769, 0.1374048888683319, 0.1311950981616974, 0.14415504038333893, 0.13773663341999054, 0.13068945705890656, 0.13311617076396942, 0.15983842313289642, 0.14001372456550598, 0.1312038153409958, 0.13478299975395203, 0.13238298892974854, 0.13985219597816467, 0.1427038311958313, 0.13142721354961395, 0.14202837646007538, 0.12880687415599823, 0.13311852514743805, 0.12933193147182465, 0.1399504691362381, 0.13277986645698547, 0.13273924589157104, 0.13183778524398804, 0.13578911125659943, 0.13023409247398376, 0.12927791476249695, 0.1439979076385498, 0.12816545367240906, 0.13669820129871368, 0.12984521687030792, 0.13077449798583984, 0.13105694949626923, 0.12908858060836792, 0.1273573637008667, 0.1283199042081833, 0.14625124633312225, 0.12906473875045776, 0.13755901157855988, 0.1297827810049057, 0.1524246782064438, 0.1351146399974823, 0.12973663210868835, 0.12708529829978943, 0.1256181001663208, 0.128731369972229, 0.1347479522228241, 0.12690341472625732, 0.1277768909931183],