{"loss": [0.49493667483329773, 0.4702301323413849, 0.4313366711139679, 0.38162508606910706, 0.3274269104003906, 0.27897337079048157, 0.24152304232120514, 0.2123422920703888, 0.19179624319076538, 0.17613014578819275, 0.16522717475891113, 0.15637056529521942, 0.15033060312271118, 0.14511939883232117, 0.14029277861118317, 0.13783378899097443, 0.13481256365776062, 0.13326773047447205, 0.1314849555492401, 0.13024675846099854, 0.12811265885829926, 0.1277569979429245, 0.12653250992298126, 0.12602056562900543, 0.12503671646118164, 0.1253933310508728, 0.12415000796318054, 0.12315003573894501, 0.12233834713697433, 0.12250212579965591, 0.12243982404470444, 0.12255852669477463, 0.1226448267698288, 0.12084029614925385, 0.1216072291135788, 0.12097322940826416, 0.12027991563081741, 0.12044448405504227, 0.12097419798374176, 0.12084067612886429, 0.12091808766126633, 0.11992556601762772, 0.12034138292074203, 0.1188652366399765, 0.11941670626401901, 0.12157592922449112, 0.11921536922454834, 0.11933252960443497, 0.11963923275470734, 0.11901644617319107, 0.1190074235200882, 0.11877307295799255, 0.11854112893342972, 0.11910509318113327, 0.11983431875705719, 0.11859259754419327, 0.11905419081449509, 0.11755993217229843, 0.1189536601305008, 0.11797250807285309, 0.11803539842367172, 0.11797835677862167, 0.11825184524059296, 0.11782398819923401, 0.11768943816423416, 0.11815672367811203, 0.11749519407749176, 0.11764548718929291, 0.11819040030241013, 0.11836330592632294, 0.1173820048570633, 0.11804267019033432, 0.11752741038799286, 0.11723048985004425, 0.11815818399190903, 0.11679739505052567, 0.11757204681634903, 0.11702140420675278, 0.11623561382293701, 0.11646609008312225, 0.11817746609449387, 0.11713025718927383, 0.11713936179876328, 0.11671614646911621, 0.11707872152328491, 0.11681064963340759, 0.11787545680999756, 0.11679943650960922, 0.11609112471342087, 0.11658119410276413, 0.11702084541320801, 0.11795203387737274, 0.11729757487773895, 0.11726012080907822, 0.11646316945552826, 0.11667013168334961, 0.11762834340333939, 0.11593442410230637, 0.11654042452573776, 0.11608028411865234], "accuracy": [0.7997826337814331, 0.7997826337814331, 0.7997826337814331, 0.8020651936531067, 0.8393478393554688, 0.8927174210548401, 0.9191304445266724, 0.9343478083610535, 0.9402173757553101, 0.9469565153121948, 0.9495652318000793, 0.9533695578575134, 0.9543478488922119, 0.9553260803222656, 0.955978274345398, 0.9558695554733276, 0.9567391276359558, 0.9577174186706543, 0.9568478465080261, 0.9585869312286377, 0.958695650100708, 0.9588043689727783, 0.9585869312286377, 0.9593478441238403, 0.9599999785423279, 0.9593478441238403, 0.9590217471122742, 0.9595652222633362, 0.960869550704956, 0.9606521725654602, 0.959782600402832, 0.9605434536933899, 0.960869550704956, 0.9613043665885925, 0.960869550704956, 0.9609782695770264, 0.9619565010070801, 0.960326075553894, 0.9610869288444519, 0.9619565010070801, 0.960326075553894, 0.9609782695770264, 0.9617391228675842, 0.9611956477165222, 0.9621739387512207, 0.9617391228675842, 0.9618478417396545, 0.9615217447280884, 0.9614130258560181, 0.9611956477165222, 0.9616304636001587, 0.9614130258560181, 0.9617391228675842, 0.960869550704956, 0.9621739387512207, 0.9622825980186462, 0.9614130258560181, 0.9621739387512207, 0.9609782695770264, 0.9631521701812744, 0.9622825980186462, 0.9619565010070801, 0.9620652198791504, 0.9620652198791504, 0.9629347920417786, 0.9618478417396545, 0.9621739387512207, 0.9616304636001587, 0.9618478417396545, 0.9624999761581421, 0.9615217447280884, 0.9624999761581421, 0.9633695483207703, 0.9614130258560181, 0.9628260731697083, 0.9622825980186462, 0.9626086950302124, 0.9629347920417786, 0.9626086950302124, 0.9620652198791504, 0.9617391228675842, 0.9628260731697083, 0.9618478417396545, 0.9618478417396545, 0.9623913168907166, 0.9622825980186462, 0.9627174139022827, 0.9621739387512207, 0.9618478417396545, 0.9616304636001587, 0.9618478417396545, 0.9616304636001587, 0.9615217447280884, 0.9627174139022827, 0.9630434513092041, 0.9626086950302124, 0.9624999761581421, 0.9626086950302124, 0.9615217447280884, 0.9623913168907166], "val_loss": [0.482474148273468, 0.4546445608139038, 0.40875935554504395, 0.3566798269748688, 0.30581775307655334, 0.2621983587741852, 0.2293185591697693, 0.2057275027036667, 0.1919788420200348, 0.17709077894687653, 0.16691730916500092, 0.1594199240207672, 0.15631568431854248, 0.1498306840658188, 0.14926955103874207, 0.14517132937908173, 0.14193914830684662, 0.1421574056148529, 0.139517143368721, 0.13738907873630524, 0.1364949345588684, 0.13578030467033386, 0.13598431646823883, 0.13899880647659302, 0.13392895460128784, 0.1345803439617157, 0.13357743620872498, 0.1339135766029358, 0.13465473055839539, 0.13389383256435394, 0.13320009410381317, 0.13230766355991364, 0.13195228576660156, 0.1370583474636078, 0.13222770392894745, 0.13123658299446106, 0.13143424689769745, 0.1316591054201126, 0.13269446790218353, 0.13328023254871368, 0.13601359724998474, 0.1317480057477951, 0.13074326515197754, 0.13442376255989075, 0.14420053362846375, 0.1308005154132843, 0.13521736860275269, 0.13060297071933746, 0.13056357204914093, 0.13077552616596222, 0.13231809437274933, 0.1318509876728058, 0.13148877024650574, 0.13098405301570892, 0.13595077395439148, 0.1329260617494583, 0.13090236485004425, 0.13054776191711426, 0.1305740922689438, 0.1304023265838623, 0.1303621232509613, 0.1301577389240265, 0.13160808384418488, 0.13114340603351593, 0.13115553557872772, 0.1330634206533432, 0.13399268686771393, 0.1303059458732605, 0.13065826892852783, 0.13103020191192627, 0.13119731843471527, 0.13061918318271637, 0.1305992603302002, 0.13787437975406647, 0.13043212890625, 0.1313442587852478, 0.13040435314178467, 0.13350141048431396, 0.1305343359708786, 0.13136108219623566, 0.13078626990318298, 0.1312922239303589, 0.13078656792640686, 0.13353152573108673, 0.1345975250005722, 0.1311478316783905, 0.14297913014888763, 0.13236592710018158, 0.13103041052818298, 0.13130924105644226, 0.13108386099338531, 0.13067039847373962, 0.1339593082666397, 0.131994366645813, 0.13080422580242157, 0.1306091994047165, 0.13259446620941162, 0.1314125657081604, 0.13164536654949188, 0.13358062505722046],