{"loss": [0.5238014459609985, 0.49029213190078735, 0.48395735025405884, 0.4751891493797302, 0.46150338649749756, 0.4425670802593231, 0.4184934198856354, 0.38971611857414246, 0.35972359776496887, 0.3300146460533142, 0.30221596360206604, 0.27753713726997375, 0.254214346408844, 0.23357217013835907, 0.21471616625785828, 0.19949455559253693, 0.1861686259508133, 0.1764565408229828, 0.16820494830608368, 0.1598639041185379, 0.15467135608196259, 0.14993880689144135, 0.14590202271938324, 0.14165842533111572, 0.13838347792625427, 0.13665716350078583, 0.13428159058094025, 0.13275082409381866, 0.13073000311851501, 0.1295134276151657, 0.12826505303382874, 0.12699520587921143, 0.12624947726726532, 0.125470370054245, 0.12376108020544052, 0.12398792803287506, 0.12310060113668442, 0.1231393814086914, 0.12214648723602295, 0.1215767115354538, 0.12123095989227295, 0.1207326203584671, 0.12134361267089844, 0.12136832624673843, 0.11974069476127625, 0.11962051689624786, 0.12001600116491318, 0.11936204880475998, 0.11956606805324554, 0.11877305805683136, 0.11846001446247101, 0.11844844371080399, 0.11859209090471268, 0.1184406727552414, 0.11848685890436172, 0.11809004843235016, 0.11795159429311752, 0.11745568364858627, 0.11800433695316315, 0.11794355511665344, 0.11687863618135452, 0.11653389036655426, 0.11645770817995071, 0.11687628924846649, 0.11685874313116074, 0.1163446307182312, 0.11617317795753479, 0.11634489893913269, 0.11650027334690094, 0.11566418409347534, 0.11605609208345413, 0.11670529842376709, 0.11578880250453949, 0.11610814929008484, 0.11618591099977493, 0.11522253602743149, 0.11530018597841263, 0.11570549756288528, 0.11545728892087936, 0.11610540002584457, 0.11589391529560089, 0.11516343057155609, 0.11511512100696564, 0.11487150937318802, 0.11493583023548126, 0.11423300206661224, 0.11526893824338913, 0.11499527841806412, 0.1139349490404129, 0.11515526473522186, 0.11403047293424606, 0.1142478883266449, 0.1143074780702591, 0.11424093693494797, 0.1141061782836914, 0.11419495940208435, 0.11372251063585281, 0.1138942539691925, 0.11359935253858566, 0.1137145459651947], "accuracy": [0.7855435013771057, 0.7997826337814331, 0.7997826337814331, 0.7997826337814331, 0.7997826337814331, 0.7997826337814331, 0.8004347681999207, 0.8059782385826111, 0.8251087069511414, 0.8530434966087341, 0.8784782886505127, 0.8965217471122742, 0.9118478298187256, 0.9223912954330444, 0.9311956763267517, 0.9370652437210083, 0.9428260922431946, 0.9451087117195129, 0.947282612323761, 0.9508695602416992, 0.9522826075553894, 0.9541304111480713, 0.9549999833106995, 0.9552174210548401, 0.9564130306243896, 0.9574999809265137, 0.9568478465080261, 0.9574999809265137, 0.9579347968101501, 0.9584782719612122, 0.9585869312286377, 0.9583695530891418, 0.9582608938217163, 0.9596739411354065, 0.95923912525177, 0.9588043689727783, 0.9594565033912659, 0.9596739411354065, 0.9588043689727783, 0.960869550704956, 0.9593478441238403, 0.9606521725654602, 0.960326075553894, 0.9590217471122742, 0.9606521725654602, 0.9601086974143982, 0.9604347944259644, 0.9607608914375305, 0.9604347944259644, 0.9606521725654602, 0.9610869288444519, 0.9614130258560181, 0.960326075553894, 0.9613043665885925, 0.960869550704956, 0.960869550704956, 0.9614130258560181, 0.9605434536933899, 0.9618478417396545, 0.9615217447280884, 0.9611956477165222, 0.9617391228675842, 0.9617391228675842, 0.9609782695770264, 0.9615217447280884, 0.9620652198791504, 0.9623913168907166, 0.9614130258560181, 0.9609782695770264, 0.9624999761581421, 0.9611956477165222, 0.9613043665885925, 0.9623913168907166, 0.9620652198791504, 0.960869550704956, 0.9618478417396545, 0.9620652198791504, 0.9624999761581421, 0.9621739387512207, 0.9611956477165222, 0.9617391228675842, 0.9613043665885925, 0.9615217447280884, 0.9633695483207703, 0.9621739387512207, 0.9619565010070801, 0.9618478417396545, 0.9618478417396545, 0.9623913168907166, 0.9620652198791504, 0.9622825980186462, 0.9627174139022827, 0.9624999761581421, 0.9626086950302124, 0.9617391228675842, 0.9630434513092041, 0.9621739387512207, 0.9627174139022827, 0.9629347920417786, 0.9624999761581421], "val_loss": [0.49282580614089966, 0.4876203238964081, 0.48038360476493835, 0.4697595536708832, 0.4550638496875763, 0.43398046493530273, 0.40720754861831665, 0.37996819615364075, 0.34876590967178345, 0.3220597505569458, 0.295770525932312, 0.2718028128147125, 0.2523716688156128, 0.23082928359508514, 0.2141266018152237, 0.20034673810005188, 0.1919434368610382, 0.184028759598732, 0.17317116260528564, 0.16759787499904633, 0.16358840465545654, 0.15628595650196075, 0.1523185521364212, 0.14883367717266083, 0.14949139952659607, 0.14393481612205505, 0.14288774132728577, 0.14069558680057526, 0.14004632830619812, 0.1385984569787979, 0.13675051927566528, 0.13642093539237976, 0.13592608273029327, 0.13432976603507996, 0.1335226446390152, 0.13350829482078552, 0.13277862966060638, 0.13458587229251862, 0.1315717101097107, 0.13257789611816406, 0.13159741461277008, 0.13186931610107422, 0.13309334218502045, 0.1311074197292328, 0.1302005648612976, 0.13572633266448975, 0.13002502918243408, 0.1306634396314621, 0.1308113932609558, 0.13007938861846924, 0.12991884350776672, 0.12897108495235443, 0.1290951520204544, 0.12938901782035828, 0.1324586421251297, 0.1327972710132599, 0.12859700620174408, 0.1300761103630066, 0.1314033418893814, 0.1293031871318817, 0.12938794493675232, 0.128965362906456, 0.13518477976322174, 0.12831097841262817, 0.13009828329086304, 0.12889187037944794, 0.12977813184261322, 0.1282002180814743, 0.12813416123390198, 0.13135723769664764, 0.1294165402650833, 0.1279374063014984, 0.12888824939727783, 0.12824028730392456, 0.12809105217456818, 0.12895245850086212, 0.12820230424404144, 0.12818478047847748, 0.1279866099357605, 0.12841270864009857, 0.12770670652389526, 0.12829580903053284, 0.12756386399269104, 0.12760873138904572, 0.12826669216156006, 0.13023464381694794, 0.12755438685417175, 0.1276261806488037, 0.13213349878787994, 0.12777191400527954, 0.13118499517440796, 0.12882709503173828, 0.12792594730854034, 0.12920691072940826, 0.12891210615634918, 0.12772074341773987, 0.1281595528125763, 0.12736858427524567, 0.13029107451438904, 0.12919028103351593],