{"loss": [0.48939552903175354, 0.4205051362514496, 0.31524935364723206, 0.22984924912452698, 0.18637412786483765, 0.16271737217903137, 0.1493472307920456, 0.14281702041625977, 0.13788925111293793, 0.13336941599845886, 0.13145914673805237, 0.12814344465732574, 0.1265520304441452, 0.12514863908290863, 0.1287977546453476, 0.1256028711795807, 0.12354874610900879, 0.12334228307008743, 0.12468425929546356, 0.12499032914638519, 0.122725710272789, 0.12170107662677765, 0.12029178440570831, 0.12212736904621124, 0.12171152979135513, 0.11891558766365051, 0.12057545781135559, 0.12065590173006058, 0.12182058393955231, 0.12259762734174728, 0.12272538989782333, 0.1197783350944519, 0.12260027974843979, 0.11845725774765015, 0.12202468514442444, 0.11937275528907776, 0.1197759360074997, 0.1187639832496643, 0.1196550577878952, 0.12006492167711258, 0.12005006521940231, 0.11848415434360504, 0.11875942349433899, 0.11910323798656464, 0.1193883866071701, 0.11867000162601471, 0.11866802722215652, 0.11823340505361557, 0.12208971381187439, 0.11789955198764801, 0.11835148185491562, 0.11920030415058136, 0.11913607269525528, 0.11866508424282074, 0.11871421337127686, 0.11759430915117264, 0.11716333776712418, 0.11593539267778397, 0.1174478828907013, 0.11926986277103424, 0.11672931164503098, 0.11733987927436829, 0.11752521246671677, 0.11758904159069061, 0.11833265423774719, 0.11792805790901184, 0.11652030795812607, 0.11723492294549942, 0.11723963171243668, 0.11678518354892731, 0.11917207390069962, 0.11691617220640182, 0.1170690506696701, 0.11840524524450302, 0.11788899451494217, 0.11779540032148361, 0.11648178845643997, 0.11756554991006851, 0.11661726981401443, 0.11599495261907578, 0.11740248650312424, 0.11587602645158768, 0.11562587320804596, 0.1158871203660965, 0.11523743718862534, 0.11540050804615021, 0.11544381827116013, 0.11644965410232544, 0.11560069024562836, 0.11644520610570908, 0.11587774008512497, 0.11653266102075577, 0.11668450385332108, 0.1159011721611023, 0.11749681830406189, 0.11566323786973953, 0.11580123007297516, 0.11820090562105179, 0.11481278389692307, 0.11468084901571274], "accuracy": [0.7997826337814331, 0.8006521463394165, 0.8606521487236023, 0.9232608675956726, 0.9434782862663269, 0.9509782791137695, 0.9545652270317078, 0.9544565081596375, 0.9567391276359558, 0.957065224647522, 0.9567391276359558, 0.9594565033912659, 0.958695650100708, 0.959782600402832, 0.9580434560775757, 0.9594565033912659, 0.9605434536933899, 0.9598913192749023, 0.9601086974143982, 0.9595652222633362, 0.9615217447280884, 0.9596739411354065, 0.9607608914375305, 0.960326075553894, 0.9602174162864685, 0.9614130258560181, 0.9616304636001587, 0.9606521725654602, 0.9614130258560181, 0.9598913192749023, 0.9616304636001587, 0.9609782695770264, 0.959782600402832, 0.9626086950302124, 0.9613043665885925, 0.9614130258560181, 0.9606521725654602, 0.960869550704956, 0.9617391228675842, 0.9614130258560181, 0.9605434536933899, 0.9615217447280884, 0.9617391228675842, 0.9614130258560181, 0.9611956477165222, 0.9617391228675842, 0.9606521725654602, 0.9617391228675842, 0.9613043665885925, 0.9619565010070801, 0.9616304636001587, 0.9624999761581421, 0.9619565010070801, 0.9611956477165222, 0.9615217447280884, 0.9614130258560181, 0.9627174139022827, 0.9626086950302124, 0.9613043665885925, 0.9618478417396545, 0.9639130234718323, 0.9616304636001587, 0.9624999761581421, 0.9613043665885925, 0.9627174139022827, 0.9618478417396545, 0.9628260731697083, 0.9606521725654602, 0.9619565010070801, 0.9628260731697083, 0.9611956477165222, 0.9614130258560181, 0.9624999761581421, 0.9619565010070801, 0.9618478417396545, 0.9624999761581421, 0.9630434513092041, 0.9614130258560181, 0.9626086950302124, 0.9621739387512207, 0.9628260731697083, 0.9624999761581421, 0.9623913168907166, 0.9635869860649109, 0.9636956453323364, 0.9617391228675842, 0.9628260731697083, 0.9626086950302124, 0.9626086950302124, 0.9635869860649109, 0.9627174139022827, 0.9627174139022827, 0.9605434536933899, 0.9627174139022827, 0.9622825980186462, 0.9627174139022827, 0.9618478417396545, 0.9618478417396545, 0.9633695483207703, 0.9624999761581421], "val_loss": [0.4596932530403137, 0.3708944022655487, 0.2694500982761383, 0.22378814220428467, 0.18278008699417114, 0.16125182807445526, 0.1516391634941101, 0.1461867392063141, 0.1420990377664566, 0.13984525203704834, 0.14273852109909058, 0.13622745871543884, 0.1352398842573166, 0.15097059309482574, 0.1338004767894745, 0.1342284083366394, 0.1379103660583496, 0.1326752007007599, 0.1365826278924942, 0.13262255489826202, 0.13177166879177094, 0.1317218691110611, 0.13815802335739136, 0.13428965210914612, 0.1313864290714264, 0.13511992990970612, 0.13134132325649261, 0.14083386957645416, 0.13139410316944122, 0.14289416372776031, 0.1314191371202469, 0.13165323436260223, 0.13092786073684692, 0.16381321847438812, 0.14000092446804047, 0.13084688782691956, 0.13227242231369019, 0.13202278316020966, 0.1306087225675583, 0.13118091225624084, 0.13157407939434052, 0.13316509127616882, 0.13116370141506195, 0.13399699330329895, 0.12995682656764984, 0.13346147537231445, 0.13402283191680908, 0.13153931498527527, 0.1305217146873474, 0.13280941545963287, 0.1310386210680008, 0.1336534470319748, 0.1319154053926468, 0.13144813477993011, 0.1300567388534546, 0.13264279067516327, 0.1288861185312271, 0.13324876129627228, 0.1321035772562027, 0.13335584104061127, 0.13039642572402954, 0.13547751307487488, 0.13211186230182648, 0.1315748244524002, 0.12975867092609406, 0.1298634558916092, 0.13478584587574005, 0.13049237430095673, 0.12932206690311432, 0.12887373566627502, 0.12953010201454163, 0.13001464307308197, 0.13000284135341644, 0.13293561339378357, 0.13153120875358582, 0.13064445555210114, 0.13924825191497803, 0.1337219774723053, 0.12856663763523102, 0.13088060915470123, 0.13052025437355042, 0.1315920501947403, 0.1314331591129303, 0.13310952484607697, 0.13077758252620697, 0.13098548352718353, 0.13820025324821472, 0.12972210347652435, 0.13002730906009674, 0.13177110254764557, 0.1316179782152176, 0.13176794350147247, 0.12965241074562073, 0.12919573485851288, 0.1447703242301941, 0.12863117456436157, 0.12770859897136688, 0.12978868186473846, 0.13717398047447205, 0.12709736824035645],