{"loss": [0.49697378277778625, 0.44211888313293457, 0.36771756410598755, 0.29069414734840393, 0.23209695518016815, 0.19583941996097565, 0.17324955761432648, 0.15938368439674377, 0.14918382465839386, 0.14311379194259644, 0.13814784586429596, 0.13459523022174835, 0.13262079656124115, 0.13015897572040558, 0.1285722404718399, 0.12721514701843262, 0.12606336176395416, 0.1245093047618866, 0.12353235483169556, 0.12325531989336014, 0.12394078820943832, 0.12185493856668472, 0.12266729027032852, 0.12092847377061844, 0.12104051560163498, 0.12169448286294937, 0.12083100527524948, 0.12044265121221542, 0.1211167424917221, 0.12034343928098679, 0.12086421996355057, 0.12064981460571289, 0.11900591105222702, 0.1189604252576828, 0.11965601146221161, 0.11801399290561676, 0.11794790625572205, 0.1197437196969986, 0.11833357065916061, 0.11785878241062164, 0.11783455312252045, 0.11699660867452621, 0.11750111728906631, 0.11741289496421814, 0.11921795457601547, 0.11761612445116043, 0.11760273575782776, 0.11743330955505371, 0.11598891764879227, 0.11700408905744553, 0.11729448288679123, 0.11580757796764374, 0.11741840094327927, 0.11668350547552109, 0.11552309989929199, 0.11605142056941986, 0.11679434031248093, 0.11814624071121216, 0.11573672294616699, 0.11632576584815979, 0.11632660031318665, 0.11606839299201965, 0.11512263864278793, 0.11444464325904846, 0.11585505306720734, 0.11570803076028824, 0.1158987432718277, 0.11582819372415543, 0.11514061689376831, 0.11639709770679474, 0.11417258530855179, 0.11590122431516647, 0.11411749571561813, 0.11460988968610764, 0.11362148076295853, 0.11362871527671814, 0.11487268656492233, 0.11348564922809601, 0.113924041390419, 0.11437565088272095, 0.11482410132884979, 0.11379937082529068, 0.11399129033088684, 0.11280331760644913, 0.11481442302465439, 0.1124614030122757, 0.1135387271642685, 0.11321615427732468, 0.11304368078708649, 0.11301089078187943, 0.11338283121585846, 0.11200311034917831, 0.1128985583782196, 0.11275245994329453, 0.11195023357868195, 0.11115126311779022, 0.11373796314001083, 0.11289643496274948, 0.11311416327953339, 0.11255599558353424], "accuracy": [0.7997826337814331, 0.7997826337814331, 0.8111956715583801, 0.8841304183006287, 0.9230434894561768, 0.9403260946273804, 0.947282612323761, 0.9516304135322571, 0.9536956548690796, 0.9564130306243896, 0.957065224647522, 0.958695650100708, 0.9574999809265137, 0.958152174949646, 0.9593478441238403, 0.958695650100708, 0.9595652222633362, 0.9599999785423279, 0.9596739411354065, 0.9610869288444519, 0.9607608914375305, 0.9617391228675842, 0.960869550704956, 0.9605434536933899, 0.9598913192749023, 0.9590217471122742, 0.9599999785423279, 0.9616304636001587, 0.9605434536933899, 0.9598913192749023, 0.9620652198791504, 0.9599999785423279, 0.9604347944259644, 0.9605434536933899, 0.9607608914375305, 0.9617391228675842, 0.9618478417396545, 0.9611956477165222, 0.9624999761581421, 0.9623913168907166, 0.9620652198791504, 0.9626086950302124, 0.9615217447280884, 0.9626086950302124, 0.9613043665885925, 0.9613043665885925, 0.9619565010070801, 0.9627174139022827, 0.9623913168907166, 0.9609782695770264, 0.9615217447280884, 0.9618478417396545, 0.9617391228675842, 0.9626086950302124, 0.9632608890533447, 0.9630434513092041, 0.9629347920417786, 0.9594565033912659, 0.9639130234718323, 0.9623913168907166, 0.9627174139022827, 0.9632608890533447, 0.9634782671928406, 0.9630434513092041, 0.9611956477165222, 0.9621739387512207, 0.9628260731697083, 0.9634782671928406, 0.9610869288444519, 0.9620652198791504, 0.9629347920417786, 0.9622825980186462, 0.9641304612159729, 0.9630434513092041, 0.9635869860649109, 0.9631521701812744, 0.9624999761581421, 0.9628260731697083, 0.9624999761581421, 0.9629347920417786, 0.9622825980186462, 0.9634782671928406, 0.9634782671928406, 0.9636956453323364, 0.9630434513092041, 0.9633695483207703, 0.9631521701812744, 0.9635869860649109, 0.9638043642044067, 0.9633695483207703, 0.9633695483207703, 0.9641304612159729, 0.9651086926460266, 0.9635869860649109, 0.9645652174949646, 0.9631521701812744, 0.9633695483207703, 0.9627174139022827, 0.9628260731697083, 0.9626086950302124], "val_loss": [0.46940475702285767, 0.4092632234096527, 0.32893866300582886, 0.2653694152832031, 0.21604645252227783, 0.19041326642036438, 0.1712072193622589, 0.1598002016544342, 0.15224000811576843, 0.1490882784128189, 0.14513979852199554, 0.14484384655952454, 0.14201556146144867, 0.13693271577358246, 0.13854408264160156, 0.13611598312854767, 0.13626264035701752, 0.13580171763896942, 0.13277028501033783, 0.14004647731781006, 0.1338486671447754, 0.13157077133655548, 0.13425299525260925, 0.13322319090366364, 0.13646356761455536, 0.1316358894109726, 0.1316530704498291, 0.14313176274299622, 0.13665544986724854, 0.13366614282131195, 0.12993943691253662, 0.12981927394866943, 0.12943914532661438, 0.13062432408332825, 0.12953263521194458, 0.1298525482416153, 0.13160569965839386, 0.12951791286468506, 0.13335824012756348, 0.12931399047374725, 0.12867577373981476, 0.12869761884212494, 0.12962812185287476, 0.12930303812026978, 0.13139203190803528, 0.1279648095369339, 0.13622908294200897, 0.1280726045370102, 0.15416336059570312, 0.13530929386615753, 0.12944141030311584, 0.1341038942337036, 0.1287708729505539, 0.1349441260099411, 0.1278918981552124, 0.12686356902122498, 0.1389501541852951, 0.13732321560382843, 0.13043831288814545, 0.12873978912830353, 0.12865875661373138, 0.13117724657058716, 0.12784047424793243, 0.13183511793613434, 0.1284262090921402, 0.12759234011173248, 0.12674817442893982, 0.12642303109169006, 0.1344856470823288, 0.12781010568141937, 0.12981943786144257, 0.1271962821483612, 0.12898187339305878, 0.12774652242660522, 0.1292068064212799, 0.12627115845680237, 0.13061600923538208, 0.14209026098251343, 0.12949395179748535, 0.12689131498336792, 0.12782688438892365, 0.1282571256160736, 0.12550316751003265, 0.12608981132507324, 0.12734869122505188, 0.12868371605873108, 0.12498414516448975, 0.12909185886383057, 0.12590275704860687, 0.12557247281074524, 0.12513478100299835, 0.12473409622907639, 0.1249551922082901, 0.12558810412883759, 0.1306629478931427, 0.13137319684028625, 0.1287042796611786, 0.12507063150405884, 0.12706083059310913, 0.12785422801971436],