{"loss": [0.4882170259952545, 0.41740041971206665, 0.31207558512687683, 0.2285260558128357, 0.1850876808166504, 0.16165921092033386, 0.14938020706176758, 0.14008712768554688, 0.13597100973129272, 0.1336250752210617, 0.1306460201740265, 0.12724369764328003, 0.12716516852378845, 0.12522780895233154, 0.12574946880340576, 0.12404228001832962, 0.12318278104066849, 0.12439863383769989, 0.12283583730459213, 0.12384423613548279, 0.12284932285547256, 0.12220879644155502, 0.12144159525632858, 0.12144048511981964, 0.12140164524316788, 0.12286394089460373, 0.12058135867118835, 0.1197112649679184, 0.12086114287376404, 0.12168751657009125, 0.11825915426015854, 0.12124574184417725, 0.11848589032888412, 0.12077603489160538, 0.11803465336561203, 0.1189487874507904, 0.12036773562431335, 0.1200241893529892, 0.11893764138221741, 0.12019523233175278, 0.11803550273180008, 0.1196766346693039, 0.11778723448514938, 0.11837807297706604, 0.12053631246089935, 0.11918796598911285, 0.11959856003522873, 0.11910387128591537, 0.11732570827007294, 0.11760924011468887, 0.11868128180503845, 0.11962579935789108, 0.11792664974927902, 0.11745532602071762, 0.11724691838026047, 0.1176510751247406, 0.11928782612085342, 0.11765637993812561, 0.11807028204202652, 0.11748337745666504, 0.11702964454889297, 0.11714855581521988, 0.11838749051094055, 0.11914940923452377, 0.11863996088504791, 0.11767400056123734, 0.11652778834104538, 0.11729995161294937, 0.11624303460121155, 0.11639441549777985, 0.11591102927923203, 0.11834143847227097, 0.11748683452606201, 0.1171686053276062, 0.11881256103515625, 0.11622898280620575, 0.11853137612342834, 0.11645419895648956, 0.11695149540901184, 0.11647218465805054, 0.11832594126462936, 0.11647431552410126, 0.11841116100549698, 0.11706884950399399, 0.11558523774147034, 0.11648590117692947, 0.1173200011253357, 0.11549188941717148, 0.11885551363229752, 0.11606793105602264, 0.1166151762008667, 0.11611007153987885, 0.11650190502405167, 0.11636000871658325, 0.11732355505228043, 0.1161746233701706, 0.11650799214839935, 0.11561494320631027, 0.11598949879407883, 0.11621125787496567], "accuracy": [0.7997826337814331, 0.800543487071991, 0.8658695816993713, 0.927173912525177, 0.9441304206848145, 0.9503260850906372, 0.9534782767295837, 0.9556521773338318, 0.9571738839149475, 0.958152174949646, 0.9582608938217163, 0.9595652222633362, 0.9585869312286377, 0.9604347944259644, 0.9599999785423279, 0.9605434536933899, 0.9607608914375305, 0.9601086974143982, 0.9607608914375305, 0.95923912525177, 0.960326075553894, 0.9616304636001587, 0.9605434536933899, 0.9614130258560181, 0.9602174162864685, 0.9601086974143982, 0.9605434536933899, 0.9617391228675842, 0.960869550704956, 0.9585869312286377, 0.9624999761581421, 0.9616304636001587, 0.9610869288444519, 0.9605434536933899, 0.9620652198791504, 0.9617391228675842, 0.9616304636001587, 0.9611956477165222, 0.9629347920417786, 0.9622825980186462, 0.9619565010070801, 0.9622825980186462, 0.9622825980186462, 0.9622825980186462, 0.960326075553894, 0.960869550704956, 0.9613043665885925, 0.9619565010070801, 0.9627174139022827, 0.9622825980186462, 0.9620652198791504, 0.9624999761581421, 0.9623913168907166, 0.9616304636001587, 0.9632608890533447, 0.9627174139022827, 0.9617391228675842, 0.9623913168907166, 0.9629347920417786, 0.9633695483207703, 0.9631521701812744, 0.960869550704956, 0.9623913168907166, 0.9623913168907166, 0.960869550704956, 0.9615217447280884, 0.9628260731697083, 0.9609782695770264, 0.9629347920417786, 0.9618478417396545, 0.9621739387512207, 0.9615217447280884, 0.9607608914375305, 0.9617391228675842, 0.9616304636001587, 0.9618478417396545, 0.9614130258560181, 0.9631521701812744, 0.9616304636001587, 0.9617391228675842, 0.9619565010070801, 0.9628260731697083, 0.9623913168907166, 0.9621739387512207, 0.9640217423439026, 0.9636956453323364, 0.9610869288444519, 0.9621739387512207, 0.9614130258560181, 0.9633695483207703, 0.9629347920417786, 0.9631521701812744, 0.9629347920417786, 0.9619565010070801, 0.9615217447280884, 0.9621739387512207, 0.9614130258560181, 0.9624999761581421, 0.9635869860649109, 0.9622825980186462], "val_loss": [0.4576948881149292, 0.36697858572006226, 0.26665687561035156, 0.2082405388355255, 0.1775306612253189, 0.16063685715198517, 0.15363018214702606, 0.1457773596048355, 0.16560445725917816, 0.13831377029418945, 0.13701076805591583, 0.13675697147846222, 0.13427583873271942, 0.14527417719364166, 0.14837080240249634, 0.13333557546138763, 0.1330554038286209, 0.13199950754642487, 0.13323773443698883, 0.13174669444561005, 0.14066286385059357, 0.13565099239349365, 0.1320882886648178, 0.13103628158569336, 0.13116709887981415, 0.1417553722858429, 0.13113465905189514, 0.13369998335838318, 0.13180671632289886, 0.1375321000814438, 0.1364077776670456, 0.1356029063463211, 0.13348206877708435, 0.1353117972612381, 0.13164281845092773, 0.13253557682037354, 0.1383894681930542, 0.13337719440460205, 0.13199125230312347, 0.13718391954898834, 0.1338455229997635, 0.1316920518875122, 0.1311204731464386, 0.14215955138206482, 0.13135358691215515, 0.1349107325077057, 0.13163405656814575, 0.13378846645355225, 0.13199730217456818, 0.13224934041500092, 0.1411997526884079, 0.13120977580547333, 0.13334013521671295, 0.13057148456573486, 0.13623175024986267, 0.13148173689842224, 0.1315317302942276, 0.13090845942497253, 0.1383371502161026, 0.1361118108034134, 0.1323762685060501, 0.13424676656723022, 0.13098466396331787, 0.13160088658332825, 0.13053564727306366, 0.1329413652420044, 0.13329565525054932, 0.1309877634048462, 0.14590492844581604, 0.1312834769487381, 0.1348903775215149, 0.1385069489479065, 0.133335143327713, 0.13003262877464294, 0.1300853192806244, 0.13075895607471466, 0.13204368948936462, 0.13325724005699158, 0.13771899044513702, 0.13611431419849396, 0.13106495141983032, 0.1298290342092514, 0.1300409734249115, 0.13151869177818298, 0.13049212098121643, 0.13011570274829865, 0.13057085871696472, 0.1308225393295288, 0.13260678946971893, 0.13323010504245758, 0.13625657558441162, 0.1376064419746399, 0.13254056870937347, 0.144276961684227, 0.13140055537223816, 0.13501647114753723, 0.13027387857437134, 0.13179178535938263, 0.12975218892097473, 0.1302441507577896],