{"loss": [0.5201194286346436, 0.4604261815547943, 0.39104729890823364, 0.30985721945762634, 0.24635633826255798, 0.2047065943479538, 0.17948004603385925, 0.1622636318206787, 0.15157264471054077, 0.1448236107826233, 0.13832277059555054, 0.13648121058940887, 0.13238941133022308, 0.1318865269422531, 0.12937167286872864, 0.1259937435388565, 0.1250075101852417, 0.12512043118476868, 0.12466736137866974, 0.12414076924324036, 0.12244999408721924, 0.12241421639919281, 0.12302462011575699, 0.12205570191144943, 0.12178822606801987, 0.12143582850694656, 0.11986619979143143, 0.12005364149808884, 0.11989224702119827, 0.12079375237226486, 0.11927758157253265, 0.11969774216413498, 0.11813850700855255, 0.11968421190977097, 0.11867564171552658, 0.11805465072393417, 0.11895018070936203, 0.11743344366550446, 0.11809392273426056, 0.11792833358049393, 0.11743231862783432, 0.11683112382888794, 0.11713351309299469, 0.1176430881023407, 0.11645431816577911, 0.11719159036874771, 0.11863936483860016, 0.11721842736005783, 0.11615348607301712, 0.11713307350873947, 0.11751721054315567, 0.11732039600610733, 0.11581210047006607, 0.11605223268270493, 0.11581344902515411, 0.11628991365432739, 0.11461558192968369, 0.11558354645967484, 0.11591774225234985, 0.11431059241294861, 0.11627180129289627, 0.11660375446081161, 0.114950031042099, 0.11444919556379318, 0.11389792710542679, 0.11595204472541809, 0.11489397287368774, 0.11410827934741974, 0.11413104832172394, 0.11384031921625137, 0.11445657163858414, 0.11345375329256058, 0.11362700164318085, 0.11450325697660446, 0.11421933025121689, 0.11422425508499146, 0.1128329187631607, 0.11415117233991623, 0.11280287802219391, 0.11255834251642227, 0.11333693563938141, 0.11314407736063004, 0.11304354667663574, 0.11284442245960236, 0.11247958242893219, 0.11235985904932022, 0.11275230348110199, 0.1127057820558548, 0.11360055953264236, 0.1129610538482666, 0.1110030859708786, 0.11135036498308182, 0.11280030757188797, 0.11307437717914581, 0.11222542077302933, 0.11196637898683548, 0.11343305557966232, 0.1109691709280014, 0.11239061504602432, 0.11043155193328857], "accuracy": [0.7716304063796997, 0.7997826337814331, 0.8057608604431152, 0.8666304349899292, 0.9159782528877258, 0.936413049697876, 0.9448913335800171, 0.9517391324043274, 0.9538043737411499, 0.9553260803222656, 0.9566304087638855, 0.9553260803222656, 0.9572826027870178, 0.9579347968101501, 0.9590217471122742, 0.9582608938217163, 0.9594565033912659, 0.9601086974143982, 0.9593478441238403, 0.9594565033912659, 0.9598913192749023, 0.9595652222633362, 0.9591304063796997, 0.9613043665885925, 0.9585869312286377, 0.9598913192749023, 0.960869550704956, 0.9617391228675842, 0.9617391228675842, 0.9605434536933899, 0.9602174162864685, 0.960869550704956, 0.9618478417396545, 0.9609782695770264, 0.9616304636001587, 0.9619565010070801, 0.9607608914375305, 0.9614130258560181, 0.9613043665885925, 0.9614130258560181, 0.9618478417396545, 0.9623913168907166, 0.9623913168907166, 0.9622825980186462, 0.9610869288444519, 0.9627174139022827, 0.9607608914375305, 0.9615217447280884, 0.9615217447280884, 0.9624999761581421, 0.9619565010070801, 0.9602174162864685, 0.9611956477165222, 0.9629347920417786, 0.9620652198791504, 0.9630434513092041, 0.9640217423439026, 0.9614130258560181, 0.9620652198791504, 0.9628260731697083, 0.9615217447280884, 0.9619565010070801, 0.9631521701812744, 0.9646739363670349, 0.9642391204833984, 0.9632608890533447, 0.9627174139022827, 0.9633695483207703, 0.9627174139022827, 0.9622825980186462, 0.9620652198791504, 0.9628260731697083, 0.9623913168907166, 0.9623913168907166, 0.9619565010070801, 0.9629347920417786, 0.9640217423439026, 0.9626086950302124, 0.9634782671928406, 0.9629347920417786, 0.9613043665885925, 0.9630434513092041, 0.9629347920417786, 0.9624999761581421, 0.9627174139022827, 0.9636956453323364, 0.9636956453323364, 0.9645652174949646, 0.9623913168907166, 0.9640217423439026, 0.9631521701812744, 0.9630434513092041, 0.9617391228675842, 0.9640217423439026, 0.9630434513092041, 0.9635869860649109, 0.9621739387512207, 0.9629347920417786, 0.9641304612159729, 0.9635869860649109], "val_loss": [0.4827156364917755, 0.43589505553245544, 0.3523123562335968, 0.2783913314342499, 0.23047126829624176, 0.19766023755073547, 0.17665697634220123, 0.16667230427265167, 0.1575145572423935, 0.14891327917575836, 0.14695502817630768, 0.1413116306066513, 0.14033542573451996, 0.1535441279411316, 0.14630691707134247, 0.13538214564323425, 0.13389569520950317, 0.1336350440979004, 0.13818439841270447, 0.13263334333896637, 0.13314585387706757, 0.13322333991527557, 0.13164913654327393, 0.1347174197435379, 0.13169226050376892, 0.1309220939874649, 0.13222907483577728, 0.1312812715768814, 0.13112957775592804, 0.13556882739067078, 0.13141754269599915, 0.1302199512720108, 0.13754858076572418, 0.131657674908638, 0.13002900779247284, 0.13169574737548828, 0.14025630056858063, 0.1300458461046219, 0.13061748445034027, 0.13552939891815186, 0.1330953985452652, 0.13188880681991577, 0.13102489709854126, 0.13100236654281616, 0.12920677661895752, 0.12949156761169434, 0.13460321724414825, 0.1373121738433838, 0.1320323646068573, 0.12911804020404816, 0.12944373488426208, 0.13230018317699432, 0.133552685379982, 0.12889494001865387, 0.1291579306125641, 0.12903106212615967, 0.13121820986270905, 0.129301056265831, 0.12881354987621307, 0.12952415645122528, 0.13053584098815918, 0.12864726781845093, 0.13062545657157898, 0.1287931501865387, 0.1447330117225647, 0.13403351604938507, 0.1326647400856018, 0.1287321150302887, 0.13783997297286987, 0.12902319431304932, 0.12967975437641144, 0.12949629127979279, 0.12859757244586945, 0.12952879071235657, 0.13134415447711945, 0.13105669617652893, 0.1278442144393921, 0.1283307820558548, 0.12802720069885254, 0.12907077372074127, 0.12983739376068115, 0.1286691576242447, 0.1288987696170807, 0.12815870344638824, 0.1286710649728775, 0.12821312248706818, 0.13262514770030975, 0.1274847388267517, 0.13566526770591736, 0.12742206454277039, 0.1301083117723465, 0.12673898041248322, 0.13552312552928925, 0.12938165664672852, 0.13306322693824768, 0.13475602865219116, 0.13146772980690002, 0.12670931220054626, 0.12656879425048828, 0.1278061419725418],