{"loss": [0.4902404248714447, 0.39119821786880493, 0.2682620584964752, 0.19478853046894073, 0.16456297039985657, 0.14659914374351501, 0.14183826744556427, 0.13503150641918182, 0.1324910670518875, 0.13051341474056244, 0.1292279213666916, 0.12937429547309875, 0.12683351337909698, 0.1262669861316681, 0.12553848326206207, 0.1259283870458603, 0.12421072274446487, 0.1232476532459259, 0.1263650804758072, 0.12297335267066956, 0.12388498336076736, 0.125479057431221, 0.12291532754898071, 0.12167489528656006, 0.12381849437952042, 0.12210389226675034, 0.12393220514059067, 0.12144669145345688, 0.12203332036733627, 0.12316204607486725, 0.12225093692541122, 0.12222983688116074, 0.11899575591087341, 0.12060859799385071, 0.11960779875516891, 0.12200747430324554, 0.12174560874700546, 0.12009532004594803, 0.1216360479593277, 0.11995457112789154, 0.11776059120893478, 0.11990843713283539, 0.11966235935688019, 0.11856883019208908, 0.12079133093357086, 0.12170878797769547, 0.12018248438835144, 0.12006862461566925, 0.1188269555568695, 0.12130530178546906, 0.11940547823905945, 0.11877191811800003, 0.11882557719945908, 0.11989644914865494, 0.11793451756238937, 0.1188875138759613, 0.11871225386857986, 0.11929325014352798, 0.1178317666053772, 0.11721475422382355, 0.11887521296739578, 0.11877036839723587, 0.11867878586053848, 0.12013518065214157, 0.11726923286914825, 0.11728161573410034, 0.12023405730724335, 0.11876736581325531, 0.11701620370149612, 0.11710530519485474, 0.11614665389060974, 0.11703131347894669, 0.11734754592180252, 0.11521819978952408, 0.11846493929624557, 0.11513543128967285, 0.11597714573144913, 0.11741741746664047, 0.11672195047140121, 0.1162247508764267, 0.11512834578752518, 0.1150733232498169, 0.11622203141450882, 0.11517609655857086, 0.11607371270656586, 0.11574248969554901, 0.11711724102497101, 0.11411995440721512, 0.11631906032562256, 0.11904287338256836, 0.11638053506612778, 0.11364273726940155, 0.11523452401161194, 0.11574868857860565, 0.11403544247150421, 0.1145780086517334, 0.11387812346220016, 0.11496751755475998, 0.11622729897499084, 0.11431733518838882], "accuracy": [0.7950000166893005, 0.8128260970115662, 0.8996739387512207, 0.9405434727668762, 0.948913037776947, 0.9548913240432739, 0.9552174210548401, 0.9589130282402039, 0.9571738839149475, 0.9588043689727783, 0.9588043689727783, 0.957608699798584, 0.9589130282402039, 0.9580434560775757, 0.9584782719612122, 0.95923912525177, 0.9596739411354065, 0.9614130258560181, 0.9602174162864685, 0.9610869288444519, 0.9606521725654602, 0.960869550704956, 0.9610869288444519, 0.9619565010070801, 0.9614130258560181, 0.9618478417396545, 0.960869550704956, 0.9598913192749023, 0.9613043665885925, 0.9620652198791504, 0.9613043665885925, 0.959782600402832, 0.9618478417396545, 0.9615217447280884, 0.9611956477165222, 0.960869550704956, 0.960326075553894, 0.9620652198791504, 0.960869550704956, 0.9619565010070801, 0.9633695483207703, 0.9619565010070801, 0.9624999761581421, 0.9629347920417786, 0.960326075553894, 0.9602174162864685, 0.9618478417396545, 0.9621739387512207, 0.9623913168907166, 0.9613043665885925, 0.9622825980186462, 0.9610869288444519, 0.9629347920417786, 0.9617391228675842, 0.9640217423439026, 0.9627174139022827, 0.9605434536933899, 0.9627174139022827, 0.9617391228675842, 0.9633695483207703, 0.9613043665885925, 0.9623913168907166, 0.9620652198791504, 0.960869550704956, 0.9618478417396545, 0.9623913168907166, 0.9599999785423279, 0.9624999761581421, 0.9628260731697083, 0.9623913168907166, 0.9634782671928406, 0.9624999761581421, 0.9616304636001587, 0.9632608890533447, 0.9645652174949646, 0.9647825956344604, 0.9628260731697083, 0.9617391228675842, 0.9630434513092041, 0.9618478417396545, 0.9629347920417786, 0.9632608890533447, 0.9626086950302124, 0.9631521701812744, 0.9621739387512207, 0.9630434513092041, 0.9624999761581421, 0.9632608890533447, 0.9629347920417786, 0.9621739387512207, 0.9631521701812744, 0.9627174139022827, 0.9626086950302124, 0.9620652198791504, 0.9627174139022827, 0.9615217447280884, 0.9618478417396545, 0.9646739363670349, 0.9635869860649109, 0.9631521701812744], "val_loss": [0.4558851420879364, 0.3289051055908203, 0.22777608036994934, 0.17991992831230164, 0.1598324030637741, 0.16106320917606354, 0.1536027193069458, 0.14866679906845093, 0.13785290718078613, 0.13770872354507446, 0.13585874438285828, 0.139170840382576, 0.13823141157627106, 0.13393865525722504, 0.14338089525699615, 0.13956882059574127, 0.13873139023780823, 0.13864967226982117, 0.14000120759010315, 0.13587230443954468, 0.13531926274299622, 0.1320027858018875, 0.13234218955039978, 0.13898995518684387, 0.13462282717227936, 0.13368360698223114, 0.1439162641763687, 0.13391171395778656, 0.13305087387561798, 0.14780446887016296, 0.15594729781150818, 0.13357888162136078, 0.13559672236442566, 0.14372268319129944, 0.132771298289299, 0.1435319483280182, 0.1393507421016693, 0.13114818930625916, 0.13395728170871735, 0.13199558854103088, 0.13358435034751892, 0.13208338618278503, 0.13203157484531403, 0.13186834752559662, 0.13185861706733704, 0.13182437419891357, 0.13169027864933014, 0.15561656653881073, 0.13144078850746155, 0.13187956809997559, 0.12999868392944336, 0.1304093599319458, 0.14779284596443176, 0.12989471852779388, 0.13203862309455872, 0.14822886884212494, 0.150915265083313, 0.1332962065935135, 0.13209889829158783, 0.14411137998104095, 0.13118189573287964, 0.1307370811700821, 0.12910735607147217, 0.13683485984802246, 0.1391829252243042, 0.12915508449077606, 0.13798174262046814, 0.1287117898464203, 0.1293976753950119, 0.13200227916240692, 0.13154608011245728, 0.1279943585395813, 0.1291322410106659, 0.17738042771816254, 0.12875042855739594, 0.12776759266853333, 0.12993115186691284, 0.1323821097612381, 0.1328134536743164, 0.12851858139038086, 0.12851454317569733, 0.12701842188835144, 0.1289452463388443, 0.12829828262329102, 0.13256925344467163, 0.12958060204982758, 0.12793081998825073, 0.13344912230968475, 0.1329982578754425, 0.13082902133464813, 0.1377582848072052, 0.1317179948091507, 0.12922349572181702, 0.13484635949134827, 0.13705655932426453, 0.12793147563934326, 0.12670361995697021, 0.12811660766601562, 0.1267925500869751, 0.13849271833896637],