{"loss": [0.47896721959114075, 0.41272005438804626, 0.3277186453342438, 0.2541295289993286, 0.20528626441955566, 0.17743556201457977, 0.16076889634132385, 0.15044313669204712, 0.14190399646759033, 0.1379723995923996, 0.13424119353294373, 0.13251839578151703, 0.12893156707286835, 0.12745627760887146, 0.12755030393600464, 0.1259980946779251, 0.12494582682847977, 0.12378723174333572, 0.12448055297136307, 0.1236000508069992, 0.12335085868835449, 0.12184613943099976, 0.12068493664264679, 0.12104066461324692, 0.12075581401586533, 0.12100518494844437, 0.12258433550596237, 0.12091448158025742, 0.12222420424222946, 0.11949589103460312, 0.11946368962526321, 0.1190590113401413, 0.11993726342916489, 0.11893216520547867, 0.11978956311941147, 0.11892321705818176, 0.1191508024930954, 0.11826815456151962, 0.11787550896406174, 0.11877261102199554, 0.11726675182580948, 0.11862502247095108, 0.11749029904603958, 0.1189815104007721, 0.11662305891513824, 0.11708440631628036, 0.11803383380174637, 0.1183326244354248, 0.11749278008937836, 0.11796940118074417, 0.11788316816091537, 0.11746177077293396, 0.11809070408344269, 0.11729847639799118, 0.11840666085481644, 0.1177796870470047, 0.11697922646999359, 0.11698666960000992, 0.11733932793140411, 0.11702736467123032, 0.11514603346586227, 0.11733546853065491, 0.11603303253650665, 0.11602535098791122, 0.11607442051172256, 0.11701170355081558, 0.11656125634908676, 0.11589561402797699, 0.11555827409029007, 0.11970996111631393, 0.11535780876874924, 0.1153210997581482, 0.11439736932516098, 0.11552106589078903, 0.11665765941143036, 0.11448854953050613, 0.11389505118131638, 0.1147153228521347, 0.11482556164264679, 0.11643076688051224, 0.11595768481492996, 0.11412787437438965, 0.1149706095457077, 0.11422217637300491, 0.11486182361841202, 0.11866798996925354, 0.11394742131233215, 0.1133510023355484, 0.11446692794561386, 0.11371929943561554, 0.11444719135761261, 0.11537090688943863, 0.11377880722284317, 0.11365631222724915, 0.1138797402381897, 0.1131325513124466, 0.11411944776773453, 0.11408938467502594, 0.11387620866298676, 0.11470956355333328], "accuracy": [0.7936956286430359, 0.8004347681999207, 0.8485869765281677, 0.9142391085624695, 0.9366304278373718, 0.9454348087310791, 0.9510869383811951, 0.9545652270317078, 0.9567391276359558, 0.9558695554733276, 0.957608699798584, 0.9573913216590881, 0.9595652222633362, 0.9585869312286377, 0.958152174949646, 0.9594565033912659, 0.9602174162864685, 0.9589130282402039, 0.9602174162864685, 0.9602174162864685, 0.9601086974143982, 0.9605434536933899, 0.9610869288444519, 0.9615217447280884, 0.9599999785423279, 0.960869550704956, 0.95923912525177, 0.9611956477165222, 0.960326075553894, 0.9614130258560181, 0.9601086974143982, 0.9614130258560181, 0.9610869288444519, 0.959782600402832, 0.9617391228675842, 0.9621739387512207, 0.9606521725654602, 0.9614130258560181, 0.9629347920417786, 0.9620652198791504, 0.9624999761581421, 0.9631521701812744, 0.9613043665885925, 0.9613043665885925, 0.9624999761581421, 0.9628260731697083, 0.9611956477165222, 0.9627174139022827, 0.9620652198791504, 0.9627174139022827, 0.960869550704956, 0.9632608890533447, 0.9610869288444519, 0.9611956477165222, 0.9615217447280884, 0.9620652198791504, 0.9619565010070801, 0.9614130258560181, 0.9619565010070801, 0.9618478417396545, 0.9635869860649109, 0.9621739387512207, 0.9620652198791504, 0.9634782671928406, 0.9638043642044067, 0.9619565010070801, 0.9617391228675842, 0.9628260731697083, 0.9632608890533447, 0.9607608914375305, 0.9634782671928406, 0.9621739387512207, 0.9630434513092041, 0.9611956477165222, 0.9620652198791504, 0.9631521701812744, 0.9624999761581421, 0.9638043642044067, 0.9617391228675842, 0.9629347920417786, 0.9622825980186462, 0.9638043642044067, 0.9627174139022827, 0.9642391204833984, 0.9626086950302124, 0.9611956477165222, 0.9636956453323364, 0.9633695483207703, 0.9629347920417786, 0.9631521701812744, 0.9631521701812744, 0.9628260731697083, 0.9629347920417786, 0.9621739387512207, 0.9631521701812744, 0.9639130234718323, 0.9615217447280884, 0.9629347920417786, 0.9635869860649109, 0.9635869860649109], "val_loss": [0.44713276624679565, 0.3740372657775879, 0.2939668893814087, 0.22966870665550232, 0.19556018710136414, 0.1746007800102234, 0.16675983369350433, 0.15244817733764648, 0.14657427370548248, 0.14435307681560516, 0.13985274732112885, 0.13831259310245514, 0.13708661496639252, 0.13552042841911316, 0.13659432530403137, 0.13399341702461243, 0.13516110181808472, 0.1329001933336258, 0.1321580410003662, 0.13210345804691315, 0.13557344675064087, 0.13549448549747467, 0.13304919004440308, 0.1310417652130127, 0.13117681443691254, 0.13074438273906708, 0.1340688169002533, 0.1359987109899521, 0.13108041882514954, 0.1309421807527542, 0.130632221698761, 0.1336197406053543, 0.13367635011672974, 0.13123072683811188, 0.13890062272548676, 0.13053491711616516, 0.1341467946767807, 0.1307024359703064, 0.13129590451717377, 0.14295390248298645, 0.13220825791358948, 0.13275332748889923, 0.13475516438484192, 0.13104864954948425, 0.13328498601913452, 0.13187743723392487, 0.13139241933822632, 0.13182871043682098, 0.13092967867851257, 0.13182781636714935, 0.13154084980487823, 0.13489922881126404, 0.13206014037132263, 0.13239367306232452, 0.13201986253261566, 0.13153143227100372, 0.13547813892364502, 0.13177509605884552, 0.1334960013628006, 0.13146960735321045, 0.13488006591796875, 0.13081274926662445, 0.13802877068519592, 0.13132843375205994, 0.1328175961971283, 0.137679323554039, 0.13065436482429504, 0.13394330441951752, 0.1311807781457901, 0.132761150598526, 0.1308799386024475, 0.13377083837985992, 0.13894161581993103, 0.1342286467552185, 0.1318056732416153, 0.13178376853466034, 0.13031074404716492, 0.1311630755662918, 0.1303168088197708, 0.13015057146549225, 0.13159845769405365, 0.13129745423793793, 0.13848091661930084, 0.1301434487104416, 0.15646864473819733, 0.13020208477973938, 0.13028483092784882, 0.13250580430030823, 0.13028529286384583, 0.13031713664531708, 0.13044118881225586, 0.1306673139333725, 0.1352526843547821, 0.1309085339307785, 0.13167893886566162, 0.13327725231647491, 0.12933337688446045, 0.13525699079036713, 0.13476382195949554, 0.13265731930732727],