{"loss": [0.49100548028945923, 0.4804195463657379, 0.47057512402534485, 0.45814767479896545, 0.4421575963497162, 0.4228249192237854, 0.4009525179862976, 0.376203328371048, 0.35107481479644775, 0.32563430070877075, 0.3010794520378113, 0.2784315347671509, 0.2578282058238983, 0.23990656435489655, 0.2244681715965271, 0.2108505666255951, 0.20027382671833038, 0.19010759890079498, 0.18189740180969238, 0.17433691024780273, 0.16832393407821655, 0.16348178684711456, 0.1585613638162613, 0.1543654352426529, 0.15109792351722717, 0.14812198281288147, 0.1457923799753189, 0.14317157864570618, 0.14094023406505585, 0.13945631682872772, 0.13763882219791412, 0.1358756273984909, 0.1351391077041626, 0.13336938619613647, 0.1324891597032547, 0.13160984218120575, 0.1309068202972412, 0.12992165982723236, 0.1290283501148224, 0.1285136342048645, 0.12769798934459686, 0.12779608368873596, 0.1268022656440735, 0.12614035606384277, 0.12562118470668793, 0.1253727823495865, 0.1250135749578476, 0.12470481544733047, 0.12392710894346237, 0.12359490245580673, 0.12337061017751694, 0.12325949966907501, 0.12302432954311371, 0.1223910003900528, 0.12253205478191376, 0.12233966588973999, 0.12220456451177597, 0.12162075191736221, 0.1213759183883667, 0.12184832990169525, 0.12119925767183304, 0.12080007791519165, 0.12110397964715958, 0.12037864327430725, 0.12023323029279709, 0.1196688860654831, 0.12073484808206558, 0.11993260681629181, 0.11975967884063721, 0.12019511312246323, 0.11984279751777649, 0.11949460208415985, 0.11994189769029617, 0.11985275894403458, 0.11913131177425385, 0.11921261996030807, 0.11915134638547897, 0.11899317055940628, 0.11910723149776459, 0.11852218955755234, 0.11862636357545853, 0.11859595030546188, 0.11829309910535812, 0.11909154802560806, 0.11853278428316116, 0.11854442954063416, 0.1182418018579483, 0.11786539852619171, 0.11792287975549698, 0.11818370223045349, 0.11786789447069168, 0.1180928647518158, 0.11798897385597229, 0.11818856745958328, 0.11833148449659348, 0.11800538748502731, 0.11764852702617645, 0.11730296164751053, 0.11752548813819885, 0.11721983551979065], "accuracy": [0.7997826337814331, 0.7997826337814331, 0.7997826337814331, 0.7997826337814331, 0.7997826337814331, 0.7997826337814331, 0.800000011920929, 0.8035869598388672, 0.8191304206848145, 0.8438043594360352, 0.8705434799194336, 0.8936956524848938, 0.9089130163192749, 0.9193478226661682, 0.9269565343856812, 0.9319565296173096, 0.9384782314300537, 0.9428260922431946, 0.9454348087310791, 0.9466304183006287, 0.9479348063468933, 0.9502173662185669, 0.9522826075553894, 0.9531521797180176, 0.9540217518806458, 0.9533695578575134, 0.9552174210548401, 0.9548913240432739, 0.9554347991943359, 0.955978274345398, 0.9560869336128235, 0.9566304087638855, 0.9583695530891418, 0.958152174949646, 0.9573913216590881, 0.9579347968101501, 0.9589130282402039, 0.9579347968101501, 0.9589130282402039, 0.9582608938217163, 0.9593478441238403, 0.958695650100708, 0.9598913192749023, 0.9594565033912659, 0.9601086974143982, 0.9591304063796997, 0.9595652222633362, 0.9593478441238403, 0.9601086974143982, 0.9596739411354065, 0.9596739411354065, 0.9606521725654602, 0.9599999785423279, 0.9604347944259644, 0.9609782695770264, 0.9605434536933899, 0.9605434536933899, 0.9617391228675842, 0.9614130258560181, 0.9611956477165222, 0.9609782695770264, 0.9611956477165222, 0.9606521725654602, 0.9613043665885925, 0.9615217447280884, 0.9614130258560181, 0.960869550704956, 0.960326075553894, 0.9613043665885925, 0.9613043665885925, 0.9616304636001587, 0.9607608914375305, 0.9615217447280884, 0.9618478417396545, 0.9615217447280884, 0.9619565010070801, 0.9615217447280884, 0.9627174139022827, 0.9618478417396545, 0.9614130258560181, 0.9615217447280884, 0.9621739387512207, 0.9619565010070801, 0.9613043665885925, 0.9617391228675842, 0.9624999761581421, 0.9621739387512207, 0.9620652198791504, 0.9628260731697083, 0.9616304636001587, 0.9618478417396545, 0.9626086950302124, 0.9614130258560181, 0.9620652198791504, 0.9618478417396545, 0.9611956477165222, 0.9619565010070801, 0.9627174139022827, 0.9619565010070801, 0.9631521701812744], "val_loss": [0.482465922832489, 0.4735761880874634, 0.4626963138580322, 0.44892802834510803, 0.4316468834877014, 0.4126860499382019, 0.3886563777923584, 0.36722564697265625, 0.3394222855567932, 0.3149551749229431, 0.29159700870513916, 0.27081674337387085, 0.25158989429473877, 0.23542755842208862, 0.22172552347183228, 0.20959490537643433, 0.19905966520309448, 0.19062089920043945, 0.18344233930110931, 0.17684504389762878, 0.17327718436717987, 0.16629916429519653, 0.16268813610076904, 0.15864942967891693, 0.15649981796741486, 0.15434874594211578, 0.1507336050271988, 0.14853304624557495, 0.14820468425750732, 0.1456347107887268, 0.14377175271511078, 0.1423436850309372, 0.14134350419044495, 0.14036007225513458, 0.14003069698810577, 0.13870646059513092, 0.14152009785175323, 0.13867659866809845, 0.13665518164634705, 0.13588368892669678, 0.13564451038837433, 0.13838939368724823, 0.13460882008075714, 0.1344992071390152, 0.13374167680740356, 0.13393834233283997, 0.13316135108470917, 0.13284070789813995, 0.133205384016037, 0.13372208178043365, 0.13218148052692413, 0.13206155598163605, 0.1324470490217209, 0.13312982022762299, 0.13192330300807953, 0.13326506316661835, 0.13159070909023285, 0.1320115327835083, 0.13103275001049042, 0.13105730712413788, 0.1306353360414505, 0.13057111203670502, 0.13038498163223267, 0.13036613166332245, 0.13037873804569244, 0.13099318742752075, 0.1313975602388382, 0.13040679693222046, 0.12996548414230347, 0.13071437180042267, 0.13108152151107788, 0.1331586241722107, 0.1305171400308609, 0.1297348439693451, 0.12989592552185059, 0.12969686090946198, 0.130085751414299, 0.13117483258247375, 0.12958015501499176, 0.12957675755023956, 0.1295456886291504, 0.1295761615037918, 0.1301584392786026, 0.13086853921413422, 0.129512757062912, 0.12949581444263458, 0.12978820502758026, 0.12997591495513916, 0.1299574077129364, 0.12936505675315857, 0.13127721846103668, 0.13203832507133484, 0.12934209406375885, 0.12931153178215027, 0.12949872016906738, 0.1293136179447174, 0.1294204145669937, 0.1296808272600174, 0.13010939955711365, 0.1293061226606369],