{"loss": [0.49881574511528015, 0.4138778746128082, 0.2987971305847168, 0.21660034358501434, 0.17707590758800507, 0.15585839748382568, 0.1451786756515503, 0.13846293091773987, 0.13314364850521088, 0.13056200742721558, 0.128374382853508, 0.12727871537208557, 0.12702800333499908, 0.12481623142957687, 0.12563556432724, 0.12564906477928162, 0.12258721143007278, 0.1261509358882904, 0.12339205294847488, 0.12404291331768036, 0.12232598662376404, 0.124892458319664, 0.12186840921640396, 0.12096236646175385, 0.12049748003482819, 0.1204504668712616, 0.12070690840482712, 0.1196105033159256, 0.12189652025699615, 0.11964128911495209, 0.1199399083852768, 0.1222960501909256, 0.12152726948261261, 0.11994913965463638, 0.11961466819047928, 0.1200769692659378, 0.11917460709810257, 0.11860926449298859, 0.11966533958911896, 0.11726552248001099, 0.117775097489357, 0.11838429421186447, 0.11795570701360703, 0.11769987642765045, 0.12348897010087967, 0.11888634413480759, 0.1193094402551651, 0.11789274960756302, 0.11833418160676956, 0.11784841865301132, 0.11866476386785507, 0.11660417914390564, 0.11856435984373093, 0.1181507408618927, 0.11685977131128311, 0.1171511858701706, 0.12014009058475494, 0.11767583340406418, 0.1185879111289978, 0.11798398196697235, 0.11877831816673279, 0.11641175299882889, 0.11759744584560394, 0.11527491360902786, 0.1159086674451828, 0.11822634190320969, 0.11707212775945663, 0.11672749370336533, 0.11666079610586166, 0.11905588954687119, 0.11850125342607498, 0.1172017902135849, 0.11495784670114517, 0.11570406705141068, 0.11629191786050797, 0.11699129641056061, 0.11638468503952026, 0.11579456925392151, 0.1164432018995285, 0.11650148034095764, 0.11636211723089218, 0.11569755524396896, 0.11546879261732101, 0.11435374617576599, 0.11789605021476746, 0.11672528833150864, 0.11509855836629868, 0.1149468719959259, 0.11633449047803879, 0.11592412739992142, 0.11479251831769943, 0.11756318807601929, 0.11453037708997726, 0.11413625627756119, 0.1151731014251709, 0.11475200951099396, 0.11520178616046906, 0.11692044138908386, 0.11348733305931091, 0.11390072852373123], "accuracy": [0.7908695936203003, 0.8023912906646729, 0.8786956667900085, 0.9313043355941772, 0.947282612323761, 0.9527173638343811, 0.9540217518806458, 0.9569565057754517, 0.9566304087638855, 0.9584782719612122, 0.9591304063796997, 0.9591304063796997, 0.95923912525177, 0.9593478441238403, 0.9607608914375305, 0.9593478441238403, 0.9610869288444519, 0.9583695530891418, 0.9617391228675842, 0.9601086974143982, 0.9596739411354065, 0.960326075553894, 0.9610869288444519, 0.9613043665885925, 0.9601086974143982, 0.960326075553894, 0.9623913168907166, 0.9621739387512207, 0.9595652222633362, 0.9619565010070801, 0.9614130258560181, 0.9605434536933899, 0.9594565033912659, 0.9616304636001587, 0.9618478417396545, 0.9613043665885925, 0.9614130258560181, 0.9615217447280884, 0.9611956477165222, 0.9627174139022827, 0.9626086950302124, 0.9614130258560181, 0.9616304636001587, 0.9628260731697083, 0.960326075553894, 0.9618478417396545, 0.9622825980186462, 0.9624999761581421, 0.9605434536933899, 0.9624999761581421, 0.9623913168907166, 0.9629347920417786, 0.9620652198791504, 0.9623913168907166, 0.9624999761581421, 0.9627174139022827, 0.9613043665885925, 0.9617391228675842, 0.9629347920417786, 0.9613043665885925, 0.9616304636001587, 0.9638043642044067, 0.9619565010070801, 0.9628260731697083, 0.9633695483207703, 0.9622825980186462, 0.9607608914375305, 0.9642391204833984, 0.9635869860649109, 0.9630434513092041, 0.9614130258560181, 0.9628260731697083, 0.9638043642044067, 0.9624999761581421, 0.9606521725654602, 0.9631521701812744, 0.9620652198791504, 0.9624999761581421, 0.9628260731697083, 0.9619565010070801, 0.9634782671928406, 0.9630434513092041, 0.9626086950302124, 0.9636956453323364, 0.9621739387512207, 0.9620652198791504, 0.9627174139022827, 0.9623913168907166, 0.9629347920417786, 0.9626086950302124, 0.9627174139022827, 0.9619565010070801, 0.9631521701812744, 0.9639130234718323, 0.9613043665885925, 0.9634782671928406, 0.9631521701812744, 0.9622825980186462, 0.9632608890533447, 0.9629347920417786], "val_loss": [0.4622485041618347, 0.35541075468063354, 0.2532031536102295, 0.19718122482299805, 0.1740061342716217, 0.15681320428848267, 0.1514360010623932, 0.1427229940891266, 0.1409442126750946, 0.13792164623737335, 0.1356498897075653, 0.13736730813980103, 0.1394677609205246, 0.13610193133354187, 0.13628098368644714, 0.13601863384246826, 0.14190924167633057, 0.1368713229894638, 0.1422600895166397, 0.15223221480846405, 0.13593442738056183, 0.1343275010585785, 0.13128550350666046, 0.1403030902147293, 0.1394176483154297, 0.13857991993427277, 0.1411147117614746, 0.14101245999336243, 0.13212178647518158, 0.13314764201641083, 0.13049395382404327, 0.13061726093292236, 0.13892313838005066, 0.13367126882076263, 0.13670137524604797, 0.13070324063301086, 0.13141146302223206, 0.13195087015628815, 0.1313726007938385, 0.16601966321468353, 0.13111402094364166, 0.13072535395622253, 0.13085602223873138, 0.13176196813583374, 0.13568957149982452, 0.1311471313238144, 0.13298974931240082, 0.13063880801200867, 0.13149109482765198, 0.13038650155067444, 0.14160248637199402, 0.13459321856498718, 0.14967525005340576, 0.13207457959651947, 0.1391615867614746, 0.13232110440731049, 0.13039913773536682, 0.14211468398571014, 0.13261324167251587, 0.13017714023590088, 0.13059140741825104, 0.13160912692546844, 0.13032308220863342, 0.13260920345783234, 0.1302781105041504, 0.13061167299747467, 0.13159330189228058, 0.13761745393276215, 0.13349144160747528, 0.13073456287384033, 0.1375376582145691, 0.13097192347049713, 0.13190902769565582, 0.1312856525182724, 0.13147705793380737, 0.13990463316440582, 0.1316574066877365, 0.13674649596214294, 0.13237355649471283, 0.1300695240497589, 0.15190604329109192, 0.13168495893478394, 0.1302061825990677, 0.13294196128845215, 0.13134130835533142, 0.1298622041940689, 0.12907862663269043, 0.1284187287092209, 0.13321344554424286, 0.13725443184375763, 0.1304939240217209, 0.13153311610221863, 0.1286114603281021, 0.12803417444229126, 0.12988553941249847, 0.12867426872253418, 0.1307726353406906, 0.13341425359249115, 0.1312158852815628, 0.128064826130867],