{"loss": [0.48731550574302673, 0.40108129382133484, 0.27786874771118164, 0.2010001838207245, 0.16743934154510498, 0.15009009838104248, 0.14126713573932648, 0.1347850114107132, 0.13176125288009644, 0.12999770045280457, 0.13010133802890778, 0.12824125587940216, 0.12495636194944382, 0.1253005415201187, 0.12427719682455063, 0.12391657382249832, 0.12325529754161835, 0.12256764620542526, 0.12411601096391678, 0.12267689406871796, 0.12251429259777069, 0.1209636777639389, 0.12098761647939682, 0.12106239795684814, 0.12156068533658981, 0.12134186923503876, 0.12133228033781052, 0.12232606112957001, 0.12001346796751022, 0.11977466195821762, 0.12132251262664795, 0.12027715146541595, 0.11970583349466324, 0.12179584056138992, 0.12054304033517838, 0.12043332308530807, 0.11977889388799667, 0.11931795626878738, 0.11785982549190521, 0.11928500980138779, 0.12076178193092346, 0.12042384594678879, 0.11750750988721848, 0.11875058710575104, 0.11844798177480698, 0.11933329701423645, 0.11808951944112778, 0.11824686080217361, 0.11860527843236923, 0.11907646805047989, 0.11752806603908539, 0.11908069252967834, 0.1208215206861496, 0.1195562481880188, 0.11902680993080139, 0.1224772036075592, 0.11697093397378922, 0.1175006777048111, 0.11800169199705124, 0.11851698905229568, 0.11807391792535782, 0.11638734489679337, 0.1190246045589447, 0.118223175406456, 0.11977221816778183, 0.11833974719047546, 0.11795753985643387, 0.11757106333971024, 0.11643339693546295, 0.12045592069625854, 0.11717813462018967, 0.11733420938253403, 0.11708277463912964, 0.11732175201177597, 0.11605909466743469, 0.11744001507759094, 0.11701532453298569, 0.11669809371232986, 0.11947793513536453, 0.11652940511703491, 0.11966932564973831, 0.11598043888807297, 0.11660420149564743, 0.11800862103700638, 0.117531418800354, 0.11506690084934235, 0.1146104484796524, 0.11513219773769379, 0.11592153459787369, 0.11569777876138687, 0.11526238173246384, 0.1161460429430008, 0.11589981615543365, 0.1160106211900711, 0.11697547137737274, 0.1154167503118515, 0.11499734967947006, 0.11498114466667175, 0.11524681746959686, 0.11517628282308578], "accuracy": [0.7997826337814331, 0.8050000071525574, 0.8929347991943359, 0.9389130473136902, 0.9486956596374512, 0.9544565081596375, 0.9554347991943359, 0.9560869336128235, 0.9578260779380798, 0.9579347968101501, 0.9585869312286377, 0.958152174949646, 0.9602174162864685, 0.9604347944259644, 0.9610869288444519, 0.9601086974143982, 0.9606521725654602, 0.9599999785423279, 0.9605434536933899, 0.9606521725654602, 0.959782600402832, 0.9606521725654602, 0.9613043665885925, 0.9616304636001587, 0.9613043665885925, 0.9611956477165222, 0.960326075553894, 0.9598913192749023, 0.9610869288444519, 0.9609782695770264, 0.9611956477165222, 0.9622825980186462, 0.9614130258560181, 0.960869550704956, 0.9611956477165222, 0.9607608914375305, 0.9629347920417786, 0.9635869860649109, 0.9617391228675842, 0.9617391228675842, 0.9604347944259644, 0.9599999785423279, 0.9622825980186462, 0.9627174139022827, 0.9629347920417786, 0.9610869288444519, 0.9628260731697083, 0.9601086974143982, 0.9623913168907166, 0.9629347920417786, 0.9623913168907166, 0.9622825980186462, 0.9602174162864685, 0.960869550704956, 0.9609782695770264, 0.9607608914375305, 0.9623913168907166, 0.9619565010070801, 0.9618478417396545, 0.9619565010070801, 0.9626086950302124, 0.9622825980186462, 0.9611956477165222, 0.9631521701812744, 0.9610869288444519, 0.9613043665885925, 0.9622825980186462, 0.9616304636001587, 0.9628260731697083, 0.9610869288444519, 0.9620652198791504, 0.9633695483207703, 0.9617391228675842, 0.9622825980186462, 0.9644564986228943, 0.9629347920417786, 0.9626086950302124, 0.9636956453323364, 0.9615217447280884, 0.9627174139022827, 0.9620652198791504, 0.9613043665885925, 0.9622825980186462, 0.9611956477165222, 0.9623913168907166, 0.9623913168907166, 0.9627174139022827, 0.9627174139022827, 0.9621739387512207, 0.9628260731697083, 0.9626086950302124, 0.9620652198791504, 0.9633695483207703, 0.9631521701812744, 0.9620652198791504, 0.9629347920417786, 0.9628260731697083, 0.9632608890533447, 0.9623913168907166, 0.9630434513092041], "val_loss": [0.45722323656082153, 0.34350988268852234, 0.23301663994789124, 0.1841837763786316, 0.1671157032251358, 0.15384474396705627, 0.1449316442012787, 0.14057965576648712, 0.1420053094625473, 0.13830722868442535, 0.1386713683605194, 0.13637155294418335, 0.1338556855916977, 0.13527937233448029, 0.13557828962802887, 0.13499024510383606, 0.13282239437103271, 0.1344059556722641, 0.1325211077928543, 0.13691693544387817, 0.13206927478313446, 0.13337911665439606, 0.14127877354621887, 0.13194045424461365, 0.1330617070198059, 0.13974864780902863, 0.16470684111118317, 0.14334829151630402, 0.13358174264431, 0.14109565317630768, 0.13177727162837982, 0.13728858530521393, 0.1350087672472, 0.1306760609149933, 0.13175593316555023, 0.1319834589958191, 0.13149872422218323, 0.13306933641433716, 0.1316576451063156, 0.13536357879638672, 0.13695479929447174, 0.13113076984882355, 0.13167469203472137, 0.13097061216831207, 0.13437485694885254, 0.1369123011827469, 0.13166485726833344, 0.1364147961139679, 0.13350419700145721, 0.13143713772296906, 0.1348862648010254, 0.1432531774044037, 0.13369224965572357, 0.13357225060462952, 0.13104745745658875, 0.1391647756099701, 0.1320275217294693, 0.1341467648744583, 0.13308477401733398, 0.1367211490869522, 0.13154837489128113, 0.13083916902542114, 0.13017185032367706, 0.13079936802387238, 0.13131985068321228, 0.13351936638355255, 0.1519852727651596, 0.13320381939411163, 0.15732526779174805, 0.12963534891605377, 0.13575689494609833, 0.1369745284318924, 0.12935833632946014, 0.1293853521347046, 0.13568373024463654, 0.12982192635536194, 0.13759666681289673, 0.13068829476833344, 0.14021851122379303, 0.13393832743167877, 0.1297617107629776, 0.13623599708080292, 0.13112066686153412, 0.1311858743429184, 0.13661551475524902, 0.13158190250396729, 0.12904253602027893, 0.12917816638946533, 0.13278578221797943, 0.13833920657634735, 0.12950745224952698, 0.12858246266841888, 0.1293679028749466, 0.12812243402004242, 0.12879784405231476, 0.13236601650714874, 0.1328192800283432, 0.13447590172290802, 0.1290321797132492, 0.12991927564144135],