{"loss": [0.5211864113807678, 0.46419933438301086, 0.4199821650981903, 0.3612699806690216, 0.3018086552619934, 0.253106951713562, 0.2174268662929535, 0.1926281452178955, 0.17466573417186737, 0.1626417487859726, 0.153712198138237, 0.14734596014022827, 0.14208273589611053, 0.13838176429271698, 0.13500069081783295, 0.13318023085594177, 0.13134609162807465, 0.13036680221557617, 0.12812303006649017, 0.12635785341262817, 0.12639214098453522, 0.12463327497243881, 0.12388844043016434, 0.12376067787408829, 0.12286660820245743, 0.1232578456401825, 0.12176467478275299, 0.1226656436920166, 0.12200695276260376, 0.12185142189264297, 0.12212560325860977, 0.12050791829824448, 0.1211167722940445, 0.1203426867723465, 0.12063106149435043, 0.11963121592998505, 0.11973733454942703, 0.12039578706026077, 0.11948003619909286, 0.11991071701049805, 0.11977425962686539, 0.11958883702754974, 0.11917910724878311, 0.11803050339221954, 0.11870593577623367, 0.11837173998355865, 0.11800318211317062, 0.11897117644548416, 0.11883001029491425, 0.11843281984329224, 0.11748232692480087, 0.11808846145868301, 0.11677450686693192, 0.11668092012405396, 0.1173759400844574, 0.11743612587451935, 0.117001473903656, 0.11680958420038223, 0.11716748028993607, 0.11814530193805695, 0.11783740669488907, 0.11647778004407883, 0.11639484018087387, 0.11646996438503265, 0.11686186492443085, 0.11618418991565704, 0.11752922832965851, 0.11613766849040985, 0.11662410199642181, 0.1161329448223114, 0.11558673530817032, 0.11505154520273209, 0.11663726717233658, 0.11611638963222504, 0.11561951041221619, 0.11546365171670914, 0.11571355164051056, 0.11643610149621964, 0.11624231934547424, 0.11517246067523956, 0.11577259749174118, 0.11515370011329651, 0.11549333482980728, 0.11426451057195663, 0.11439677327871323, 0.11503392457962036, 0.11617384850978851, 0.11565932631492615, 0.11429745703935623, 0.11455197632312775, 0.11567040532827377, 0.11428574472665787, 0.11631622165441513, 0.11436149477958679, 0.11495708674192429, 0.11364119499921799, 0.11329124122858047, 0.11371028423309326, 0.11375226825475693, 0.11397319287061691], "accuracy": [0.7720652222633362, 0.7997826337814331, 0.7998912930488586, 0.8176087141036987, 0.8736956715583801, 0.9134782552719116, 0.9294565320014954, 0.9410869479179382, 0.9480434656143188, 0.9501087069511414, 0.9533695578575134, 0.9553260803222656, 0.9568478465080261, 0.9569565057754517, 0.958152174949646, 0.958152174949646, 0.9585869312286377, 0.9578260779380798, 0.9578260779380798, 0.9584782719612122, 0.9584782719612122, 0.959782600402832, 0.9588043689727783, 0.9596739411354065, 0.960326075553894, 0.9591304063796997, 0.9596739411354065, 0.9602174162864685, 0.9593478441238403, 0.9606521725654602, 0.960869550704956, 0.9602174162864685, 0.9607608914375305, 0.9604347944259644, 0.9602174162864685, 0.9617391228675842, 0.9611956477165222, 0.960326075553894, 0.9606521725654602, 0.9610869288444519, 0.960326075553894, 0.9609782695770264, 0.9607608914375305, 0.9610869288444519, 0.9614130258560181, 0.9610869288444519, 0.9622825980186462, 0.9615217447280884, 0.9610869288444519, 0.9611956477165222, 0.9610869288444519, 0.9629347920417786, 0.9616304636001587, 0.9619565010070801, 0.9611956477165222, 0.960869550704956, 0.9618478417396545, 0.9624999761581421, 0.9632608890533447, 0.9614130258560181, 0.9614130258560181, 0.9620652198791504, 0.9624999761581421, 0.9626086950302124, 0.9624999761581421, 0.9617391228675842, 0.9627174139022827, 0.9642391204833984, 0.9618478417396545, 0.9616304636001587, 0.9631521701812744, 0.9628260731697083, 0.9607608914375305, 0.9621739387512207, 0.9621739387512207, 0.9621739387512207, 0.9630434513092041, 0.9620652198791504, 0.9616304636001587, 0.9623913168907166, 0.9630434513092041, 0.9633695483207703, 0.9623913168907166, 0.9626086950302124, 0.9624999761581421, 0.9623913168907166, 0.9619565010070801, 0.9629347920417786, 0.9630434513092041, 0.9634782671928406, 0.9622825980186462, 0.9629347920417786, 0.9621739387512207, 0.9619565010070801, 0.9624999761581421, 0.9635869860649109, 0.9634782671928406, 0.9622825980186462, 0.9632608890533447, 0.9634782671928406], "val_loss": [0.4788433313369751, 0.44626814126968384, 0.3912793695926666, 0.3312796652317047, 0.27843454480171204, 0.240218386054039, 0.20986902713775635, 0.18871478736400604, 0.17594538629055023, 0.16556552052497864, 0.15900428593158722, 0.15122295916080475, 0.1538643091917038, 0.144051656126976, 0.14149831235408783, 0.14474302530288696, 0.14119839668273926, 0.13662773370742798, 0.13587968051433563, 0.13885967433452606, 0.13652341067790985, 0.13361595571041107, 0.13352447748184204, 0.13259246945381165, 0.13222791254520416, 0.13244353234767914, 0.13153934478759766, 0.1328267902135849, 0.13345634937286377, 0.1329183280467987, 0.13188651204109192, 0.131324902176857, 0.13086268305778503, 0.13065236806869507, 0.13207025825977325, 0.1324160397052765, 0.13053973019123077, 0.13068285584449768, 0.13247089087963104, 0.13024841248989105, 0.1312253326177597, 0.13083752989768982, 0.13316649198532104, 0.1308092325925827, 0.13872341811656952, 0.13024480640888214, 0.13035500049591064, 0.1299533098936081, 0.12991400063037872, 0.13066954910755157, 0.13020721077919006, 0.13134102523326874, 0.13220901787281036, 0.12983781099319458, 0.13568568229675293, 0.13069266080856323, 0.12987563014030457, 0.1299237757921219, 0.14361155033111572, 0.13612470030784607, 0.13036604225635529, 0.12990276515483856, 0.12984521687030792, 0.13057783246040344, 0.1299707293510437, 0.1300330013036728, 0.1330898106098175, 0.12982310354709625, 0.1358790546655655, 0.13086548447608948, 0.13130170106887817, 0.13970306515693665, 0.1312970221042633, 0.13440634310245514, 0.12996026873588562, 0.12997029721736908, 0.13526898622512817, 0.13022585213184357, 0.13009734451770782, 0.13012681901454926, 0.1312713623046875, 0.13164079189300537, 0.1308259516954422, 0.13325367867946625, 0.13051898777484894, 0.13237053155899048, 0.13053680956363678, 0.1299426257610321, 0.13483074307441711, 0.13869349658489227, 0.1314379870891571, 0.12952813506126404, 0.1299668550491333, 0.13071002066135406, 0.13010820746421814, 0.131938636302948, 0.12973174452781677, 0.12972943484783173, 0.1291547268629074, 0.1300869882106781],