{"loss": [0.48939454555511475, 0.3955420255661011, 0.27005553245544434, 0.19984568655490875, 0.16740863025188446, 0.15125232934951782, 0.14206090569496155, 0.1361563801765442, 0.13198894262313843, 0.13119414448738098, 0.13030271232128143, 0.1263180375099182, 0.12656013667583466, 0.12480370700359344, 0.12378022819757462, 0.12415806204080582, 0.12529101967811584, 0.12421279400587082, 0.12305068224668503, 0.12237531691789627, 0.12126617133617401, 0.1238175630569458, 0.12146967649459839, 0.12246984243392944, 0.12221856415271759, 0.12148834019899368, 0.12169990688562393, 0.12000838667154312, 0.12064008414745331, 0.12146196514368057, 0.11853666603565216, 0.12050116807222366, 0.12007381021976471, 0.11924281716346741, 0.12010383605957031, 0.12023213505744934, 0.1196698397397995, 0.11865047365427017, 0.11857547610998154, 0.11712490022182465, 0.1200801432132721, 0.11967147141695023, 0.11710578948259354, 0.11827153712511063, 0.11926838755607605, 0.11768040060997009, 0.11914388835430145, 0.12067721039056778, 0.11861203610897064, 0.1192278116941452, 0.11704553663730621, 0.11822179704904556, 0.1187555342912674, 0.11661162227392197, 0.11716464906930923, 0.11783906072378159, 0.11604955047369003, 0.11918424069881439, 0.11841946840286255, 0.11575587093830109, 0.11704300343990326, 0.11698546260595322, 0.12162569910287857, 0.11938115954399109, 0.11721377074718475, 0.1161455363035202, 0.11607243120670319, 0.11644109338521957, 0.11831255257129669, 0.11643266677856445, 0.11559481173753738, 0.11749719828367233, 0.11664319783449173, 0.11702045053243637, 0.11596924066543579, 0.11639606952667236, 0.11686227470636368, 0.11696276813745499, 0.11867618560791016, 0.11548162251710892, 0.11629609763622284, 0.11529792100191116, 0.11654112488031387, 0.1155264675617218, 0.11654229462146759, 0.11844626069068909, 0.11567912250757217, 0.11748460680246353, 0.11543348431587219, 0.11450706422328949, 0.11635856330394745, 0.11552126705646515, 0.11464331299066544, 0.11611451208591461, 0.11714807897806168, 0.11523283272981644, 0.11588290333747864, 0.1158972978591919, 0.11464060842990875, 0.11439798027276993], "accuracy": [0.7997826337814331, 0.8086956739425659, 0.8998913168907166, 0.9375, 0.9490217566490173, 0.9538043737411499, 0.9553260803222656, 0.95923912525177, 0.9579347968101501, 0.9583695530891418, 0.958152174949646, 0.9595652222633362, 0.9596739411354065, 0.9594565033912659, 0.9605434536933899, 0.9605434536933899, 0.95923912525177, 0.9599999785423279, 0.9602174162864685, 0.9613043665885925, 0.960869550704956, 0.9617391228675842, 0.9609782695770264, 0.9595652222633362, 0.9595652222633362, 0.9607608914375305, 0.9601086974143982, 0.9617391228675842, 0.9614130258560181, 0.9609782695770264, 0.9615217447280884, 0.9615217447280884, 0.9611956477165222, 0.9623913168907166, 0.9602174162864685, 0.9616304636001587, 0.9613043665885925, 0.9619565010070801, 0.9616304636001587, 0.9617391228675842, 0.9615217447280884, 0.960869550704956, 0.9629347920417786, 0.9613043665885925, 0.9627174139022827, 0.9609782695770264, 0.9611956477165222, 0.9618478417396545, 0.9617391228675842, 0.9618478417396545, 0.9623913168907166, 0.9624999761581421, 0.9623913168907166, 0.9623913168907166, 0.9621739387512207, 0.9613043665885925, 0.9633695483207703, 0.9606521725654602, 0.9635869860649109, 0.9629347920417786, 0.9617391228675842, 0.9636956453323364, 0.9601086974143982, 0.9627174139022827, 0.9616304636001587, 0.9641304612159729, 0.9630434513092041, 0.9631521701812744, 0.9619565010070801, 0.9615217447280884, 0.9629347920417786, 0.9629347920417786, 0.9624999761581421, 0.9623913168907166, 0.9627174139022827, 0.9607608914375305, 0.9634782671928406, 0.9623913168907166, 0.9615217447280884, 0.9629347920417786, 0.9627174139022827, 0.9623913168907166, 0.9621739387512207, 0.9629347920417786, 0.9613043665885925, 0.9623913168907166, 0.9633695483207703, 0.9624999761581421, 0.9621739387512207, 0.9634782671928406, 0.9633695483207703, 0.9620652198791504, 0.9641304612159729, 0.9623913168907166, 0.9628260731697083, 0.9634782671928406, 0.9615217447280884, 0.9620652198791504, 0.9627174139022827, 0.9633695483207703], "val_loss": [0.4568920135498047, 0.3282552659511566, 0.24328690767288208, 0.18390750885009766, 0.16284658014774323, 0.15686018764972687, 0.1468278169631958, 0.14331823587417603, 0.1419612616300583, 0.1442878395318985, 0.13535234332084656, 0.13445423543453217, 0.1417185664176941, 0.13379426300525665, 0.13558746874332428, 0.13253164291381836, 0.14663824439048767, 0.13603532314300537, 0.13200725615024567, 0.13329821825027466, 0.13339091837406158, 0.1327739655971527, 0.1319732367992401, 0.1310880333185196, 0.13075025379657745, 0.1312425285577774, 0.13315090537071228, 0.14186392724514008, 0.13461381196975708, 0.1313544362783432, 0.13197417557239532, 0.1302715688943863, 0.13122867047786713, 0.13329707086086273, 0.13971932232379913, 0.13390544056892395, 0.13176943361759186, 0.14132562279701233, 0.13277117908000946, 0.13075695931911469, 0.13947519659996033, 0.13025563955307007, 0.13002346456050873, 0.12910328805446625, 0.1374315470457077, 0.13939690589904785, 0.13092195987701416, 0.14981308579444885, 0.1306370347738266, 0.13081809878349304, 0.13213878870010376, 0.13261456787586212, 0.13144662976264954, 0.1498529016971588, 0.13339580595493317, 0.13151796162128448, 0.13342352211475372, 0.13084658980369568, 0.13713262975215912, 0.13662000000476837, 0.12849606573581696, 0.1290801465511322, 0.1312606930732727, 0.12993384897708893, 0.13218922913074493, 0.13092359900474548, 0.1307961791753769, 0.12952496111392975, 0.1312401294708252, 0.15776453912258148, 0.1309783160686493, 0.130645290017128, 0.13356921076774597, 0.1290607899427414, 0.1297164261341095, 0.12936162948608398, 0.13195854425430298, 0.129373237490654, 0.12885846197605133, 0.12832976877689362, 0.12748606503009796, 0.13326039910316467, 0.1284336894750595, 0.13299016654491425, 0.14828301966190338, 0.13246966898441315, 0.12965649366378784, 0.12832912802696228, 0.14204734563827515, 0.1274191290140152, 0.12802225351333618, 0.1283683180809021, 0.12976232171058655, 0.1370505392551422, 0.12774688005447388, 0.1276460438966751, 0.13108062744140625, 0.13396409153938293, 0.1288209706544876, 0.12711560726165771],