{"loss": [0.5112004280090332, 0.4779399335384369, 0.4343625009059906, 0.37348994612693787, 0.31112805008888245, 0.2571806013584137, 0.21752037107944489, 0.19093669950962067, 0.17307069897651672, 0.15925167500972748, 0.15109656751155853, 0.1449551284313202, 0.13990089297294617, 0.13646936416625977, 0.13320563733577728, 0.13090147078037262, 0.13000130653381348, 0.1271584928035736, 0.1279735267162323, 0.12574414908885956, 0.12562300264835358, 0.12489988654851913, 0.12544895708560944, 0.12279418855905533, 0.12263532727956772, 0.12197662144899368, 0.1224532425403595, 0.12147564440965652, 0.12212475389242172, 0.12166481465101242, 0.12093394249677658, 0.12101664394140244, 0.12092436105012894, 0.12080169469118118, 0.12132248282432556, 0.1198589950799942, 0.11970362067222595, 0.11901894211769104, 0.12027748674154282, 0.11948258429765701, 0.11886785179376602, 0.11913114786148071, 0.11917214095592499, 0.11853883415460587, 0.11917025595903397, 0.11827875673770905, 0.11912224441766739, 0.11825194954872131, 0.11804598569869995, 0.11732987314462662, 0.11863666027784348, 0.12040881812572479, 0.11918479949235916, 0.11887171119451523, 0.11735733598470688, 0.11807297170162201, 0.11713987588882446, 0.11851655691862106, 0.11914947628974915, 0.11699117720127106, 0.1171131432056427, 0.11727315932512283, 0.11812180280685425, 0.11739367991685867, 0.11840703338384628, 0.11767510324716568, 0.1169276237487793, 0.11754798144102097, 0.11692267656326294, 0.11778777092695236, 0.11722510308027267, 0.11729859560728073, 0.11686787754297256, 0.11654428392648697, 0.11556843668222427, 0.11636289954185486, 0.11708574742078781, 0.11636155843734741, 0.11648844927549362, 0.11594909429550171, 0.1166778951883316, 0.11560449004173279, 0.11619765311479568, 0.11714859306812286, 0.1171148419380188, 0.11618459969758987, 0.11504293978214264, 0.1152864396572113, 0.11678352952003479, 0.11612320691347122, 0.11648998409509659, 0.11639873683452606, 0.11619522422552109, 0.11600901931524277, 0.11558475345373154, 0.11626158654689789, 0.11596949398517609, 0.11801991611719131, 0.11500895768404007, 0.11595132946968079], "accuracy": [0.7985869646072388, 0.7997826337814331, 0.7997826337814331, 0.8072826266288757, 0.8633695840835571, 0.9096739292144775, 0.9297826290130615, 0.9417391419410706, 0.9486956596374512, 0.9521738886833191, 0.9534782767295837, 0.9551087021827698, 0.95652174949646, 0.9563043713569641, 0.9568478465080261, 0.9585869312286377, 0.9580434560775757, 0.9590217471122742, 0.95923912525177, 0.9599999785423279, 0.9593478441238403, 0.9598913192749023, 0.9604347944259644, 0.9601086974143982, 0.9607608914375305, 0.9610869288444519, 0.9601086974143982, 0.9610869288444519, 0.960869550704956, 0.960869550704956, 0.9604347944259644, 0.9604347944259644, 0.9607608914375305, 0.9616304636001587, 0.9610869288444519, 0.9611956477165222, 0.9613043665885925, 0.9618478417396545, 0.9609782695770264, 0.9622825980186462, 0.9617391228675842, 0.9609782695770264, 0.9613043665885925, 0.9619565010070801, 0.9606521725654602, 0.9610869288444519, 0.9613043665885925, 0.9628260731697083, 0.9624999761581421, 0.9623913168907166, 0.9628260731697083, 0.9606521725654602, 0.9617391228675842, 0.9613043665885925, 0.9618478417396545, 0.9628260731697083, 0.9632608890533447, 0.9616304636001587, 0.9631521701812744, 0.9619565010070801, 0.9633695483207703, 0.9631521701812744, 0.9620652198791504, 0.9619565010070801, 0.9616304636001587, 0.9616304636001587, 0.9614130258560181, 0.9626086950302124, 0.9621739387512207, 0.9618478417396545, 0.9618478417396545, 0.9629347920417786, 0.9623913168907166, 0.9616304636001587, 0.9626086950302124, 0.9632608890533447, 0.9621739387512207, 0.9622825980186462, 0.9610869288444519, 0.9630434513092041, 0.9629347920417786, 0.9632608890533447, 0.9620652198791504, 0.9626086950302124, 0.9615217447280884, 0.9609782695770264, 0.9631521701812744, 0.9635869860649109, 0.9630434513092041, 0.9624999761581421, 0.9624999761581421, 0.9623913168907166, 0.9631521701812744, 0.9627174139022827, 0.9627174139022827, 0.9619565010070801, 0.9618478417396545, 0.9626086950302124, 0.9624999761581421, 0.9634782671928406], "val_loss": [0.49148133397102356, 0.4583376348018646, 0.406805157661438, 0.3440368175506592, 0.2850225865840912, 0.24014899134635925, 0.20873653888702393, 0.19076427817344666, 0.17248383164405823, 0.16212664544582367, 0.15598595142364502, 0.15039843320846558, 0.14743877947330475, 0.15581336617469788, 0.14622637629508972, 0.1386813074350357, 0.13926665484905243, 0.13616521656513214, 0.13616275787353516, 0.13595043122768402, 0.14336208999156952, 0.13994498550891876, 0.1334749162197113, 0.13335716724395752, 0.14095111191272736, 0.13282184302806854, 0.13665460050106049, 0.13283292949199677, 0.1319650560617447, 0.13163605332374573, 0.1330641359090805, 0.13457219302654266, 0.13258656859397888, 0.13198313117027283, 0.1325874775648117, 0.13105185329914093, 0.13019660115242004, 0.13424421846866608, 0.13015884160995483, 0.13106070458889008, 0.12973187863826752, 0.13201765716075897, 0.13258111476898193, 0.1315115988254547, 0.13188053667545319, 0.1320735365152359, 0.13022975623607635, 0.13350370526313782, 0.129904106259346, 0.13017064332962036, 0.13286526501178741, 0.12955422699451447, 0.13455986976623535, 0.13155801594257355, 0.130940243601799, 0.13103847205638885, 0.13822650909423828, 0.13090728223323822, 0.130947545170784, 0.12951473891735077, 0.13015174865722656, 0.13119752705097198, 0.13203708827495575, 0.13018137216567993, 0.13109487295150757, 0.12979556620121002, 0.1303204447031021, 0.130537211894989, 0.1296469122171402, 0.13021904230117798, 0.12959200143814087, 0.12957271933555603, 0.12945780158042908, 0.13161611557006836, 0.14770078659057617, 0.12934111058712006, 0.12872211635112762, 0.13018068671226501, 0.13167716562747955, 0.13054242730140686, 0.1295114904642105, 0.12968121469020844, 0.13237781822681427, 0.1340167075395584, 0.12900903820991516, 0.13476282358169556, 0.1309424340724945, 0.13076983392238617, 0.1305740475654602, 0.12942172586917877, 0.13425804674625397, 0.12887178361415863, 0.12963412702083588, 0.12898918986320496, 0.13403698801994324, 0.13070446252822876, 0.14859667420387268, 0.12888570129871368, 0.12971465289592743, 0.13894490897655487],