{"loss": [0.49330538511276245, 0.4024307131767273, 0.28535789251327515, 0.2083432972431183, 0.17196151614189148, 0.1537444293498993, 0.1444280594587326, 0.1383984535932541, 0.13461345434188843, 0.13148683309555054, 0.12860862910747528, 0.12941895425319672, 0.1272406429052353, 0.12563972175121307, 0.12463083118200302, 0.12546990811824799, 0.12667520344257355, 0.12443340569734573, 0.12293105572462082, 0.12353502213954926, 0.124249666929245, 0.12233276665210724, 0.12297344952821732, 0.1209840476512909, 0.12430121749639511, 0.1226855218410492, 0.12116619944572449, 0.12152858823537827, 0.12043256312608719, 0.12365350872278214, 0.12181852757930756, 0.12024717777967453, 0.12156356126070023, 0.11900227516889572, 0.12103461474180222, 0.12040798366069794, 0.12009909003973007, 0.11982850730419159, 0.11951606720685959, 0.12107294797897339, 0.11859312653541565, 0.11925885081291199, 0.12030992656946182, 0.11837512254714966, 0.1191394031047821, 0.12145957350730896, 0.11991122364997864, 0.12006344646215439, 0.11885101348161697, 0.11903726309537888, 0.11699163168668747, 0.11951407045125961, 0.12084225565195084, 0.11802557855844498, 0.11978016793727875, 0.1203649491071701, 0.12111175805330276, 0.11950650066137314, 0.11936982721090317, 0.11950955539941788, 0.12036944925785065, 0.1205516904592514, 0.11817057430744171, 0.11876535415649414, 0.11738979071378708, 0.11733017861843109, 0.11772739887237549, 0.11689938604831696, 0.11755251884460449, 0.11901714652776718, 0.11716121435165405, 0.11759158223867416, 0.11805470287799835, 0.11679094284772873, 0.11869096755981445, 0.1177436113357544, 0.11671831458806992, 0.11780862510204315, 0.11711234599351883, 0.11872508376836777, 0.11885721981525421, 0.11717148125171661, 0.11684130877256393, 0.1157953292131424, 0.11650163680315018, 0.11660242825746536, 0.11639871448278427, 0.1167488843202591, 0.11704345792531967, 0.11670931428670883, 0.11742527037858963, 0.11761578172445297, 0.11751821637153625, 0.1152820885181427, 0.11582799255847931, 0.11543943732976913, 0.11728709191083908, 0.11941440403461456, 0.1158655434846878, 0.11571855843067169], "accuracy": [0.7897825837135315, 0.810326099395752, 0.8866304159164429, 0.9340217113494873, 0.9485869407653809, 0.9545652270317078, 0.9548913240432739, 0.9578260779380798, 0.958695650100708, 0.9578260779380798, 0.9598913192749023, 0.9591304063796997, 0.9598913192749023, 0.9596739411354065, 0.960869550704956, 0.9595652222633362, 0.9599999785423279, 0.9604347944259644, 0.9604347944259644, 0.9617391228675842, 0.9602174162864685, 0.9609782695770264, 0.9594565033912659, 0.9609782695770264, 0.9585869312286377, 0.9599999785423279, 0.960869550704956, 0.960869550704956, 0.960326075553894, 0.960869550704956, 0.9606521725654602, 0.9609782695770264, 0.9607608914375305, 0.9635869860649109, 0.9616304636001587, 0.9620652198791504, 0.9614130258560181, 0.9601086974143982, 0.9609782695770264, 0.9614130258560181, 0.9613043665885925, 0.9614130258560181, 0.9620652198791504, 0.9618478417396545, 0.9613043665885925, 0.9596739411354065, 0.9616304636001587, 0.9613043665885925, 0.9621739387512207, 0.9611956477165222, 0.9632608890533447, 0.9618478417396545, 0.9615217447280884, 0.9623913168907166, 0.9617391228675842, 0.9593478441238403, 0.9610869288444519, 0.9606521725654602, 0.9619565010070801, 0.9617391228675842, 0.9620652198791504, 0.960869550704956, 0.9628260731697083, 0.9611956477165222, 0.9616304636001587, 0.9629347920417786, 0.9615217447280884, 0.9627174139022827, 0.9624999761581421, 0.9632608890533447, 0.9630434513092041, 0.9618478417396545, 0.9619565010070801, 0.9631521701812744, 0.9619565010070801, 0.9616304636001587, 0.9621739387512207, 0.9624999761581421, 0.9620652198791504, 0.960869550704956, 0.9610869288444519, 0.9624999761581421, 0.9635869860649109, 0.9620652198791504, 0.9626086950302124, 0.9622825980186462, 0.9624999761581421, 0.9615217447280884, 0.9621739387512207, 0.9630434513092041, 0.9626086950302124, 0.9619565010070801, 0.9626086950302124, 0.9627174139022827, 0.9626086950302124, 0.9627174139022827, 0.9623913168907166, 0.9614130258560181, 0.9624999761581421, 0.9623913168907166], "val_loss": [0.457588791847229, 0.34733930230140686, 0.24326947331428528, 0.19112902879714966, 0.1674961894750595, 0.15447776019573212, 0.1472632884979248, 0.14481335878372192, 0.14649933576583862, 0.14131566882133484, 0.14154596626758575, 0.13905523717403412, 0.1451301872730255, 0.1340380162000656, 0.13396508991718292, 0.1338517665863037, 0.13654470443725586, 0.13232871890068054, 0.14759176969528198, 0.13515055179595947, 0.13225731253623962, 0.131034716963768, 0.13233233988285065, 0.1322462409734726, 0.13059918582439423, 0.13180848956108093, 0.1335844099521637, 0.13654975593090057, 0.1309731900691986, 0.13036078214645386, 0.13118143379688263, 0.13473773002624512, 0.13035118579864502, 0.134813591837883, 0.13211259245872498, 0.1327243596315384, 0.1387653648853302, 0.13457824289798737, 0.1397680938243866, 0.1345202475786209, 0.12984716892242432, 0.13271495699882507, 0.1313268393278122, 0.1357186734676361, 0.1299869865179062, 0.1319582164287567, 0.14158202707767487, 0.14752551913261414, 0.13533107936382294, 0.1393071860074997, 0.13268549740314484, 0.1359640210866928, 0.13106372952461243, 0.13880708813667297, 0.13240885734558105, 0.13206426799297333, 0.13100393116474152, 0.129935160279274, 0.1349910944700241, 0.13398191332817078, 0.12977632880210876, 0.1370183676481247, 0.13488011062145233, 0.1469324380159378, 0.1412421315908432, 0.14000965654850006, 0.13100287318229675, 0.13327211141586304, 0.1445726752281189, 0.13534747064113617, 0.13098256289958954, 0.12970028817653656, 0.13509845733642578, 0.1311463564634323, 0.13098177313804626, 0.132863387465477, 0.1296803057193756, 0.14143633842468262, 0.14444151520729065, 0.12912213802337646, 0.13188110291957855, 0.1308242827653885, 0.12930262088775635, 0.1297202706336975, 0.13078704476356506, 0.12975315749645233, 0.13173168897628784, 0.1320038139820099, 0.1427256464958191, 0.12927211821079254, 0.1292748749256134, 0.12941816449165344, 0.1456812173128128, 0.13302204012870789, 0.13064661622047424, 0.12769575417041779, 0.13488048315048218, 0.13263966143131256, 0.1349862664937973, 0.12783513963222504],