{"loss": [0.4979814887046814, 0.4128127992153168, 0.2902040183544159, 0.20892181992530823, 0.17141729593276978, 0.15332739055156708, 0.1435624063014984, 0.1354220062494278, 0.13251444697380066, 0.12998269498348236, 0.12834855914115906, 0.12730686366558075, 0.12719357013702393, 0.12528683245182037, 0.1228691041469574, 0.1258362978696823, 0.1232803612947464, 0.12515230476856232, 0.12222879379987717, 0.12148881703615189, 0.12179259955883026, 0.12146870791912079, 0.12030885368585587, 0.11948996037244797, 0.12060239166021347, 0.1206350028514862, 0.1196119636297226, 0.12094300985336304, 0.12227921187877655, 0.11934981495141983, 0.11904542148113251, 0.1198616772890091, 0.11879636347293854, 0.11947990208864212, 0.11724391579627991, 0.11988956481218338, 0.11990980058908463, 0.11744014918804169, 0.11978518217802048, 0.11912421137094498, 0.11978358030319214, 0.12007634341716766, 0.11828958243131638, 0.11816387623548508, 0.11935664713382721, 0.11770449578762054, 0.11742783337831497, 0.11959623545408249, 0.11685428768396378, 0.1174975335597992, 0.1189642995595932, 0.11852341145277023, 0.11660557985305786, 0.11601768434047699, 0.11634083837270737, 0.11899026483297348, 0.11626573652029037, 0.1178758293390274, 0.11831167340278625, 0.1169867217540741, 0.11917740851640701, 0.11804088950157166, 0.11763426661491394, 0.11644093692302704, 0.11747874319553375, 0.11895493417978287, 0.11678016930818558, 0.11661159247159958, 0.117221400141716, 0.11622695624828339, 0.1171291321516037, 0.11706264317035675, 0.11570636183023453, 0.11846923828125, 0.117131307721138, 0.11688847094774246, 0.11815594136714935, 0.1152147501707077, 0.11730106174945831, 0.1148650050163269, 0.11970429867506027, 0.11677724868059158, 0.11568404734134674, 0.11731376498937607, 0.11656766384840012, 0.11676565557718277, 0.1160087138414383, 0.11506152898073196, 0.11620735377073288, 0.11613014340400696, 0.11642461270093918, 0.11768132448196411, 0.11782444268465042, 0.11617963761091232, 0.11683186143636703, 0.11705103516578674, 0.11556828767061234, 0.11490104347467422, 0.11719077825546265, 0.11615017801523209], "accuracy": [0.7926086783409119, 0.8044565320014954, 0.8805434703826904, 0.9348912835121155, 0.947282612323761, 0.9529348015785217, 0.9553260803222656, 0.9580434560775757, 0.958152174949646, 0.9591304063796997, 0.9571738839149475, 0.9590217471122742, 0.9579347968101501, 0.95923912525177, 0.9609782695770264, 0.9594565033912659, 0.960869550704956, 0.9601086974143982, 0.9607608914375305, 0.9615217447280884, 0.959782600402832, 0.9604347944259644, 0.9610869288444519, 0.9609782695770264, 0.9615217447280884, 0.9621739387512207, 0.960869550704956, 0.9606521725654602, 0.9616304636001587, 0.9611956477165222, 0.9604347944259644, 0.9598913192749023, 0.9611956477165222, 0.9622825980186462, 0.9626086950302124, 0.9615217447280884, 0.9616304636001587, 0.9621739387512207, 0.9605434536933899, 0.960869550704956, 0.9616304636001587, 0.9613043665885925, 0.9591304063796997, 0.9615217447280884, 0.9616304636001587, 0.9623913168907166, 0.9613043665885925, 0.9613043665885925, 0.9619565010070801, 0.9615217447280884, 0.9611956477165222, 0.9618478417396545, 0.9620652198791504, 0.9627174139022827, 0.9636956453323364, 0.9623913168907166, 0.9631521701812744, 0.9621739387512207, 0.9613043665885925, 0.9624999761581421, 0.9605434536933899, 0.9613043665885925, 0.9622825980186462, 0.9621739387512207, 0.9620652198791504, 0.9598913192749023, 0.9626086950302124, 0.9620652198791504, 0.9615217447280884, 0.9627174139022827, 0.9635869860649109, 0.9602174162864685, 0.9630434513092041, 0.9616304636001587, 0.9620652198791504, 0.9609782695770264, 0.9620652198791504, 0.9615217447280884, 0.9622825980186462, 0.9629347920417786, 0.9616304636001587, 0.9632608890533447, 0.9630434513092041, 0.9614130258560181, 0.9620652198791504, 0.9619565010070801, 0.9623913168907166, 0.9615217447280884, 0.9615217447280884, 0.9628260731697083, 0.9619565010070801, 0.9607608914375305, 0.9609782695770264, 0.9618478417396545, 0.9615217447280884, 0.9622825980186462, 0.9630434513092041, 0.9623913168907166, 0.9618478417396545, 0.9622825980186462], "val_loss": [0.46393007040023804, 0.34902843832969666, 0.24806448817253113, 0.19456294178962708, 0.16553828120231628, 0.16126544773578644, 0.14815653860569, 0.14069558680057526, 0.13766825199127197, 0.13862650096416473, 0.13680043816566467, 0.13548702001571655, 0.14173656702041626, 0.1434165984392166, 0.13318902254104614, 0.13432931900024414, 0.13644860684871674, 0.1315060704946518, 0.13173502683639526, 0.13165074586868286, 0.1343243420124054, 0.1363067775964737, 0.130939319729805, 0.13048943877220154, 0.14487764239311218, 0.13050930202007294, 0.1433030664920807, 0.13151857256889343, 0.14332835376262665, 0.13502119481563568, 0.13163919746875763, 0.13231563568115234, 0.13141454756259918, 0.1313588172197342, 0.1387617290019989, 0.13151629269123077, 0.13095837831497192, 0.13777920603752136, 0.13685005903244019, 0.13235071301460266, 0.13577082753181458, 0.13100290298461914, 0.1315528154373169, 0.1350618153810501, 0.1346040964126587, 0.13609637320041656, 0.1338886171579361, 0.13224384188652039, 0.14012959599494934, 0.13107913732528687, 0.1315850168466568, 0.14808307588100433, 0.1310325264930725, 0.1314477026462555, 0.131393700838089, 0.1350085288286209, 0.1322755217552185, 0.13983328640460968, 0.1323290318250656, 0.13138507306575775, 0.13127273321151733, 0.1334245353937149, 0.13102582097053528, 0.1312888264656067, 0.1305619180202484, 0.1342230588197708, 0.1373448222875595, 0.13125351071357727, 0.13203027844429016, 0.13171203434467316, 0.13180191814899445, 0.13186855614185333, 0.16613909602165222, 0.130806565284729, 0.13104809820652008, 0.13073137402534485, 0.1329735666513443, 0.13046523928642273, 0.1318669468164444, 0.13774628937244415, 0.13967572152614594, 0.13272126019001007, 0.13265518844127655, 0.13291150331497192, 0.1309058964252472, 0.14216221868991852, 0.1307721585035324, 0.13066180050373077, 0.14312994480133057, 0.1317731887102127, 0.13095985352993011, 0.1346254199743271, 0.13704782724380493, 0.13013695180416107, 0.13056743144989014, 0.13444606959819794, 0.12959328293800354, 0.14071087539196014, 0.12992142140865326, 0.1301211714744568],