{"loss": [0.497143030166626, 0.46485549211502075, 0.4103395938873291, 0.33551761507987976, 0.27146676182746887, 0.22605344653129578, 0.19523529708385468, 0.17471261322498322, 0.16119854152202606, 0.15080346167087555, 0.14514414966106415, 0.14018313586711884, 0.13584251701831818, 0.1339181661605835, 0.13086850941181183, 0.13013790547847748, 0.12913766503334045, 0.1276361048221588, 0.1268811821937561, 0.12464369833469391, 0.12446033954620361, 0.12425452470779419, 0.12485133856534958, 0.12483102828264236, 0.12275930494070053, 0.12315189838409424, 0.12228359282016754, 0.12214990705251694, 0.12170439213514328, 0.12203007191419601, 0.12076377868652344, 0.12047765403985977, 0.1194419115781784, 0.12052495777606964, 0.12137109041213989, 0.1205461174249649, 0.12039436399936676, 0.12046685069799423, 0.11889149248600006, 0.11904242634773254, 0.11915528774261475, 0.11954633891582489, 0.12049427628517151, 0.12050648778676987, 0.11948615312576294, 0.11853613704442978, 0.11878073960542679, 0.11831454187631607, 0.11872550845146179, 0.11937607824802399, 0.11823969334363937, 0.11851717531681061, 0.11781822144985199, 0.11836813390254974, 0.11757904291152954, 0.11806780099868774, 0.11772395670413971, 0.11714009195566177, 0.11826232820749283, 0.11727236211299896, 0.11766740679740906, 0.1169338971376419, 0.11793207377195358, 0.11651881039142609, 0.11767574399709702, 0.11648449301719666, 0.11754049360752106, 0.11727572232484818, 0.11841107904911041, 0.11704478412866592, 0.11811475455760956, 0.11802979558706284, 0.11754581332206726, 0.11699595302343369, 0.11634952574968338, 0.11653922498226166, 0.11599092185497284, 0.11665121465921402, 0.11630807816982269, 0.1158948689699173, 0.11636568605899811, 0.11568581312894821, 0.11720224469900131, 0.11648759990930557, 0.11642672121524811, 0.11682648956775665, 0.11696242541074753, 0.1170368492603302, 0.11674696207046509, 0.11501970142126083, 0.11653750389814377, 0.11578231304883957, 0.11654234677553177, 0.11569613218307495, 0.11699806898832321, 0.11558284610509872, 0.11587607860565186, 0.1163070946931839, 0.11633212864398956, 0.11575333029031754], "accuracy": [0.7997826337814331, 0.7997826337814331, 0.7998912930488586, 0.8328260779380798, 0.897282600402832, 0.925000011920929, 0.9401087164878845, 0.947282612323761, 0.9521738886833191, 0.9539130330085754, 0.955978274345398, 0.9560869336128235, 0.9577174186706543, 0.9578260779380798, 0.95652174949646, 0.9580434560775757, 0.9593478441238403, 0.9589130282402039, 0.9590217471122742, 0.9606521725654602, 0.9590217471122742, 0.9601086974143982, 0.960326075553894, 0.9591304063796997, 0.9606521725654602, 0.9601086974143982, 0.9609782695770264, 0.9596739411354065, 0.9611956477165222, 0.9609782695770264, 0.9601086974143982, 0.9604347944259644, 0.9604347944259644, 0.9620652198791504, 0.960869550704956, 0.9614130258560181, 0.9616304636001587, 0.9604347944259644, 0.9609782695770264, 0.9619565010070801, 0.9616304636001587, 0.9611956477165222, 0.960326075553894, 0.960326075553894, 0.960326075553894, 0.9621739387512207, 0.9619565010070801, 0.9604347944259644, 0.9616304636001587, 0.9607608914375305, 0.9629347920417786, 0.9614130258560181, 0.9629347920417786, 0.9620652198791504, 0.9628260731697083, 0.9623913168907166, 0.9614130258560181, 0.9618478417396545, 0.9620652198791504, 0.9623913168907166, 0.9615217447280884, 0.9634782671928406, 0.9613043665885925, 0.9610869288444519, 0.9611956477165222, 0.9619565010070801, 0.9634782671928406, 0.9627174139022827, 0.9613043665885925, 0.9621739387512207, 0.9616304636001587, 0.9623913168907166, 0.9618478417396545, 0.9613043665885925, 0.9628260731697083, 0.9627174139022827, 0.9639130234718323, 0.9622825980186462, 0.9629347920417786, 0.9622825980186462, 0.9638043642044067, 0.9642391204833984, 0.9620652198791504, 0.9618478417396545, 0.9622825980186462, 0.9630434513092041, 0.9610869288444519, 0.9630434513092041, 0.9626086950302124, 0.9635869860649109, 0.9634782671928406, 0.9626086950302124, 0.9610869288444519, 0.9628260731697083, 0.9627174139022827, 0.9628260731697083, 0.9618478417396545, 0.9626086950302124, 0.9629347920417786, 0.9619565010070801], "val_loss": [0.4817972481250763, 0.44299229979515076, 0.3728621006011963, 0.311885803937912, 0.25055381655693054, 0.2145833671092987, 0.19508348405361176, 0.1733068823814392, 0.16419513523578644, 0.15637120604515076, 0.15169446170330048, 0.14648649096488953, 0.1441497951745987, 0.14440755546092987, 0.13889306783676147, 0.1395990550518036, 0.13817058503627777, 0.13577453792095184, 0.13525307178497314, 0.1345934122800827, 0.13536639511585236, 0.14082498848438263, 0.13365629315376282, 0.13590317964553833, 0.13279007375240326, 0.13259923458099365, 0.132740780711174, 0.1322806179523468, 0.1329929530620575, 0.13216611742973328, 0.13231241703033447, 0.13372717797756195, 0.14141619205474854, 0.13734982907772064, 0.13281673192977905, 0.13130083680152893, 0.13090576231479645, 0.13089744746685028, 0.13272720575332642, 0.13079608976840973, 0.14778810739517212, 0.13313348591327667, 0.13054442405700684, 0.1307576298713684, 0.13030658662319183, 0.13047918677330017, 0.1317649781703949, 0.1345146745443344, 0.13032464683055878, 0.1346040815114975, 0.13032102584838867, 0.13084377348423004, 0.13177073001861572, 0.13038694858551025, 0.1299407184123993, 0.13411271572113037, 0.12974484264850616, 0.1298341453075409, 0.13146847486495972, 0.12948483228683472, 0.13331708312034607, 0.1318705528974533, 0.13097776472568512, 0.13103052973747253, 0.13305217027664185, 0.13151070475578308, 0.13117676973342896, 0.13224145770072937, 0.12991036474704742, 0.13023902475833893, 0.14493490755558014, 0.13044849038124084, 0.13018891215324402, 0.12991946935653687, 0.13254991173744202, 0.13170011341571808, 0.12994682788848877, 0.12962226569652557, 0.13029278814792633, 0.1363488733768463, 0.12958693504333496, 0.13780851662158966, 0.13060131669044495, 0.12997780740261078, 0.13876023888587952, 0.12976659834384918, 0.1352575272321701, 0.1290399730205536, 0.13009712100028992, 0.13205000758171082, 0.13004069030284882, 0.13133645057678223, 0.1303284764289856, 0.14633682370185852, 0.13361601531505585, 0.1344527006149292, 0.13546772301197052, 0.13275443017482758, 0.13097156584262848, 0.12893836200237274],