{"loss": [0.49766039848327637, 0.42806798219680786, 0.3201788663864136, 0.232639342546463, 0.18653464317321777, 0.16275513172149658, 0.14911241829395294, 0.14000649750232697, 0.13641999661922455, 0.1323978304862976, 0.13168878853321075, 0.12976083159446716, 0.1263153851032257, 0.12455993890762329, 0.1251026839017868, 0.12381623685359955, 0.12425010651350021, 0.12334882467985153, 0.12256567925214767, 0.12231817096471786, 0.12110063433647156, 0.12193381786346436, 0.12002300471067429, 0.1220429539680481, 0.12168525904417038, 0.12128341197967529, 0.11965934187173843, 0.12125289440155029, 0.11999501287937164, 0.12085006386041641, 0.12109681218862534, 0.12243564426898956, 0.11783707141876221, 0.12017462402582169, 0.11785048991441727, 0.11890598386526108, 0.11997277289628983, 0.11826885491609573, 0.11866642534732819, 0.11760958284139633, 0.11794582009315491, 0.11902564018964767, 0.11698831617832184, 0.11883329600095749, 0.11888048052787781, 0.11890849471092224, 0.120289146900177, 0.11838917434215546, 0.11661858856678009, 0.11716905981302261, 0.11707069724798203, 0.11949542164802551, 0.11709180474281311, 0.11808990687131882, 0.11668865382671356, 0.1177557110786438, 0.11770130693912506, 0.11673830449581146, 0.11751919984817505, 0.11717092990875244, 0.11665046960115433, 0.11622388660907745, 0.11697501689195633, 0.1166161447763443, 0.11523694545030594, 0.11551066488027573, 0.11671923846006393, 0.11674032360315323, 0.1166050136089325, 0.11708270758390427, 0.11532194912433624, 0.11818680167198181, 0.11687877029180527, 0.11586273461580276, 0.11785497516393661, 0.11535277962684631, 0.11705119162797928, 0.11497052758932114, 0.11655867844820023, 0.11529683321714401, 0.1149611622095108, 0.11473627388477325, 0.11708323657512665, 0.11598837375640869, 0.11459408700466156, 0.11584516614675522, 0.11535272002220154, 0.11689632385969162, 0.11469727754592896, 0.11542696505784988, 0.11414109915494919, 0.11380472034215927, 0.11382496356964111, 0.11695303022861481, 0.11375707387924194, 0.11456803232431412, 0.11460526287555695, 0.11393691599369049, 0.11419976502656937, 0.1143803745508194], "accuracy": [0.7900000214576721, 0.800000011920929, 0.854891300201416, 0.9232608675956726, 0.9432608485221863, 0.9520652294158936, 0.9551087021827698, 0.9566304087638855, 0.9574999809265137, 0.958152174949646, 0.9572826027870178, 0.9584782719612122, 0.9606521725654602, 0.9601086974143982, 0.9599999785423279, 0.959782600402832, 0.9610869288444519, 0.9598913192749023, 0.9614130258560181, 0.9595652222633362, 0.9606521725654602, 0.9598913192749023, 0.9602174162864685, 0.9602174162864685, 0.9607608914375305, 0.9613043665885925, 0.9606521725654602, 0.9599999785423279, 0.960326075553894, 0.9617391228675842, 0.9617391228675842, 0.960869550704956, 0.9624999761581421, 0.9614130258560181, 0.9621739387512207, 0.9634782671928406, 0.9618478417396545, 0.9628260731697083, 0.9615217447280884, 0.9618478417396545, 0.9617391228675842, 0.9601086974143982, 0.9636956453323364, 0.9615217447280884, 0.9631521701812744, 0.9621739387512207, 0.9610869288444519, 0.9619565010070801, 0.9621739387512207, 0.9619565010070801, 0.9619565010070801, 0.9618478417396545, 0.9633695483207703, 0.9630434513092041, 0.9643478393554688, 0.9611956477165222, 0.9629347920417786, 0.9617391228675842, 0.9627174139022827, 0.9624999761581421, 0.9630434513092041, 0.9631521701812744, 0.9618478417396545, 0.9616304636001587, 0.9635869860649109, 0.9638043642044067, 0.9614130258560181, 0.9624999761581421, 0.9622825980186462, 0.9628260731697083, 0.9641304612159729, 0.9627174139022827, 0.9627174139022827, 0.9641304612159729, 0.9628260731697083, 0.9624999761581421, 0.9613043665885925, 0.9633695483207703, 0.9624999761581421, 0.9617391228675842, 0.9615217447280884, 0.9630434513092041, 0.9614130258560181, 0.9639130234718323, 0.9646739363670349, 0.9622825980186462, 0.9627174139022827, 0.9617391228675842, 0.9629347920417786, 0.9622825980186462, 0.9623913168907166, 0.9624999761581421, 0.9643478393554688, 0.9629347920417786, 0.9630434513092041, 0.9628260731697083, 0.9624999761581421, 0.9621739387512207, 0.9624999761581421, 0.9629347920417786], "val_loss": [0.4664710760116577, 0.3783712089061737, 0.2738514840602875, 0.2090177685022354, 0.17879100143909454, 0.16357804834842682, 0.15602415800094604, 0.144806370139122, 0.1434614360332489, 0.13883286714553833, 0.13958235085010529, 0.13518303632736206, 0.14375269412994385, 0.13304688036441803, 0.13571396470069885, 0.13215674459934235, 0.16333001852035522, 0.1352287083864212, 0.13313773274421692, 0.13179968297481537, 0.1441660225391388, 0.1311817169189453, 0.13584017753601074, 0.13350409269332886, 0.1312146931886673, 0.13442173600196838, 0.13023696839809418, 0.1331579089164734, 0.13066589832305908, 0.1304066926240921, 0.14275243878364563, 0.13244612514972687, 0.13144025206565857, 0.13139483332633972, 0.13477987051010132, 0.13193082809448242, 0.1305582970380783, 0.13273777067661285, 0.13185934722423553, 0.13057883083820343, 0.13057176768779755, 0.13580341637134552, 0.13308118283748627, 0.1300092339515686, 0.1525086611509323, 0.14254191517829895, 0.13650518655776978, 0.13047735393047333, 0.1326187551021576, 0.13330742716789246, 0.13042061030864716, 0.13899530470371246, 0.13066579401493073, 0.13149403035640717, 0.13128481805324554, 0.1403815597295761, 0.13101238012313843, 0.1418454349040985, 0.13416188955307007, 0.13483619689941406, 0.13148367404937744, 0.12936004996299744, 0.13174676895141602, 0.13212741911411285, 0.13055305182933807, 0.13367831707000732, 0.13201385736465454, 0.1434878557920456, 0.12934580445289612, 0.1315685361623764, 0.13034075498580933, 0.1429176777601242, 0.12929584085941315, 0.13092035055160522, 0.13088135421276093, 0.1305842101573944, 0.1307590901851654, 0.13214121758937836, 0.12962259352207184, 0.14751198887825012, 0.13048307597637177, 0.13004645705223083, 0.12992361187934875, 0.1341334730386734, 0.14659257233142853, 0.13035041093826294, 0.1295790821313858, 0.1336183100938797, 0.12951506674289703, 0.1285819113254547, 0.1293603479862213, 0.13406354188919067, 0.13106122612953186, 0.1287378966808319, 0.13182228803634644, 0.1286144256591797, 0.1302260160446167, 0.13273143768310547, 0.12846453487873077, 0.12876953184604645],