{"loss": [0.48636654019355774, 0.3879229426383972, 0.26172903180122375, 0.19046323001384735, 0.16150788962841034, 0.14808723330497742, 0.1394798904657364, 0.13356156647205353, 0.13265132904052734, 0.13002189993858337, 0.12924982607364655, 0.12646442651748657, 0.12442504614591599, 0.12447565793991089, 0.12439396232366562, 0.12413518130779266, 0.1232229620218277, 0.12269231677055359, 0.12439345568418503, 0.12173111736774445, 0.12229517102241516, 0.12158116698265076, 0.12357600033283234, 0.12274988740682602, 0.12040548771619797, 0.12205442041158676, 0.12098786979913712, 0.12157485634088516, 0.11963332444429398, 0.12116074562072754, 0.1208115965127945, 0.11992375552654266, 0.12067768722772598, 0.12193035334348679, 0.11805102974176407, 0.11946725845336914, 0.11906285583972931, 0.11822479218244553, 0.11894623935222626, 0.11889580637216568, 0.12121433764696121, 0.12053991109132767, 0.12047328799962997, 0.11952392756938934, 0.11912111937999725, 0.11677520722150803, 0.11745467782020569, 0.11817760765552521, 0.11903824657201767, 0.11732181906700134, 0.11916977912187576, 0.11837511509656906, 0.11782322078943253, 0.11775735765695572, 0.11823491752147675, 0.11857346445322037, 0.11746098101139069, 0.12273571640253067, 0.11836579442024231, 0.11591491848230362, 0.11646139621734619, 0.11947575956583023, 0.11737323552370071, 0.11734341830015182, 0.11661315709352493, 0.11568202823400497, 0.11890272051095963, 0.11513861268758774, 0.11715064197778702, 0.11862657964229584, 0.11644194275140762, 0.11678237468004227, 0.11691585183143616, 0.11927414685487747, 0.11882741004228592, 0.1144537478685379, 0.11754975467920303, 0.11648185551166534, 0.11564569920301437, 0.11667695641517639, 0.1164870411157608, 0.11462479084730148, 0.11534528434276581, 0.11749044805765152, 0.11441617459058762, 0.11842930316925049, 0.11543093621730804, 0.11442199349403381, 0.11356388032436371, 0.11611974239349365, 0.11542940884828568, 0.11478760093450546, 0.11555671691894531, 0.11448218673467636, 0.11514884978532791, 0.11396879702806473, 0.11556072533130646, 0.11477131396532059, 0.11336314678192139, 0.11282989382743835], "accuracy": [0.7973912954330444, 0.814130425453186, 0.906521737575531, 0.9422826170921326, 0.9491304159164429, 0.9540217518806458, 0.957608699798584, 0.95652174949646, 0.9572826027870178, 0.9577174186706543, 0.958152174949646, 0.9584782719612122, 0.9607608914375305, 0.9599999785423279, 0.9594565033912659, 0.9596739411354065, 0.9610869288444519, 0.9594565033912659, 0.9607608914375305, 0.960869550704956, 0.9598913192749023, 0.9606521725654602, 0.9611956477165222, 0.9607608914375305, 0.9616304636001587, 0.9617391228675842, 0.960326075553894, 0.9596739411354065, 0.9617391228675842, 0.9606521725654602, 0.9614130258560181, 0.9604347944259644, 0.9624999761581421, 0.95923912525177, 0.9617391228675842, 0.9609782695770264, 0.9616304636001587, 0.9626086950302124, 0.9619565010070801, 0.9628260731697083, 0.9619565010070801, 0.9611956477165222, 0.9596739411354065, 0.9609782695770264, 0.9621739387512207, 0.9632608890533447, 0.9623913168907166, 0.9621739387512207, 0.9610869288444519, 0.9621739387512207, 0.9609782695770264, 0.9639130234718323, 0.9626086950302124, 0.9620652198791504, 0.9622825980186462, 0.9620652198791504, 0.9632608890533447, 0.960869550704956, 0.9629347920417786, 0.9632608890533447, 0.9629347920417786, 0.9610869288444519, 0.9619565010070801, 0.9631521701812744, 0.960869550704956, 0.9624999761581421, 0.9610869288444519, 0.9628260731697083, 0.9621739387512207, 0.9619565010070801, 0.9622825980186462, 0.9614130258560181, 0.9602174162864685, 0.9611956477165222, 0.9604347944259644, 0.9630434513092041, 0.9620652198791504, 0.9632608890533447, 0.9631521701812744, 0.9620652198791504, 0.9624999761581421, 0.9639130234718323, 0.9620652198791504, 0.9621739387512207, 0.9630434513092041, 0.9617391228675842, 0.9630434513092041, 0.9621739387512207, 0.9642391204833984, 0.9624999761581421, 0.9622825980186462, 0.9627174139022827, 0.9617391228675842, 0.9632608890533447, 0.9659782648086548, 0.9639130234718323, 0.9626086950302124, 0.9620652198791504, 0.9639130234718323, 0.9629347920417786], "val_loss": [0.44907286763191223, 0.3377913236618042, 0.2241232991218567, 0.1797727793455124, 0.16091081500053406, 0.1483667939901352, 0.14422771334648132, 0.15409888327121735, 0.14238616824150085, 0.14219391345977783, 0.138968825340271, 0.13383662700653076, 0.13339540362358093, 0.13409589231014252, 0.13856779038906097, 0.14172013103961945, 0.13343903422355652, 0.13813506066799164, 0.13549824059009552, 0.13202840089797974, 0.13524237275123596, 0.13608883321285248, 0.13202044367790222, 0.13492265343666077, 0.14753630757331848, 0.13632285594940186, 0.13544493913650513, 0.13113652169704437, 0.1325022578239441, 0.1373862475156784, 0.14637070894241333, 0.13664592802524567, 0.13339516520500183, 0.14569327235221863, 0.1325107365846634, 0.13186804950237274, 0.13174545764923096, 0.13182169198989868, 0.1326165646314621, 0.13140977919101715, 0.13691863417625427, 0.1314428150653839, 0.14167730510234833, 0.13266612589359283, 0.13413619995117188, 0.1325240135192871, 0.13203065097332, 0.13771891593933105, 0.13366055488586426, 0.13732202351093292, 0.13636921346187592, 0.14792491495609283, 0.1519920378923416, 0.13290594518184662, 0.1305587887763977, 0.131632998585701, 0.13054333627223969, 0.1321369856595993, 0.1347588151693344, 0.13186590373516083, 0.1312120109796524, 0.1303642839193344, 0.12964250147342682, 0.13229693472385406, 0.13274799287319183, 0.1366579532623291, 0.1294773370027542, 0.13041558861732483, 0.13011349737644196, 0.13693006336688995, 0.13015717267990112, 0.13251233100891113, 0.1377243846654892, 0.13226079940795898, 0.12948504090309143, 0.13183850049972534, 0.1392754465341568, 0.13581402599811554, 0.13570567965507507, 0.12976165115833282, 0.13665544986724854, 0.13267438113689423, 0.12932884693145752, 0.13545048236846924, 0.12914341688156128, 0.12858594954013824, 0.1377602070569992, 0.13488300144672394, 0.13283805549144745, 0.13435916602611542, 0.1316673755645752, 0.13723033666610718, 0.15995611250400543, 0.1281748116016388, 0.12821178138256073, 0.12794163823127747, 0.1313825100660324, 0.13675692677497864, 0.12800756096839905, 0.12895353138446808],