{"loss": [0.4899306893348694, 0.41597551107406616, 0.30199477076530457, 0.21797612309455872, 0.17836600542068481, 0.15669368207454681, 0.145835742354393, 0.13814303278923035, 0.13416196405887604, 0.13083314895629883, 0.12840701639652252, 0.12759993970394135, 0.1252337247133255, 0.1248932033777237, 0.12430815398693085, 0.12534059584140778, 0.12367375940084457, 0.12226232141256332, 0.12281724810600281, 0.12252464145421982, 0.12120503187179565, 0.12077084928750992, 0.12137676775455475, 0.1221613883972168, 0.12102515250444412, 0.1212494820356369, 0.12108118832111359, 0.11992407590150833, 0.12055471539497375, 0.11901026219129562, 0.12000887840986252, 0.12000679224729538, 0.12035274505615234, 0.11923034489154816, 0.11881416290998459, 0.11858449876308441, 0.11899393796920776, 0.1193554699420929, 0.11797095090150833, 0.11919049173593521, 0.11875242739915848, 0.11843766272068024, 0.11989021301269531, 0.11906621605157852, 0.11848762631416321, 0.12059377878904343, 0.11874330043792725, 0.1184779554605484, 0.11824193596839905, 0.11759860068559647, 0.11632565408945084, 0.119071826338768, 0.11609286069869995, 0.11736500263214111, 0.11752694845199585, 0.11718286573886871, 0.11974506080150604, 0.11734319478273392, 0.11878177523612976, 0.1170976459980011, 0.11754623055458069, 0.11797402054071426, 0.11565234512090683, 0.11636412143707275, 0.11690653860569, 0.11637166142463684, 0.11687213182449341, 0.11617090553045273, 0.11810042709112167, 0.11581207066774368, 0.11670999228954315, 0.11688961088657379, 0.11701501160860062, 0.11662816256284714, 0.11644309759140015, 0.1169549822807312, 0.11580310016870499, 0.1180354654788971, 0.11605940014123917, 0.1163337379693985, 0.11492568254470825, 0.11580980569124222, 0.11604932695627213, 0.11743807792663574, 0.11639837920665741, 0.11635584384202957, 0.11626771092414856, 0.11580526828765869, 0.11859027296304703, 0.11598186939954758, 0.11684206873178482, 0.11555220931768417, 0.11514052748680115, 0.11566144973039627, 0.11503869295120239, 0.11480189859867096, 0.11456526815891266, 0.11649912595748901, 0.11547107249498367, 0.11479216068983078], "accuracy": [0.7997826337814331, 0.802173912525177, 0.8713043332099915, 0.9311956763267517, 0.9464130401611328, 0.9519565105438232, 0.9545652270317078, 0.9569565057754517, 0.9573913216590881, 0.9579347968101501, 0.958152174949646, 0.9584782719612122, 0.9596739411354065, 0.9591304063796997, 0.9594565033912659, 0.9596739411354065, 0.9611956477165222, 0.960326075553894, 0.9609782695770264, 0.9607608914375305, 0.9615217447280884, 0.9601086974143982, 0.9610869288444519, 0.960326075553894, 0.9598913192749023, 0.9606521725654602, 0.9602174162864685, 0.9615217447280884, 0.9624999761581421, 0.9626086950302124, 0.960869550704956, 0.9618478417396545, 0.9628260731697083, 0.9626086950302124, 0.9609782695770264, 0.9617391228675842, 0.9618478417396545, 0.9610869288444519, 0.9619565010070801, 0.9607608914375305, 0.9622825980186462, 0.9626086950302124, 0.9601086974143982, 0.9619565010070801, 0.9618478417396545, 0.9616304636001587, 0.9607608914375305, 0.9614130258560181, 0.9617391228675842, 0.9626086950302124, 0.9622825980186462, 0.9617391228675842, 0.9623913168907166, 0.9632608890533447, 0.9611956477165222, 0.9621739387512207, 0.9601086974143982, 0.9630434513092041, 0.9613043665885925, 0.9624999761581421, 0.9626086950302124, 0.9618478417396545, 0.9632608890533447, 0.9627174139022827, 0.9619565010070801, 0.9626086950302124, 0.9617391228675842, 0.9628260731697083, 0.9629347920417786, 0.9621739387512207, 0.9632608890533447, 0.9627174139022827, 0.9619565010070801, 0.9627174139022827, 0.9632608890533447, 0.9621739387512207, 0.9621739387512207, 0.9617391228675842, 0.9618478417396545, 0.9629347920417786, 0.9635869860649109, 0.9616304636001587, 0.9620652198791504, 0.9610869288444519, 0.9641304612159729, 0.9620652198791504, 0.9632608890533447, 0.9626086950302124, 0.9610869288444519, 0.9617391228675842, 0.960869550704956, 0.9629347920417786, 0.9630434513092041, 0.9628260731697083, 0.9624999761581421, 0.9629347920417786, 0.9635869860649109, 0.9626086950302124, 0.9634782671928406, 0.9632608890533447], "val_loss": [0.46053463220596313, 0.3615260422229767, 0.25608736276626587, 0.19993680715560913, 0.17218191921710968, 0.1576746255159378, 0.14847132563591003, 0.1449364423751831, 0.15017995238304138, 0.13876046240329742, 0.136180117726326, 0.13874024152755737, 0.13672509789466858, 0.14359109103679657, 0.13345187902450562, 0.13305610418319702, 0.13320358097553253, 0.1395111083984375, 0.1339114010334015, 0.1317613571882248, 0.13262298703193665, 0.1335163116455078, 0.13637036085128784, 0.1323407143354416, 0.13394199311733246, 0.13465197384357452, 0.13081656396389008, 0.1323465257883072, 0.1305469274520874, 0.13109365105628967, 0.15088775753974915, 0.1323537528514862, 0.17082393169403076, 0.1311674267053604, 0.1310330629348755, 0.13726039230823517, 0.13173766434192657, 0.13133423030376434, 0.13045476377010345, 0.13085228204727173, 0.13497671484947205, 0.13300412893295288, 0.13029158115386963, 0.1437823325395584, 0.137786403298378, 0.13057757914066315, 0.13169847428798676, 0.13081979751586914, 0.13253329694271088, 0.13259996473789215, 0.13612395524978638, 0.13198372721672058, 0.13102684915065765, 0.13006742298603058, 0.13033129274845123, 0.13221587240695953, 0.13782382011413574, 0.1444624662399292, 0.1331581473350525, 0.13054987788200378, 0.12949751317501068, 0.1333865225315094, 0.1324252188205719, 0.1290818750858307, 0.134304478764534, 0.132722407579422, 0.13852325081825256, 0.13825897872447968, 0.1302456259727478, 0.14036443829536438, 0.13943365216255188, 0.1316089630126953, 0.13165166974067688, 0.13437829911708832, 0.1315910965204239, 0.13128598034381866, 0.1315160095691681, 0.13182008266448975, 0.13075540959835052, 0.13062730431556702, 0.13056176900863647, 0.13082808256149292, 0.1356402337551117, 0.13031598925590515, 0.13033688068389893, 0.13438458740711212, 0.1323079615831375, 0.131605327129364, 0.12842684984207153, 0.13593535125255585, 0.13410848379135132, 0.12873230874538422, 0.13014911115169525, 0.13320770859718323, 0.13426250219345093, 0.13094019889831543, 0.12883518636226654, 0.12808798253536224, 0.12884041666984558, 0.12837818264961243],