{"loss": [0.4951409697532654, 0.3932987153530121, 0.27372971177101135, 0.20444324612617493, 0.1697244495153427, 0.15154926478862762, 0.143528550863266, 0.13768742978572845, 0.13221047818660736, 0.12905754148960114, 0.12719053030014038, 0.12719044089317322, 0.12764275074005127, 0.12506486475467682, 0.12430108338594437, 0.1225130558013916, 0.12280640751123428, 0.12244902551174164, 0.12280946224927902, 0.12121633440256119, 0.12189340591430664, 0.12373074889183044, 0.12349257618188858, 0.1229950487613678, 0.12015565484762192, 0.12222359329462051, 0.12082723528146744, 0.11981035023927689, 0.11955416202545166, 0.11962112039327621, 0.1199302077293396, 0.11874350905418396, 0.11930929124355316, 0.11911462992429733, 0.11817378550767899, 0.11961359530687332, 0.1186707466840744, 0.12016680836677551, 0.11848755925893784, 0.120195671916008, 0.11769247055053711, 0.11950226873159409, 0.11936408281326294, 0.1177520900964737, 0.1194065511226654, 0.11669765412807465, 0.11925261467695236, 0.1186220645904541, 0.11755342036485672, 0.11879310756921768, 0.1195867508649826, 0.11841379106044769, 0.11769600212574005, 0.11879624426364899, 0.1178893893957138, 0.11860854178667068, 0.11812708526849747, 0.11603085696697235, 0.11714916676282883, 0.1181143969297409, 0.11685185879468918, 0.11609619110822678, 0.11778812855482101, 0.11785939335823059, 0.11778511106967926, 0.11713060736656189, 0.11801841109991074, 0.11720314621925354, 0.11706334352493286, 0.11634182929992676, 0.11736442148685455, 0.11635244637727737, 0.11579028517007828, 0.11723869293928146, 0.11701469123363495, 0.11619416624307632, 0.11659825593233109, 0.11832701414823532, 0.1156080812215805, 0.11450130492448807, 0.11407887190580368, 0.11464709788560867, 0.11401353776454926, 0.11564381420612335, 0.11532331258058548, 0.11586569249629974, 0.11624260991811752, 0.11361836642026901, 0.1145496666431427, 0.11650989204645157, 0.11620641499757767, 0.11454927921295166, 0.11411458253860474, 0.11554890871047974, 0.11487674713134766, 0.11390825361013412, 0.1131899356842041, 0.11387870460748672, 0.11561409384012222, 0.11499623209238052], "accuracy": [0.7832608819007874, 0.810869574546814, 0.8953260779380798, 0.9354347586631775, 0.9479348063468933, 0.9534782767295837, 0.9557608962059021, 0.9561956524848938, 0.9591304063796997, 0.9590217471122742, 0.9583695530891418, 0.9579347968101501, 0.9574999809265137, 0.9602174162864685, 0.9610869288444519, 0.9598913192749023, 0.9610869288444519, 0.9604347944259644, 0.9610869288444519, 0.9605434536933899, 0.9606521725654602, 0.9607608914375305, 0.960326075553894, 0.9594565033912659, 0.9621739387512207, 0.9601086974143982, 0.9614130258560181, 0.9614130258560181, 0.9620652198791504, 0.9611956477165222, 0.9615217447280884, 0.9616304636001587, 0.9607608914375305, 0.9613043665885925, 0.9632608890533447, 0.9607608914375305, 0.9617391228675842, 0.9618478417396545, 0.9614130258560181, 0.9621739387512207, 0.9617391228675842, 0.9605434536933899, 0.9614130258560181, 0.9617391228675842, 0.9609782695770264, 0.9611956477165222, 0.9615217447280884, 0.9620652198791504, 0.9609782695770264, 0.9630434513092041, 0.9611956477165222, 0.9617391228675842, 0.9613043665885925, 0.9615217447280884, 0.9618478417396545, 0.9613043665885925, 0.9619565010070801, 0.9624999761581421, 0.9624999761581421, 0.9619565010070801, 0.9626086950302124, 0.9627174139022827, 0.9624999761581421, 0.9616304636001587, 0.9624999761581421, 0.9628260731697083, 0.9630434513092041, 0.9629347920417786, 0.9628260731697083, 0.9619565010070801, 0.9611956477165222, 0.9613043665885925, 0.9632608890533447, 0.9632608890533447, 0.9628260731697083, 0.9618478417396545, 0.9618478417396545, 0.9609782695770264, 0.9624999761581421, 0.9641304612159729, 0.9641304612159729, 0.9622825980186462, 0.9640217423439026, 0.9629347920417786, 0.9624999761581421, 0.9639130234718323, 0.9624999761581421, 0.9635869860649109, 0.9633695483207703, 0.9632608890533447, 0.9617391228675842, 0.9640217423439026, 0.9627174139022827, 0.9629347920417786, 0.9630434513092041, 0.9638043642044067, 0.9617391228675842, 0.9631521701812744, 0.9630434513092041, 0.9629347920417786], "val_loss": [0.4546608030796051, 0.3291349411010742, 0.23616433143615723, 0.1888376623392105, 0.16727203130722046, 0.15313370525836945, 0.14632856845855713, 0.14232246577739716, 0.1405188888311386, 0.13686910271644592, 0.13517314195632935, 0.13599272072315216, 0.13460181653499603, 0.1330140382051468, 0.1341814398765564, 0.13634821772575378, 0.1331413835287094, 0.13583290576934814, 0.1344761848449707, 0.13733769953250885, 0.13432225584983826, 0.1353674679994583, 0.13888290524482727, 0.13152143359184265, 0.13211899995803833, 0.13045184314250946, 0.13085129857063293, 0.1324097067117691, 0.13189473748207092, 0.13181892037391663, 0.13529172539710999, 0.13350534439086914, 0.13089154660701752, 0.13109315931797028, 0.13366170227527618, 0.1315629929304123, 0.13290287554264069, 0.14270640909671783, 0.13351482152938843, 0.13695935904979706, 0.156452015042305, 0.13590918481349945, 0.13108578324317932, 0.13056878745555878, 0.13118742406368256, 0.13343116641044617, 0.1317070871591568, 0.13088704645633698, 0.13401822745800018, 0.13552264869213104, 0.13207343220710754, 0.1399158388376236, 0.1345624327659607, 0.1341167539358139, 0.13113278150558472, 0.13054612278938293, 0.1313067078590393, 0.13551267981529236, 0.1359589397907257, 0.13201011717319489, 0.13400082290172577, 0.13514269888401031, 0.1354449987411499, 0.13771843910217285, 0.13397467136383057, 0.13105684518814087, 0.1316106617450714, 0.13037526607513428, 0.13445138931274414, 0.1504257172346115, 0.1330282986164093, 0.13149181008338928, 0.13020257651805878, 0.13305246829986572, 0.13110730051994324, 0.13001909852027893, 0.1411341279745102, 0.13221223652362823, 0.12950675189495087, 0.13695108890533447, 0.13163045048713684, 0.13148503005504608, 0.1298334002494812, 0.12942028045654297, 0.13036859035491943, 0.15812073647975922, 0.1315939575433731, 0.13165895640850067, 0.132755309343338, 0.15497103333473206, 0.13508263230323792, 0.1282673180103302, 0.1345575600862503, 0.13420233130455017, 0.13026578724384308, 0.12979711592197418, 0.13075003027915955, 0.13563522696495056, 0.13989537954330444, 0.1350216269493103],