{"loss": [0.48137640953063965, 0.39048129320144653, 0.2707270681858063, 0.19820058345794678, 0.16596761345863342, 0.15173649787902832, 0.14103032648563385, 0.13584865629673004, 0.13226738572120667, 0.1305437684059143, 0.12782597541809082, 0.12687551975250244, 0.12834173440933228, 0.12544980645179749, 0.12375261634588242, 0.12287399917840958, 0.12305311113595963, 0.12248296290636063, 0.12173207104206085, 0.12233076989650726, 0.12138759344816208, 0.1214628517627716, 0.12036938220262527, 0.1211310625076294, 0.12098532170057297, 0.12039444595575333, 0.12053986638784409, 0.12150838971138, 0.12138638645410538, 0.12074457854032516, 0.11959269642829895, 0.12045048922300339, 0.11884845048189163, 0.1186046302318573, 0.11910504102706909, 0.11823580414056778, 0.12071020901203156, 0.11862048506736755, 0.11792991310358047, 0.11857450008392334, 0.12035082280635834, 0.11900090426206589, 0.11776410788297653, 0.11752968281507492, 0.11827842146158218, 0.11708753556013107, 0.1183442771434784, 0.11744444817304611, 0.11857692897319794, 0.11900579184293747, 0.11744655668735504, 0.11703266948461533, 0.11744488030672073, 0.11803437769412994, 0.11837058514356613, 0.11797505617141724, 0.1190522313117981, 0.11684370040893555, 0.11652355641126633, 0.11836370080709457, 0.11747466027736664, 0.11687139421701431, 0.11642097681760788, 0.11726155132055283, 0.11501694470643997, 0.11701802164316177, 0.12000594288110733, 0.11758656054735184, 0.1164105087518692, 0.11823734641075134, 0.11621194332838058, 0.11740170419216156, 0.11532402783632278, 0.11742603033781052, 0.11744362115859985, 0.11581205576658249, 0.1166619211435318, 0.11575821787118912, 0.11701154708862305, 0.11602788418531418, 0.11604730039834976, 0.11504144966602325, 0.11419662833213806, 0.11547941714525223, 0.11508583277463913, 0.11627127230167389, 0.11598222702741623, 0.11612251400947571, 0.11445697396993637, 0.11489301919937134, 0.11462519317865372, 0.11473380774259567, 0.11313248425722122, 0.11431577056646347, 0.11521580070257187, 0.11454169452190399, 0.11718110740184784, 0.11509055644273758, 0.1149064153432846, 0.11410252004861832], "accuracy": [0.7997826337814331, 0.8104347586631775, 0.8973913192749023, 0.938043475151062, 0.9491304159164429, 0.9542391300201416, 0.9556521773338318, 0.9569565057754517, 0.9574999809265137, 0.9593478441238403, 0.9594565033912659, 0.959782600402832, 0.9595652222633362, 0.9595652222633362, 0.9599999785423279, 0.9601086974143982, 0.9609782695770264, 0.960869550704956, 0.9613043665885925, 0.9610869288444519, 0.9611956477165222, 0.9614130258560181, 0.9617391228675842, 0.9604347944259644, 0.9617391228675842, 0.9613043665885925, 0.9617391228675842, 0.9618478417396545, 0.9609782695770264, 0.960869550704956, 0.9618478417396545, 0.9607608914375305, 0.9620652198791504, 0.9627174139022827, 0.9619565010070801, 0.9621739387512207, 0.9621739387512207, 0.9623913168907166, 0.9623913168907166, 0.9611956477165222, 0.9620652198791504, 0.9617391228675842, 0.9615217447280884, 0.9629347920417786, 0.9614130258560181, 0.9630434513092041, 0.9621739387512207, 0.9614130258560181, 0.9627174139022827, 0.9621739387512207, 0.9628260731697083, 0.9621739387512207, 0.9621739387512207, 0.9618478417396545, 0.9618478417396545, 0.9622825980186462, 0.9630434513092041, 0.9623913168907166, 0.9629347920417786, 0.9614130258560181, 0.9622825980186462, 0.9627174139022827, 0.9628260731697083, 0.9623913168907166, 0.9628260731697083, 0.9628260731697083, 0.9601086974143982, 0.9627174139022827, 0.9620652198791504, 0.9626086950302124, 0.9627174139022827, 0.9621739387512207, 0.9632608890533447, 0.9619565010070801, 0.9617391228675842, 0.9624999761581421, 0.9638043642044067, 0.9639130234718323, 0.9634782671928406, 0.9615217447280884, 0.9628260731697083, 0.9632608890533447, 0.9627174139022827, 0.9635869860649109, 0.9624999761581421, 0.9621739387512207, 0.9627174139022827, 0.9621739387512207, 0.9636956453323364, 0.9640217423439026, 0.9628260731697083, 0.9624999761581421, 0.9617391228675842, 0.9631521701812744, 0.9615217447280884, 0.9642391204833984, 0.9634782671928406, 0.9626086950302124, 0.9635869860649109, 0.9634782671928406], "val_loss": [0.446506530046463, 0.32807427644729614, 0.23141853511333466, 0.18398623168468475, 0.1867339313030243, 0.15157219767570496, 0.1545538753271103, 0.15111945569515228, 0.1384802758693695, 0.13604232668876648, 0.13520784676074982, 0.1391221582889557, 0.13404600322246552, 0.13305316865444183, 0.13456985354423523, 0.13440226018428802, 0.13810944557189941, 0.13176824152469635, 0.13183237612247467, 0.13151104748249054, 0.1315692663192749, 0.13353005051612854, 0.14802509546279907, 0.13126736879348755, 0.1326114535331726, 0.1313226968050003, 0.13264882564544678, 0.13393545150756836, 0.13314712047576904, 0.13073113560676575, 0.13430745899677277, 0.14279043674468994, 0.13605652749538422, 0.1311013549566269, 0.13788792490959167, 0.13040979206562042, 0.13559214770793915, 0.1315644234418869, 0.1328408122062683, 0.13116754591464996, 0.13046234846115112, 0.13715648651123047, 0.13138006627559662, 0.13130225241184235, 0.1318778693675995, 0.13148434460163116, 0.13410235941410065, 0.13171638548374176, 0.1417243927717209, 0.13008277118206024, 0.13198363780975342, 0.13401630520820618, 0.1354777216911316, 0.13127963244915009, 0.13170650601387024, 0.1321054846048355, 0.13134558498859406, 0.1365741640329361, 0.14499010145664215, 0.1440848708152771, 0.13328370451927185, 0.12973502278327942, 0.12899699807167053, 0.13053184747695923, 0.13185127079486847, 0.13769935071468353, 0.13603977859020233, 0.13152578473091125, 0.13125717639923096, 0.13010093569755554, 0.13169540464878082, 0.13030126690864563, 0.1295207440853119, 0.1342271864414215, 0.13780979812145233, 0.14148858189582825, 0.13563260436058044, 0.1340608447790146, 0.1320050060749054, 0.13051968812942505, 0.13783663511276245, 0.13615235686302185, 0.12742659449577332, 0.13521786034107208, 0.13979347050189972, 0.13643597066402435, 0.12998373806476593, 0.1275480091571808, 0.13202691078186035, 0.12788882851600647, 0.15240433812141418, 0.12792076170444489, 0.13410401344299316, 0.12845537066459656, 0.14232167601585388, 0.1397150456905365, 0.1309898942708969, 0.12730121612548828, 0.12848958373069763, 0.14722001552581787],