{"loss": [0.4783730208873749, 0.3609012961387634, 0.24044951796531677, 0.18130500614643097, 0.15751442313194275, 0.14439329504966736, 0.1374819129705429, 0.1345168501138687, 0.13261334598064423, 0.13059325516223907, 0.12777268886566162, 0.12871108949184418, 0.12655872106552124, 0.1262584924697876, 0.12415473908185959, 0.1251983344554901, 0.1257655918598175, 0.12288492172956467, 0.1241263896226883, 0.12510563433170319, 0.12253310531377792, 0.12334693968296051, 0.12212679535150528, 0.12385552376508713, 0.12200282514095306, 0.12319011986255646, 0.12146177887916565, 0.12232736498117447, 0.12222356349229813, 0.12077970057725906, 0.121627077460289, 0.12087671458721161, 0.1195269376039505, 0.12086867541074753, 0.12156201153993607, 0.12087251245975494, 0.12002052366733551, 0.12254709005355835, 0.12033277750015259, 0.12231314182281494, 0.1200098842382431, 0.12051382660865784, 0.11971522867679596, 0.11954162269830704, 0.12011151015758514, 0.12023868411779404, 0.12171883136034012, 0.11867216974496841, 0.12022719532251358, 0.12110161781311035, 0.11845025420188904, 0.12187980115413666, 0.12108168751001358, 0.12056899070739746, 0.11895795911550522, 0.12073250114917755, 0.12104030698537827, 0.12061511725187302, 0.11809045076370239, 0.11796768754720688, 0.11716669797897339, 0.11885733157396317, 0.11846379935741425, 0.11877808719873428, 0.11863237619400024, 0.1193169355392456, 0.11696325987577438, 0.11861679702997208, 0.11769143491983414, 0.11656183749437332, 0.12087049335241318, 0.11979574710130692, 0.11708647012710571, 0.11862432211637497, 0.11844852566719055, 0.11946993321180344, 0.11806151270866394, 0.11848986893892288, 0.11620453000068665, 0.11620170623064041, 0.11892193555831909, 0.11905957013368607, 0.11878795921802521, 0.11725738644599915, 0.11606600880622864, 0.11815250664949417, 0.11688926070928574, 0.11877432465553284, 0.11849039793014526, 0.11545435339212418, 0.11883296817541122, 0.11779917776584625, 0.11716996878385544, 0.11834762990474701, 0.11824202537536621, 0.11494538933038712, 0.11663944274187088, 0.11604834347963333, 0.11580014228820801, 0.11754229664802551], "accuracy": [0.7997826337814331, 0.8329347968101501, 0.9195652008056641, 0.945652186870575, 0.9516304135322571, 0.9551087021827698, 0.9579347968101501, 0.958152174949646, 0.9580434560775757, 0.9595652222633362, 0.9590217471122742, 0.9589130282402039, 0.9598913192749023, 0.9604347944259644, 0.9604347944259644, 0.9591304063796997, 0.9598913192749023, 0.9613043665885925, 0.960869550704956, 0.9604347944259644, 0.960869550704956, 0.9606521725654602, 0.9621739387512207, 0.9602174162864685, 0.9611956477165222, 0.9606521725654602, 0.9617391228675842, 0.9620652198791504, 0.9606521725654602, 0.9615217447280884, 0.9610869288444519, 0.9589130282402039, 0.9616304636001587, 0.9620652198791504, 0.9613043665885925, 0.9630434513092041, 0.9624999761581421, 0.9604347944259644, 0.9622825980186462, 0.9601086974143982, 0.9606521725654602, 0.9617391228675842, 0.9613043665885925, 0.9626086950302124, 0.9610869288444519, 0.9613043665885925, 0.9599999785423279, 0.9607608914375305, 0.9607608914375305, 0.9619565010070801, 0.9628260731697083, 0.9614130258560181, 0.9605434536933899, 0.9614130258560181, 0.9628260731697083, 0.9617391228675842, 0.958695650100708, 0.9616304636001587, 0.9626086950302124, 0.9626086950302124, 0.9626086950302124, 0.9628260731697083, 0.9626086950302124, 0.9618478417396545, 0.9616304636001587, 0.9626086950302124, 0.9624999761581421, 0.9620652198791504, 0.9611956477165222, 0.9634782671928406, 0.9620652198791504, 0.9627174139022827, 0.9617391228675842, 0.9621739387512207, 0.9614130258560181, 0.9610869288444519, 0.960869550704956, 0.9615217447280884, 0.9639130234718323, 0.9633695483207703, 0.9620652198791504, 0.9626086950302124, 0.9630434513092041, 0.9615217447280884, 0.9624999761581421, 0.960869550704956, 0.9619565010070801, 0.9605434536933899, 0.9622825980186462, 0.9623913168907166, 0.9613043665885925, 0.9616304636001587, 0.9631521701812744, 0.9614130258560181, 0.9609782695770264, 0.9618478417396545, 0.9630434513092041, 0.9627174139022827, 0.9629347920417786, 0.9635869860649109], "val_loss": [0.427909791469574, 0.2895418107509613, 0.2120230793952942, 0.17532017827033997, 0.15979909896850586, 0.14897520840168, 0.154084250330925, 0.1476348340511322, 0.15353791415691376, 0.14074552059173584, 0.13822034001350403, 0.13528361916542053, 0.13438653945922852, 0.13573436439037323, 0.13305769860744476, 0.13424266874790192, 0.1366972029209137, 0.133550226688385, 0.1354680061340332, 0.14063799381256104, 0.13181963562965393, 0.13740608096122742, 0.13847321271896362, 0.1361156404018402, 0.13409362733364105, 0.131311297416687, 0.13153667747974396, 0.1576898843050003, 0.1355048567056656, 0.13297368586063385, 0.13405035436153412, 0.1318887621164322, 0.13307537138462067, 0.13249334692955017, 0.13867971301078796, 0.13321563601493835, 0.13929113745689392, 0.13198696076869965, 0.13408498466014862, 0.1314723640680313, 0.1326662302017212, 0.13639874756336212, 0.13244080543518066, 0.13731259107589722, 0.13272753357887268, 0.1327325850725174, 0.1304583102464676, 0.1318301409482956, 0.1353386491537094, 0.13448362052440643, 0.15285663306713104, 0.13654951751232147, 0.14422285556793213, 0.13310392200946808, 0.13273082673549652, 0.13111963868141174, 0.13270144164562225, 0.1349838525056839, 0.1321069896221161, 0.13231638073921204, 0.13243220746517181, 0.14178384840488434, 0.13103826344013214, 0.13059043884277344, 0.13433560729026794, 0.13031962513923645, 0.13444769382476807, 0.1447199583053589, 0.12999548017978668, 0.1344669908285141, 0.12983566522598267, 0.1298597902059555, 0.13146811723709106, 0.13600771129131317, 0.1300576776266098, 0.13288287818431854, 0.13117334246635437, 0.13709598779678345, 0.13113564252853394, 0.1394764482975006, 0.13107381761074066, 0.1294766515493393, 0.13614292442798615, 0.13336984813213348, 0.13151995837688446, 0.13186579942703247, 0.1343308985233307, 0.12929782271385193, 0.12927936017513275, 0.13189232349395752, 0.12956321239471436, 0.14827297627925873, 0.12870921194553375, 0.1477063149213791, 0.12796755135059357, 0.12824515998363495, 0.12847644090652466, 0.1288524717092514, 0.12906786799430847, 0.12984800338745117],