{"loss": [0.4803368151187897, 0.37560734152793884, 0.25499457120895386, 0.19149325788021088, 0.16025452315807343, 0.14692322909832, 0.13941723108291626, 0.13565556704998016, 0.13070501387119293, 0.13257278501987457, 0.12833760678768158, 0.12741205096244812, 0.12620452046394348, 0.12575356662273407, 0.12378451228141785, 0.12417412549257278, 0.12377893924713135, 0.1248655915260315, 0.12268339842557907, 0.12273348867893219, 0.12315472215414047, 0.12200190126895905, 0.12072602659463882, 0.12108499556779861, 0.12078753858804703, 0.12167768180370331, 0.12045236676931381, 0.12118387967348099, 0.1181289404630661, 0.12017645686864853, 0.12055554986000061, 0.12350993603467941, 0.12452735006809235, 0.11993040889501572, 0.1197567731142044, 0.1187334805727005, 0.12119583785533905, 0.12007281929254532, 0.11918766051530838, 0.11927593499422073, 0.119439035654068, 0.12077854573726654, 0.12091571092605591, 0.11824166774749756, 0.11880289018154144, 0.11841525137424469, 0.11663677543401718, 0.11904766410589218, 0.11959052085876465, 0.11862082034349442, 0.1187712699174881, 0.11915341764688492, 0.11760041862726212, 0.11723905801773071, 0.11761563271284103, 0.116140216588974, 0.11716105788946152, 0.11892430484294891, 0.11747729778289795, 0.11844820529222488, 0.11710189282894135, 0.11813796311616898, 0.11722247302532196, 0.11643350124359131, 0.11760570853948593, 0.11913199722766876, 0.1164260059595108, 0.11696470528841019, 0.11721476912498474, 0.11551240086555481, 0.11913786828517914, 0.11473777145147324, 0.11378047615289688, 0.11729887872934341, 0.11576753109693527, 0.11656369268894196, 0.11706201732158661, 0.11568320542573929, 0.11835289001464844, 0.1150100976228714, 0.11492200940847397, 0.1135905385017395, 0.11383209377527237, 0.11707737296819687, 0.1143840104341507, 0.11451023072004318, 0.11488420516252518, 0.1143462061882019, 0.11584144830703735, 0.11441449820995331, 0.11511588841676712, 0.11248742043972015, 0.1145048439502716, 0.1150026023387909, 0.11370163410902023, 0.11391601711511612, 0.11368460953235626, 0.11337689310312271, 0.11241846531629562, 0.11348161846399307], "accuracy": [0.7997826337814331, 0.8208695650100708, 0.9113043546676636, 0.9411956667900085, 0.9496738910675049, 0.9543478488922119, 0.9563043713569641, 0.9566304087638855, 0.9583695530891418, 0.9582608938217163, 0.9582608938217163, 0.958152174949646, 0.958695650100708, 0.9601086974143982, 0.960869550704956, 0.9605434536933899, 0.9609782695770264, 0.9598913192749023, 0.9596739411354065, 0.9606521725654602, 0.9611956477165222, 0.9614130258560181, 0.9622825980186462, 0.9623913168907166, 0.9627174139022827, 0.9615217447280884, 0.9601086974143982, 0.9614130258560181, 0.9616304636001587, 0.9616304636001587, 0.9607608914375305, 0.9599999785423279, 0.960869550704956, 0.9609782695770264, 0.9622825980186462, 0.9623913168907166, 0.9605434536933899, 0.9622825980186462, 0.9622825980186462, 0.9618478417396545, 0.9607608914375305, 0.9596739411354065, 0.9607608914375305, 0.9631521701812744, 0.9624999761581421, 0.9629347920417786, 0.9621739387512207, 0.9628260731697083, 0.9620652198791504, 0.9615217447280884, 0.9615217447280884, 0.9617391228675842, 0.9622825980186462, 0.9631521701812744, 0.9619565010070801, 0.9640217423439026, 0.9627174139022827, 0.9617391228675842, 0.9626086950302124, 0.9606521725654602, 0.9634782671928406, 0.9618478417396545, 0.9627174139022827, 0.9622825980186462, 0.9618478417396545, 0.9635869860649109, 0.9635869860649109, 0.9630434513092041, 0.9602174162864685, 0.9616304636001587, 0.960326075553894, 0.9628260731697083, 0.9633695483207703, 0.9621739387512207, 0.9629347920417786, 0.9626086950302124, 0.9619565010070801, 0.9624999761581421, 0.9619565010070801, 0.9651086926460266, 0.9631521701812744, 0.9626086950302124, 0.9640217423439026, 0.9621739387512207, 0.9641304612159729, 0.9634782671928406, 0.9619565010070801, 0.9629347920417786, 0.9617391228675842, 0.9626086950302124, 0.9631521701812744, 0.9633695483207703, 0.9630434513092041, 0.9630434513092041, 0.9638043642044067, 0.9618478417396545, 0.9643478393554688, 0.9628260731697083, 0.9630434513092041, 0.9640217423439026], "val_loss": [0.443814754486084, 0.3070042133331299, 0.2224343866109848, 0.18220455944538116, 0.1586051881313324, 0.1496172547340393, 0.15149731934070587, 0.1393059641122818, 0.1419171839952469, 0.1395639032125473, 0.13995330035686493, 0.13508319854736328, 0.14302080869674683, 0.1346718817949295, 0.14107999205589294, 0.1357458382844925, 0.1327432096004486, 0.13180825114250183, 0.15082567930221558, 0.13798192143440247, 0.13143806159496307, 0.13783638179302216, 0.13093701004981995, 0.13185828924179077, 0.1334470808506012, 0.13354834914207458, 0.13779610395431519, 0.13931997120380402, 0.13120728731155396, 0.13134071230888367, 0.15841232240200043, 0.1373516172170639, 0.1354319453239441, 0.13387881219387054, 0.1351747363805771, 0.13154098391532898, 0.13117219507694244, 0.14369060099124908, 0.13410557806491852, 0.13343732059001923, 0.13570454716682434, 0.13073740899562836, 0.13059374690055847, 0.1308056265115738, 0.13139131665229797, 0.1308816373348236, 0.13099373877048492, 0.13545501232147217, 0.1479603350162506, 0.13175567984580994, 0.1415790617465973, 0.13276489078998566, 0.13103489577770233, 0.14260593056678772, 0.13496024906635284, 0.13014528155326843, 0.13195084035396576, 0.12938013672828674, 0.1335698515176773, 0.13280551135540009, 0.15129733085632324, 0.13443294167518616, 0.14028339087963104, 0.16180066764354706, 0.1299104392528534, 0.13808594644069672, 0.1287463754415512, 0.12921907007694244, 0.12964284420013428, 0.12882114946842194, 0.13357800245285034, 0.13131146132946014, 0.13070730865001678, 0.12807801365852356, 0.1408318430185318, 0.1289641112089157, 0.13629145920276642, 0.12832915782928467, 0.13306275010108948, 0.12914055585861206, 0.12919200956821442, 0.1284208595752716, 0.13520242273807526, 0.1324378103017807, 0.1421322375535965, 0.13563787937164307, 0.12848106026649475, 0.13215503096580505, 0.1332864761352539, 0.12965118885040283, 0.13069145381450653, 0.13384458422660828, 0.13332422077655792, 0.1296057552099228, 0.12944045662879944, 0.12970620393753052, 0.14312493801116943, 0.12946553528308868, 0.12637221813201904, 0.1272933930158615],