{"loss": [0.4915340542793274, 0.42239394783973694, 0.322313129901886, 0.2392568290233612, 0.1911621242761612, 0.16594618558883667, 0.15312188863754272, 0.14227943122386932, 0.137385755777359, 0.1334066390991211, 0.1311718225479126, 0.1293984055519104, 0.12884072959423065, 0.1290145367383957, 0.12505947053432465, 0.1265765279531479, 0.12434614449739456, 0.12348290532827377, 0.12215214222669601, 0.12388032674789429, 0.1222204864025116, 0.12309665977954865, 0.12292712926864624, 0.12054426223039627, 0.12324623763561249, 0.12039801478385925, 0.12046562135219574, 0.1227925568819046, 0.12078707665205002, 0.1199362725019455, 0.12037228792905807, 0.11872494965791702, 0.11949103325605392, 0.12042330205440521, 0.11880695074796677, 0.12000308185815811, 0.12023349851369858, 0.11939042061567307, 0.11920731514692307, 0.12035791575908661, 0.1194271445274353, 0.11789923906326294, 0.11980653554201126, 0.11750958114862442, 0.11676082760095596, 0.11841379106044769, 0.11799110472202301, 0.11877915263175964, 0.11805211752653122, 0.11826921254396439, 0.11806250363588333, 0.11997457593679428, 0.11797197163105011, 0.11744163185358047, 0.11720619350671768, 0.11777656525373459, 0.11560393124818802, 0.1183108389377594, 0.1170734167098999, 0.11772344261407852, 0.11670180410146713, 0.11895571649074554, 0.11667666584253311, 0.11735119670629501, 0.1164255440235138, 0.11678893864154816, 0.1165568083524704, 0.11593962460756302, 0.11624225229024887, 0.11641495674848557, 0.11589407175779343, 0.1164693832397461, 0.11655241250991821, 0.11532597988843918, 0.11589448153972626, 0.11529725790023804, 0.11608830839395523, 0.11886701732873917, 0.11578172445297241, 0.1165466457605362, 0.1170630007982254, 0.11709557473659515, 0.11688338220119476, 0.11585766077041626, 0.11482866108417511, 0.11509211361408234, 0.11637246608734131, 0.1168372631072998, 0.11737911403179169, 0.11614663898944855, 0.11418759822845459, 0.11655937880277634, 0.1141149252653122, 0.11435366421937943, 0.11711074411869049, 0.1137302964925766, 0.11619161814451218, 0.11747303605079651, 0.11370494216680527, 0.11443646252155304], "accuracy": [0.7997826337814331, 0.8007608652114868, 0.851630449295044, 0.9210869669914246, 0.9405434727668762, 0.9493478536605835, 0.9532608985900879, 0.95652174949646, 0.9567391276359558, 0.958152174949646, 0.9571738839149475, 0.9602174162864685, 0.9579347968101501, 0.9591304063796997, 0.9594565033912659, 0.9599999785423279, 0.9606521725654602, 0.9616304636001587, 0.9615217447280884, 0.9598913192749023, 0.959782600402832, 0.9598913192749023, 0.95923912525177, 0.9611956477165222, 0.9618478417396545, 0.9610869288444519, 0.9627174139022827, 0.960869550704956, 0.9604347944259644, 0.9616304636001587, 0.9607608914375305, 0.9611956477165222, 0.9614130258560181, 0.9619565010070801, 0.960869550704956, 0.960869550704956, 0.960869550704956, 0.9609782695770264, 0.9609782695770264, 0.9617391228675842, 0.9613043665885925, 0.9621739387512207, 0.9606521725654602, 0.9626086950302124, 0.9627174139022827, 0.9630434513092041, 0.9623913168907166, 0.9617391228675842, 0.9619565010070801, 0.9617391228675842, 0.9622825980186462, 0.9624999761581421, 0.9630434513092041, 0.9626086950302124, 0.9628260731697083, 0.9624999761581421, 0.9616304636001587, 0.9630434513092041, 0.9626086950302124, 0.9611956477165222, 0.9631521701812744, 0.9618478417396545, 0.9622825980186462, 0.9630434513092041, 0.9617391228675842, 0.9636956453323364, 0.9635869860649109, 0.9617391228675842, 0.9621739387512207, 0.9621739387512207, 0.9628260731697083, 0.9630434513092041, 0.9626086950302124, 0.9631521701812744, 0.9619565010070801, 0.9631521701812744, 0.9626086950302124, 0.9604347944259644, 0.9622825980186462, 0.9619565010070801, 0.9615217447280884, 0.9620652198791504, 0.9624999761581421, 0.9626086950302124, 0.9624999761581421, 0.9633695483207703, 0.9623913168907166, 0.9628260731697083, 0.960869550704956, 0.9632608890533447, 0.9624999761581421, 0.9632608890533447, 0.9634782671928406, 0.9623913168907166, 0.9619565010070801, 0.9624999761581421, 0.9632608890533447, 0.9615217447280884, 0.9638043642044067, 0.9634782671928406], "val_loss": [0.46028804779052734, 0.3969342112541199, 0.2825242578983307, 0.21551308035850525, 0.181863471865654, 0.16455398499965668, 0.1679651439189911, 0.153355211019516, 0.142533078789711, 0.14885638654232025, 0.1454210877418518, 0.14069417119026184, 0.13472002744674683, 0.13479995727539062, 0.13477174937725067, 0.13604338467121124, 0.1344713270664215, 0.13253732025623322, 0.13571850955486298, 0.13453339040279388, 0.13742613792419434, 0.13108299672603607, 0.13244833052158356, 0.13064178824424744, 0.13036833703517914, 0.13033999502658844, 0.1317325234413147, 0.1320057511329651, 0.13732610642910004, 0.13136793673038483, 0.12978918850421906, 0.12985773384571075, 0.13112787902355194, 0.1326703578233719, 0.1295740008354187, 0.14073070883750916, 0.12928427755832672, 0.13135716319084167, 0.13055448234081268, 0.1331135332584381, 0.12942229211330414, 0.1297014355659485, 0.13446643948554993, 0.13057591021060944, 0.13671572506427765, 0.138595849275589, 0.12996874749660492, 0.13488277792930603, 0.1367490440607071, 0.1297549307346344, 0.1504153609275818, 0.13197951018810272, 0.13651151955127716, 0.1342555582523346, 0.13345497846603394, 0.13519492745399475, 0.1540290266275406, 0.13020411133766174, 0.13875338435173035, 0.13747988641262054, 0.1349850445985794, 0.13047435879707336, 0.13131380081176758, 0.13003914058208466, 0.129812553524971, 0.13290829956531525, 0.12944307923316956, 0.13046061992645264, 0.1384807676076889, 0.1376013606786728, 0.13294783234596252, 0.12985952198505402, 0.14227838814258575, 0.12903635203838348, 0.14136895537376404, 0.13132545351982117, 0.13979363441467285, 0.1338386833667755, 0.1292131096124649, 0.13858692348003387, 0.129767045378685, 0.1298200786113739, 0.13902132213115692, 0.13820235431194305, 0.14018870890140533, 0.1300739198923111, 0.13967831432819366, 0.1277775913476944, 0.1296100616455078, 0.13014794886112213, 0.15145772695541382, 0.12755359709262848, 0.13777606189250946, 0.1294582039117813, 0.12867988646030426, 0.12759731709957123, 0.1333017498254776, 0.14484600722789764, 0.13285119831562042, 0.12814374268054962],