{"loss": [0.4979121685028076, 0.41587114334106445, 0.2991640269756317, 0.21437624096870422, 0.17458568513393402, 0.15378209948539734, 0.14369134604930878, 0.1389583796262741, 0.13449884951114655, 0.130136176943779, 0.1312459260225296, 0.1284853219985962, 0.12577226758003235, 0.12716422975063324, 0.12616442143917084, 0.12529878318309784, 0.12482801079750061, 0.12182214111089706, 0.12295523285865784, 0.12175014615058899, 0.12250245362520218, 0.12303455173969269, 0.12371640652418137, 0.12146351486444473, 0.12123402208089828, 0.1219557523727417, 0.12028053402900696, 0.12252041697502136, 0.12108190357685089, 0.12100090831518173, 0.12037765979766846, 0.1194426417350769, 0.12134990096092224, 0.1190403550863266, 0.11969636380672455, 0.12026619166135788, 0.12077070027589798, 0.12081428617238998, 0.11915527284145355, 0.11870045214891434, 0.12063939869403839, 0.11893925070762634, 0.12047681957483292, 0.12090770155191422, 0.11847000569105148, 0.11788851767778397, 0.12048397213220596, 0.11871803551912308, 0.12146371603012085, 0.12027280032634735, 0.11845540255308151, 0.11802332103252411, 0.11726228147745132, 0.11781489104032516, 0.11752644181251526, 0.11852487176656723, 0.1169898509979248, 0.11836298555135727, 0.11861592531204224, 0.11713234335184097, 0.11739638447761536, 0.1177331954240799, 0.1180766224861145, 0.11662393063306808, 0.11804809421300888, 0.11732251942157745, 0.11766060441732407, 0.1178773045539856, 0.11788026243448257, 0.11702145636081696, 0.11915885657072067, 0.11744236201047897, 0.1175299882888794, 0.11531341820955276, 0.11702398955821991, 0.11591505259275436, 0.11732108891010284, 0.11990857869386673, 0.11859642714262009, 0.1180204451084137, 0.11843416839838028, 0.11491062492132187, 0.11712199449539185, 0.11723156273365021, 0.11576690524816513, 0.11599741876125336, 0.11578809469938278, 0.115353524684906, 0.11766069382429123, 0.1153256744146347, 0.11587055027484894, 0.11742269992828369, 0.11565567553043365, 0.11524476110935211, 0.11633297055959702, 0.11388540267944336, 0.11666424572467804, 0.11532868444919586, 0.11391445994377136, 0.11458737403154373], "accuracy": [0.7880434989929199, 0.8014130592346191, 0.8761956691741943, 0.9325000047683716, 0.946195662021637, 0.9539130330085754, 0.9552174210548401, 0.957608699798584, 0.9577174186706543, 0.95923912525177, 0.959782600402832, 0.9590217471122742, 0.9602174162864685, 0.9596739411354065, 0.958695650100708, 0.9599999785423279, 0.9601086974143982, 0.9606521725654602, 0.9614130258560181, 0.9609782695770264, 0.9616304636001587, 0.9599999785423279, 0.9598913192749023, 0.9610869288444519, 0.960326075553894, 0.960869550704956, 0.9614130258560181, 0.9606521725654602, 0.9622825980186462, 0.9602174162864685, 0.9604347944259644, 0.9619565010070801, 0.9607608914375305, 0.9623913168907166, 0.9619565010070801, 0.9626086950302124, 0.9613043665885925, 0.9614130258560181, 0.9623913168907166, 0.9620652198791504, 0.9617391228675842, 0.9626086950302124, 0.9620652198791504, 0.9626086950302124, 0.9626086950302124, 0.9609782695770264, 0.9598913192749023, 0.9613043665885925, 0.960326075553894, 0.9628260731697083, 0.9618478417396545, 0.9621739387512207, 0.9619565010070801, 0.9627174139022827, 0.9621739387512207, 0.9613043665885925, 0.9616304636001587, 0.9631521701812744, 0.9623913168907166, 0.9628260731697083, 0.9620652198791504, 0.9626086950302124, 0.9616304636001587, 0.9618478417396545, 0.9623913168907166, 0.9615217447280884, 0.9610869288444519, 0.9620652198791504, 0.9624999761581421, 0.9630434513092041, 0.9631521701812744, 0.9629347920417786, 0.9629347920417786, 0.9628260731697083, 0.9630434513092041, 0.9642391204833984, 0.9617391228675842, 0.9601086974143982, 0.9606521725654602, 0.9615217447280884, 0.9617391228675842, 0.9632608890533447, 0.9614130258560181, 0.9618478417396545, 0.9627174139022827, 0.9613043665885925, 0.9619565010070801, 0.9618478417396545, 0.9614130258560181, 0.9630434513092041, 0.9631521701812744, 0.9624999761581421, 0.9626086950302124, 0.9638043642044067, 0.9617391228675842, 0.9623913168907166, 0.9620652198791504, 0.9628260731697083, 0.9652174115180969, 0.9634782671928406], "val_loss": [0.46033257246017456, 0.35974255204200745, 0.25008323788642883, 0.19483569264411926, 0.16763821244239807, 0.15423427522182465, 0.1503627896308899, 0.15194106101989746, 0.1404656320810318, 0.13731683790683746, 0.1431264877319336, 0.1380004584789276, 0.15229369699954987, 0.14482469856739044, 0.14703799784183502, 0.15016917884349823, 0.13489970564842224, 0.13928364217281342, 0.13233526051044464, 0.13228033483028412, 0.13265280425548553, 0.13543549180030823, 0.1429639458656311, 0.15367412567138672, 0.13324913382530212, 0.13164451718330383, 0.13918255269527435, 0.1324586719274521, 0.1315554827451706, 0.13190023601055145, 0.1375214159488678, 0.13520653545856476, 0.13399861752986908, 0.13300636410713196, 0.13095669448375702, 0.1311063915491104, 0.1389913111925125, 0.13169120252132416, 0.13194315135478973, 0.13276585936546326, 0.1364065557718277, 0.14467957615852356, 0.1419002115726471, 0.1355375349521637, 0.13143719732761383, 0.131827250123024, 0.13275857269763947, 0.1366114765405655, 0.13072943687438965, 0.13432636857032776, 0.1345471739768982, 0.13409529626369476, 0.1463029533624649, 0.13185258209705353, 0.13300299644470215, 0.1467818170785904, 0.1327185481786728, 0.13756607472896576, 0.1336420178413391, 0.13176141679286957, 0.13404609262943268, 0.13041375577449799, 0.14608921110630035, 0.13483719527721405, 0.14379192888736725, 0.13069207966327667, 0.13295505940914154, 0.1462692767381668, 0.13057565689086914, 0.12947992980480194, 0.1397896111011505, 0.13036975264549255, 0.13037127256393433, 0.13320745527744293, 0.13030372560024261, 0.13493721187114716, 0.1330878883600235, 0.13226141035556793, 0.14360411465168, 0.12994152307510376, 0.1323097050189972, 0.13028106093406677, 0.14811687171459198, 0.13148504495620728, 0.13826481997966766, 0.13200221955776215, 0.13546662032604218, 0.13878999650478363, 0.1286955177783966, 0.12878870964050293, 0.1320939064025879, 0.12907163798809052, 0.12884747982025146, 0.12889276444911957, 0.131974458694458, 0.12926723062992096, 0.12921294569969177, 0.13047902286052704, 0.13205263018608093, 0.12839508056640625],