{"loss": [0.4782027006149292, 0.37897175550460815, 0.2572018802165985, 0.19005322456359863, 0.1599285751581192, 0.14503082633018494, 0.1380222737789154, 0.1369434893131256, 0.12933440506458282, 0.12904496490955353, 0.12763167917728424, 0.12776395678520203, 0.12497018277645111, 0.12556004524230957, 0.1243019700050354, 0.12363134324550629, 0.12211284786462784, 0.12277267128229141, 0.12250889092683792, 0.12377302348613739, 0.12570595741271973, 0.12141881883144379, 0.1235552430152893, 0.1210407167673111, 0.1225169450044632, 0.12147321552038193, 0.12144187837839127, 0.1214892566204071, 0.12096843868494034, 0.12049368023872375, 0.11964985728263855, 0.12156534940004349, 0.11965207010507584, 0.12070465087890625, 0.11906840652227402, 0.12050115317106247, 0.11999224871397018, 0.12000570446252823, 0.12087108939886093, 0.12006884068250656, 0.11915214359760284, 0.11980114132165909, 0.12089233100414276, 0.1197555661201477, 0.1176479309797287, 0.11961892992258072, 0.11677457392215729, 0.11871910840272903, 0.11823384463787079, 0.11846034973859787, 0.12050303816795349, 0.11774497479200363, 0.12038907408714294, 0.11807626485824585, 0.12010561674833298, 0.11758755892515182, 0.11859697103500366, 0.11762203276157379, 0.11680977046489716, 0.11928310245275497, 0.11684176325798035, 0.11849447339773178, 0.11949465423822403, 0.11834608018398285, 0.11668229103088379, 0.11706658452749252, 0.116274893283844, 0.11823352426290512, 0.11781778186559677, 0.11762133985757828, 0.1178722232580185, 0.11646179109811783, 0.11617603152990341, 0.1175341010093689, 0.11769352108240128, 0.11684194952249527, 0.11731023341417313, 0.11870214343070984, 0.12025780975818634, 0.11646870523691177, 0.11720778793096542, 0.11787907034158707, 0.11533770710229874, 0.11643336713314056, 0.1175040453672409, 0.11771892011165619, 0.11645764857530594, 0.11521626263856888, 0.11642567813396454, 0.11530448496341705, 0.11606280505657196, 0.11452635377645493, 0.11658938229084015, 0.1147235631942749, 0.11423350125551224, 0.11405514925718307, 0.11460737138986588, 0.11573866009712219, 0.11665219813585281, 0.11327528208494186], "accuracy": [0.7997826337814331, 0.8168478012084961, 0.9080435037612915, 0.9419565200805664, 0.9522826075553894, 0.9556521773338318, 0.9564130306243896, 0.957065224647522, 0.958695650100708, 0.9591304063796997, 0.9588043689727783, 0.9585869312286377, 0.959782600402832, 0.9595652222633362, 0.9604347944259644, 0.9598913192749023, 0.9610869288444519, 0.9602174162864685, 0.9610869288444519, 0.9589130282402039, 0.9580434560775757, 0.9616304636001587, 0.9590217471122742, 0.9617391228675842, 0.9594565033912659, 0.9611956477165222, 0.960326075553894, 0.9622825980186462, 0.9629347920417786, 0.9613043665885925, 0.9624999761581421, 0.9619565010070801, 0.9613043665885925, 0.9607608914375305, 0.9628260731697083, 0.960869550704956, 0.9606521725654602, 0.9617391228675842, 0.9614130258560181, 0.9619565010070801, 0.9627174139022827, 0.9618478417396545, 0.960326075553894, 0.9617391228675842, 0.9630434513092041, 0.9609782695770264, 0.9631521701812744, 0.9619565010070801, 0.9624999761581421, 0.9616304636001587, 0.9606521725654602, 0.9621739387512207, 0.9617391228675842, 0.9623913168907166, 0.9610869288444519, 0.9618478417396545, 0.960326075553894, 0.9630434513092041, 0.9626086950302124, 0.9619565010070801, 0.9619565010070801, 0.9618478417396545, 0.9621739387512207, 0.9620652198791504, 0.9616304636001587, 0.9624999761581421, 0.9633695483207703, 0.9610869288444519, 0.9619565010070801, 0.9622825980186462, 0.9617391228675842, 0.9627174139022827, 0.9627174139022827, 0.9630434513092041, 0.9615217447280884, 0.9626086950302124, 0.9622825980186462, 0.9623913168907166, 0.9630434513092041, 0.9620652198791504, 0.9619565010070801, 0.9624999761581421, 0.9626086950302124, 0.9623913168907166, 0.9620652198791504, 0.9606521725654602, 0.9630434513092041, 0.9631521701812744, 0.9634782671928406, 0.9619565010070801, 0.9631521701812744, 0.9644564986228943, 0.9620652198791504, 0.9621739387512207, 0.9636956453323364, 0.9638043642044067, 0.9613043665885925, 0.9624999761581421, 0.9613043665885925, 0.9634782671928406], "val_loss": [0.4430433511734009, 0.3118497431278229, 0.21798333525657654, 0.17902831733226776, 0.15973396599292755, 0.14908887445926666, 0.1469811499118805, 0.14111560583114624, 0.13698914647102356, 0.1356600821018219, 0.13538381457328796, 0.1339196264743805, 0.14395417273044586, 0.14834852516651154, 0.1337348073720932, 0.13375264406204224, 0.13816425204277039, 0.1329282969236374, 0.13261713087558746, 0.13708126544952393, 0.1741499900817871, 0.13508440554141998, 0.1504918783903122, 0.13243447244167328, 0.13366283476352692, 0.13767828047275543, 0.13125935196876526, 0.1377931535243988, 0.13024736940860748, 0.13259820640087128, 0.14017769694328308, 0.13051433861255646, 0.1339617222547531, 0.1326322853565216, 0.13066238164901733, 0.14978620409965515, 0.13561975955963135, 0.13791394233703613, 0.13296136260032654, 0.13075824081897736, 0.13740301132202148, 0.15420196950435638, 0.13157860934734344, 0.1334693431854248, 0.132097527384758, 0.13132256269454956, 0.13344290852546692, 0.13210421800613403, 0.1299838274717331, 0.1410052478313446, 0.12990832328796387, 0.13110728561878204, 0.13116610050201416, 0.1312170773744583, 0.13265058398246765, 0.17041204869747162, 0.13312505185604095, 0.13032867014408112, 0.13047796487808228, 0.12916696071624756, 0.131803959608078, 0.1359354704618454, 0.1361943930387497, 0.1329088658094406, 0.13372907042503357, 0.13190321624279022, 0.13340826332569122, 0.13037508726119995, 0.14533372223377228, 0.1280527412891388, 0.1298498809337616, 0.13036465644836426, 0.1322397142648697, 0.13178203999996185, 0.13569466769695282, 0.13286106288433075, 0.1397497057914734, 0.1353573501110077, 0.13439251482486725, 0.1292342245578766, 0.1375788152217865, 0.1287350207567215, 0.12796492874622345, 0.13147076964378357, 0.1278298944234848, 0.1296185851097107, 0.12802202999591827, 0.12758086621761322, 0.1462530791759491, 0.12679986655712128, 0.13145387172698975, 0.12755011022090912, 0.12734822928905487, 0.12690463662147522, 0.12874993681907654, 0.128522589802742, 0.132554292678833, 0.127949059009552, 0.12977862358093262, 0.13100318610668182],