{"loss": [0.5088149905204773, 0.46977123618125916, 0.41974687576293945, 0.34724318981170654, 0.2764902412891388, 0.225745290517807, 0.19343876838684082, 0.17386595904827118, 0.15990203619003296, 0.15091411769390106, 0.1440543830394745, 0.13885067403316498, 0.13601776957511902, 0.13305923342704773, 0.13116353750228882, 0.12990939617156982, 0.1277991384267807, 0.12682919204235077, 0.1267249435186386, 0.12474195659160614, 0.1257808357477188, 0.12417327612638474, 0.12324570119380951, 0.1234508752822876, 0.12418235093355179, 0.12216903269290924, 0.1226012259721756, 0.12238351255655289, 0.12159125506877899, 0.12298242002725601, 0.12120430171489716, 0.12118630856275558, 0.12138049304485321, 0.1207839697599411, 0.12026230245828629, 0.11930503696203232, 0.11941894888877869, 0.1209421455860138, 0.11937341094017029, 0.11995846778154373, 0.1183629035949707, 0.11912572383880615, 0.12002439796924591, 0.11843280494213104, 0.11864349246025085, 0.11915604025125504, 0.11830517649650574, 0.11794744431972504, 0.11760514229536057, 0.11831743270158768, 0.11897365748882294, 0.11996307224035263, 0.11777540296316147, 0.11818412691354752, 0.11833149939775467, 0.11817075312137604, 0.11753260344266891, 0.11795516312122345, 0.1189202219247818, 0.1177792102098465, 0.11726255714893341, 0.11784490197896957, 0.11768870800733566, 0.11789541691541672, 0.1179155558347702, 0.11699025332927704, 0.11782050132751465, 0.11663021892309189, 0.11722974479198456, 0.116514191031456, 0.11780935525894165, 0.11727755516767502, 0.11816149204969406, 0.11672431230545044, 0.11593972891569138, 0.11657702922821045, 0.11788325756788254, 0.11575038731098175, 0.11727382242679596, 0.11643506586551666, 0.11587303131818771, 0.11637172847986221, 0.1161762923002243, 0.11700188368558884, 0.11701258271932602, 0.11706086248159409, 0.1163511872291565, 0.11587188392877579, 0.11585745215415955, 0.11709921061992645, 0.11535286158323288, 0.11851472407579422, 0.11568702757358551, 0.11575309187173843, 0.11609763652086258, 0.11590123921632767, 0.11570670455694199, 0.11745549738407135, 0.11564219743013382, 0.11566634476184845], "accuracy": [0.7942391037940979, 0.7997826337814331, 0.7998912930488586, 0.8269565105438232, 0.894565224647522, 0.9278261065483093, 0.9417391419410706, 0.9474999904632568, 0.9523913264274597, 0.9528260827064514, 0.9553260803222656, 0.9564130306243896, 0.9566304087638855, 0.9571738839149475, 0.9580434560775757, 0.9594565033912659, 0.959782600402832, 0.9590217471122742, 0.9593478441238403, 0.9598913192749023, 0.960326075553894, 0.9591304063796997, 0.960869550704956, 0.9589130282402039, 0.9601086974143982, 0.9601086974143982, 0.959782600402832, 0.9604347944259644, 0.9605434536933899, 0.9585869312286377, 0.9605434536933899, 0.9621739387512207, 0.9615217447280884, 0.95923912525177, 0.9615217447280884, 0.9618478417396545, 0.9619565010070801, 0.9616304636001587, 0.9613043665885925, 0.9606521725654602, 0.9622825980186462, 0.9614130258560181, 0.959782600402832, 0.9618478417396545, 0.9626086950302124, 0.9619565010070801, 0.9614130258560181, 0.9617391228675842, 0.9617391228675842, 0.9629347920417786, 0.9620652198791504, 0.960869550704956, 0.9623913168907166, 0.9617391228675842, 0.9615217447280884, 0.9632608890533447, 0.9618478417396545, 0.960869550704956, 0.9628260731697083, 0.9620652198791504, 0.9617391228675842, 0.9627174139022827, 0.9628260731697083, 0.9620652198791504, 0.9609782695770264, 0.9632608890533447, 0.9616304636001587, 0.9620652198791504, 0.9634782671928406, 0.9622825980186462, 0.9618478417396545, 0.9622825980186462, 0.9611956477165222, 0.9614130258560181, 0.9630434513092041, 0.9621739387512207, 0.9624999761581421, 0.9631521701812744, 0.9624999761581421, 0.9633695483207703, 0.9639130234718323, 0.9617391228675842, 0.9632608890533447, 0.9629347920417786, 0.9629347920417786, 0.9626086950302124, 0.9631521701812744, 0.9630434513092041, 0.9640217423439026, 0.9624999761581421, 0.9622825980186462, 0.9611956477165222, 0.9622825980186462, 0.9632608890533447, 0.9629347920417786, 0.9614130258560181, 0.9620652198791504, 0.9616304636001587, 0.9629347920417786, 0.9631521701812744], "val_loss": [0.48467516899108887, 0.4498768150806427, 0.38906094431877136, 0.3128814399242401, 0.251505583524704, 0.2148457020521164, 0.18739861249923706, 0.18097780644893646, 0.16140130162239075, 0.15418067574501038, 0.15246625244617462, 0.14648215472698212, 0.14221636950969696, 0.14081817865371704, 0.1401546597480774, 0.13894999027252197, 0.13585570454597473, 0.13536041975021362, 0.13789118826389313, 0.14447899162769318, 0.13333025574684143, 0.13342411816120148, 0.14470715820789337, 0.13252763450145721, 0.1322469264268875, 0.1346234679222107, 0.13584840297698975, 0.1337377429008484, 0.13370347023010254, 0.13595274090766907, 0.1313270777463913, 0.13095173239707947, 0.13118095695972443, 0.13488349318504333, 0.13087628781795502, 0.1327083259820938, 0.13104146718978882, 0.13039031624794006, 0.13201995193958282, 0.12997117638587952, 0.13809268176555634, 0.13060209155082703, 0.13231371343135834, 0.1300155222415924, 0.13017937541007996, 0.13222002983093262, 0.13018856942653656, 0.12977802753448486, 0.13060440123081207, 0.1299712210893631, 0.13196922838687897, 0.13042984902858734, 0.13013820350170135, 0.13218854367733002, 0.13116884231567383, 0.13228894770145416, 0.1313822865486145, 0.1317223310470581, 0.1315682828426361, 0.12997323274612427, 0.1380401998758316, 0.1305737942457199, 0.1396990418434143, 0.13024595379829407, 0.1345948576927185, 0.1368081420660019, 0.1311493217945099, 0.1303439885377884, 0.13174812495708466, 0.13228839635849, 0.1312088817358017, 0.1312677562236786, 0.13107341527938843, 0.12991276383399963, 0.13948947191238403, 0.13063031435012817, 0.14150896668434143, 0.1310604065656662, 0.13047656416893005, 0.12961478531360626, 0.13001631200313568, 0.1312175691127777, 0.13140898942947388, 0.13417726755142212, 0.1297937035560608, 0.12984010577201843, 0.13039728999137878, 0.13185949623584747, 0.13047009706497192, 0.12968580424785614, 0.1314832717180252, 0.13141128420829773, 0.12955188751220703, 0.1408763974905014, 0.13008010387420654, 0.13389866054058075, 0.1305791288614273, 0.13087759912014008, 0.13357795774936676, 0.13229817152023315],