{"loss": [0.4960293173789978, 0.45558807253837585, 0.38308537006378174, 0.29951080679893494, 0.2355722188949585, 0.19595719873905182, 0.17257793247699738, 0.1589343547821045, 0.1482216715812683, 0.1420256644487381, 0.13793793320655823, 0.13451899588108063, 0.13132277131080627, 0.13032247126102448, 0.1285499483346939, 0.12684927880764008, 0.12536761164665222, 0.12511828541755676, 0.12483198195695877, 0.12424296140670776, 0.12280294299125671, 0.12299328297376633, 0.12234106659889221, 0.12178404629230499, 0.12197823077440262, 0.12302938848733902, 0.12093321233987808, 0.1219729632139206, 0.1208394318819046, 0.12161990255117416, 0.12225557863712311, 0.12004057317972183, 0.11987677216529846, 0.11995341628789902, 0.12102780491113663, 0.11883533000946045, 0.11965109407901764, 0.1189054548740387, 0.11907856911420822, 0.11895278096199036, 0.11866752058267593, 0.11917204409837723, 0.12039168924093246, 0.11851712316274643, 0.11921350657939911, 0.12000252306461334, 0.11783314496278763, 0.11863433569669724, 0.11836010217666626, 0.11803319305181503, 0.11884918063879013, 0.11852899938821793, 0.11795110255479813, 0.1161113977432251, 0.11840638518333435, 0.11868181079626083, 0.11753286421298981, 0.11650709062814713, 0.11788041144609451, 0.11770088225603104, 0.11696489155292511, 0.1176900565624237, 0.11653962731361389, 0.11832047253847122, 0.11808629333972931, 0.11605468392372131, 0.11624835431575775, 0.11820866167545319, 0.11693814396858215, 0.11676439642906189, 0.11690984666347504, 0.11606723815202713, 0.11635637283325195, 0.1159992516040802, 0.11762560158967972, 0.11857582628726959, 0.11659657210111618, 0.11606446653604507, 0.11909475922584534, 0.11632480472326279, 0.11554857343435287, 0.11616050451993942, 0.11662004888057709, 0.11570864170789719, 0.1158234179019928, 0.11590837687253952, 0.11759702116250992, 0.11589837074279785, 0.11589425802230835, 0.1156918853521347, 0.1150771826505661, 0.11549078673124313, 0.11658178269863129, 0.11627423018217087, 0.1143273264169693, 0.11547134071588516, 0.11553462594747543, 0.11532832682132721, 0.11534349620342255, 0.11530403792858124], "accuracy": [0.7997826337814331, 0.7997826337814331, 0.8080434799194336, 0.8743478059768677, 0.9193478226661682, 0.9394565224647522, 0.9482608437538147, 0.9515217542648315, 0.9533695578575134, 0.9555434584617615, 0.957608699798584, 0.9572826027870178, 0.9580434560775757, 0.9591304063796997, 0.9589130282402039, 0.9598913192749023, 0.9601086974143982, 0.9599999785423279, 0.9602174162864685, 0.9596739411354065, 0.9595652222633362, 0.9604347944259644, 0.9598913192749023, 0.9609782695770264, 0.9606521725654602, 0.95923912525177, 0.9613043665885925, 0.959782600402832, 0.9610869288444519, 0.9623913168907166, 0.9610869288444519, 0.960869550704956, 0.9607608914375305, 0.9616304636001587, 0.9605434536933899, 0.9618478417396545, 0.9619565010070801, 0.9627174139022827, 0.9628260731697083, 0.9619565010070801, 0.9607608914375305, 0.9611956477165222, 0.9613043665885925, 0.9621739387512207, 0.9623913168907166, 0.9623913168907166, 0.9619565010070801, 0.9610869288444519, 0.9618478417396545, 0.9617391228675842, 0.9622825980186462, 0.9624999761581421, 0.9622825980186462, 0.9635869860649109, 0.9616304636001587, 0.9627174139022827, 0.9611956477165222, 0.9629347920417786, 0.9622825980186462, 0.9615217447280884, 0.9634782671928406, 0.9621739387512207, 0.9626086950302124, 0.9624999761581421, 0.9630434513092041, 0.9641304612159729, 0.9620652198791504, 0.9609782695770264, 0.9619565010070801, 0.9632608890533447, 0.9623913168907166, 0.9620652198791504, 0.9628260731697083, 0.9623913168907166, 0.9624999761581421, 0.9618478417396545, 0.9636956453323364, 0.9630434513092041, 0.960326075553894, 0.9622825980186462, 0.9627174139022827, 0.9627174139022827, 0.9628260731697083, 0.9620652198791504, 0.9632608890533447, 0.9623913168907166, 0.9627174139022827, 0.9615217447280884, 0.9627174139022827, 0.9629347920417786, 0.9617391228675842, 0.9619565010070801, 0.9623913168907166, 0.9629347920417786, 0.9631521701812744, 0.9628260731697083, 0.9627174139022827, 0.9611956477165222, 0.9632608890533447, 0.9626086950302124], "val_loss": [0.47741639614105225, 0.4233934283256531, 0.34707215428352356, 0.271763414144516, 0.21853871643543243, 0.1897297352552414, 0.17225641012191772, 0.16342425346374512, 0.1541980654001236, 0.14729733765125275, 0.14379693567752838, 0.14126379787921906, 0.1386449784040451, 0.14184942841529846, 0.1380557119846344, 0.13570503890514374, 0.13507647812366486, 0.14829987287521362, 0.1336357146501541, 0.13283121585845947, 0.13625897467136383, 0.13353407382965088, 0.13609741628170013, 0.1323378086090088, 0.13168565928936005, 0.13139240443706512, 0.1359308660030365, 0.1308823972940445, 0.13146942853927612, 0.13264410197734833, 0.1309051662683487, 0.13123145699501038, 0.13299493491649628, 0.131076842546463, 0.13047721982002258, 0.13180463016033173, 0.13052348792552948, 0.13580776751041412, 0.1307946890592575, 0.1306098848581314, 0.14013299345970154, 0.1319986879825592, 0.13004647195339203, 0.130935937166214, 0.15038606524467468, 0.1309545934200287, 0.1303776055574417, 0.1309627890586853, 0.13284534215927124, 0.13426479697227478, 0.13039825856685638, 0.13098283112049103, 0.13039807975292206, 0.14226886630058289, 0.13030435144901276, 0.1298011988401413, 0.1325041502714157, 0.13337410986423492, 0.13145674765110016, 0.13029490411281586, 0.145636186003685, 0.13122005760669708, 0.14200176298618317, 0.13785603642463684, 0.1318463385105133, 0.13147753477096558, 0.13545653223991394, 0.13134285807609558, 0.13854990899562836, 0.13033495843410492, 0.1305573582649231, 0.1313846856355667, 0.13084430992603302, 0.13254906237125397, 0.14179366827011108, 0.1302068829536438, 0.13260847330093384, 0.13701926171779633, 0.13559658825397491, 0.13087980449199677, 0.13075897097587585, 0.1295146942138672, 0.12979811429977417, 0.13005900382995605, 0.12964996695518494, 0.13044914603233337, 0.13027390837669373, 0.13336798548698425, 0.12978346645832062, 0.13134872913360596, 0.1360025256872177, 0.13323882222175598, 0.15095417201519012, 0.13175061345100403, 0.13137422502040863, 0.12929391860961914, 0.13074521720409393, 0.13322418928146362, 0.12928016483783722, 0.13152098655700684],