{"loss": [0.5011749863624573, 0.4595363438129425, 0.4149828851222992, 0.34644266963005066, 0.2806937098503113, 0.2341046929359436, 0.20152004063129425, 0.17960698902606964, 0.1646597534418106, 0.15375392138957977, 0.14633770287036896, 0.1409846693277359, 0.1361686736345291, 0.13414345681667328, 0.13034118711948395, 0.12813520431518555, 0.12648481130599976, 0.12573352456092834, 0.12442492693662643, 0.12332629412412643, 0.12389890104532242, 0.1221732348203659, 0.12161749601364136, 0.12151224166154861, 0.12026643007993698, 0.12096569687128067, 0.11966349929571152, 0.11921543627977371, 0.1188354343175888, 0.11843954026699066, 0.11851679533720016, 0.11925684660673141, 0.11854009330272675, 0.11786558479070663, 0.11773775517940521, 0.11865144222974777, 0.11821772158145905, 0.1170702874660492, 0.11788186430931091, 0.11711735278367996, 0.11698354780673981, 0.11761415004730225, 0.11623858660459518, 0.11678198724985123, 0.1171349436044693, 0.11805177479982376, 0.1166672557592392, 0.11611434072256088, 0.11591723561286926, 0.11618336290121078, 0.11617588251829147, 0.1163199245929718, 0.11555363982915878, 0.11609005928039551, 0.11710163950920105, 0.11680348217487335, 0.11615020781755447, 0.11631517857313156, 0.11535844951868057, 0.11722783744335175, 0.11610890179872513, 0.11516771465539932, 0.1153457760810852, 0.11613471060991287, 0.11695936322212219, 0.11506365239620209, 0.1166667640209198, 0.11622139066457748, 0.11465172469615936, 0.11562506854534149, 0.115364208817482, 0.11493818461894989, 0.11557809263467789, 0.11558470129966736, 0.11563028395175934, 0.11571923643350601, 0.11601667106151581, 0.11501114815473557, 0.11481096595525742, 0.11394745856523514, 0.11522193253040314, 0.11534485965967178, 0.11390356719493866, 0.11419136077165604, 0.11431201547384262, 0.11614483594894409, 0.11472092568874359, 0.11544013023376465, 0.11491327732801437, 0.11471299082040787, 0.11520151048898697, 0.11420484632253647, 0.11405735462903976, 0.11449634283781052, 0.11397457122802734, 0.11436095833778381, 0.11510372161865234, 0.1157364547252655, 0.11428916454315186, 0.11464215070009232], "accuracy": [0.7997826337814331, 0.7997826337814331, 0.7998912930488586, 0.8263043761253357, 0.8916304111480713, 0.9251086711883545, 0.9377173781394958, 0.9459782838821411, 0.9507608413696289, 0.9534782767295837, 0.9552174210548401, 0.9557608962059021, 0.9572826027870178, 0.9574999809265137, 0.9585869312286377, 0.9583695530891418, 0.9588043689727783, 0.9594565033912659, 0.95923912525177, 0.9593478441238403, 0.959782600402832, 0.9605434536933899, 0.9590217471122742, 0.9605434536933899, 0.9609782695770264, 0.9611956477165222, 0.9611956477165222, 0.9613043665885925, 0.9618478417396545, 0.9614130258560181, 0.9604347944259644, 0.9605434536933899, 0.9611956477165222, 0.9605434536933899, 0.9619565010070801, 0.960326075553894, 0.9601086974143982, 0.9611956477165222, 0.9613043665885925, 0.9618478417396545, 0.9617391228675842, 0.9616304636001587, 0.9618478417396545, 0.9630434513092041, 0.9616304636001587, 0.9610869288444519, 0.9614130258560181, 0.9617391228675842, 0.9620652198791504, 0.9613043665885925, 0.9622825980186462, 0.9620652198791504, 0.9626086950302124, 0.9619565010070801, 0.9607608914375305, 0.9621739387512207, 0.9611956477165222, 0.9621739387512207, 0.9626086950302124, 0.9620652198791504, 0.9619565010070801, 0.9621739387512207, 0.9624999761581421, 0.9620652198791504, 0.9611956477165222, 0.9620652198791504, 0.9615217447280884, 0.9630434513092041, 0.9623913168907166, 0.9624999761581421, 0.9618478417396545, 0.9629347920417786, 0.960869550704956, 0.9626086950302124, 0.9622825980186462, 0.9619565010070801, 0.9622825980186462, 0.9635869860649109, 0.9641304612159729, 0.9631521701812744, 0.9627174139022827, 0.9624999761581421, 0.9633695483207703, 0.9628260731697083, 0.9623913168907166, 0.9619565010070801, 0.9626086950302124, 0.9620652198791504, 0.9623913168907166, 0.9629347920417786, 0.9627174139022827, 0.9630434513092041, 0.9629347920417786, 0.9633695483207703, 0.9615217447280884, 0.9626086950302124, 0.9629347920417786, 0.9630434513092041, 0.9616304636001587, 0.9630434513092041], "val_loss": [0.47377628087997437, 0.44164344668388367, 0.3831961750984192, 0.3147064745426178, 0.2591184079647064, 0.2221577763557434, 0.19746160507202148, 0.17852438986301422, 0.16656558215618134, 0.15776725113391876, 0.15517255663871765, 0.14928017556667328, 0.14509469270706177, 0.14060820639133453, 0.14154085516929626, 0.13734793663024902, 0.13673193752765656, 0.13654762506484985, 0.1337154060602188, 0.13293269276618958, 0.1323462277650833, 0.13191597163677216, 0.13453595340251923, 0.13129514455795288, 0.13321883976459503, 0.13166864216327667, 0.13771800696849823, 0.13150909543037415, 0.13116513192653656, 0.14262928068637848, 0.1308060735464096, 0.14185820519924164, 0.13351908326148987, 0.12989991903305054, 0.13274669647216797, 0.13075433671474457, 0.1299825757741928, 0.13000470399856567, 0.13274039328098297, 0.12967278063297272, 0.13289287686347961, 0.12979987263679504, 0.1298043131828308, 0.131618469953537, 0.12970766425132751, 0.12977389991283417, 0.13427837193012238, 0.12979008257389069, 0.13639289140701294, 0.13084271550178528, 0.13018502295017242, 0.12998537719249725, 0.13324220478534698, 0.1313125193119049, 0.13555403053760529, 0.13003340363502502, 0.13008663058280945, 0.13367635011672974, 0.13059133291244507, 0.13001258671283722, 0.1309213489294052, 0.13010871410369873, 0.13047772645950317, 0.1386144906282425, 0.1300654113292694, 0.1301138699054718, 0.13026781380176544, 0.14165523648262024, 0.1358034610748291, 0.13028773665428162, 0.1385723203420639, 0.13116872310638428, 0.13044334948062897, 0.13413800299167633, 0.13025611639022827, 0.1307271122932434, 0.13028278946876526, 0.13612598180770874, 0.13029879331588745, 0.1306401938199997, 0.13174571096897125, 0.13284313678741455, 0.13542112708091736, 0.1360391527414322, 0.13062940537929535, 0.13122175633907318, 0.1303391009569168, 0.13046568632125854, 0.13038679957389832, 0.13363851606845856, 0.13044652342796326, 0.1313263475894928, 0.13723470270633698, 0.1304803043603897, 0.1341390162706375, 0.13196486234664917, 0.13239848613739014, 0.13246853649616241, 0.13062989711761475, 0.1309763789176941],