{"loss": [0.5028554797172546, 0.48190197348594666, 0.4488524794578552, 0.3990614712238312, 0.3438511788845062, 0.2926776111125946, 0.24982257187366486, 0.21752673387527466, 0.1951599270105362, 0.17742961645126343, 0.16509121656417847, 0.15586192905902863, 0.14837077260017395, 0.14292211830615997, 0.13863185048103333, 0.1355830281972885, 0.1335587501525879, 0.13017457723617554, 0.12907299399375916, 0.12771250307559967, 0.12817326188087463, 0.12514209747314453, 0.12406166642904282, 0.12398652732372284, 0.12349017709493637, 0.12380648404359818, 0.12179817259311676, 0.12186150252819061, 0.12108228355646133, 0.12086007744073868, 0.12052097171545029, 0.11971788853406906, 0.11929667741060257, 0.11952680349349976, 0.11938886344432831, 0.11875496059656143, 0.11843597143888474, 0.11944432556629181, 0.1195032000541687, 0.11859232932329178, 0.118305504322052, 0.11829502135515213, 0.11808329820632935, 0.11711244285106659, 0.11756487190723419, 0.11699103564023972, 0.11767911165952682, 0.11735446006059647, 0.11736924946308136, 0.117155060172081, 0.11670845001935959, 0.11742392927408218, 0.1162673681974411, 0.11663228273391724, 0.1162412017583847, 0.11642418801784515, 0.11750125885009766, 0.11608853191137314, 0.11731815338134766, 0.11618594080209732, 0.11763636022806168, 0.11653434485197067, 0.11619861423969269, 0.11567521840333939, 0.11640440672636032, 0.1154622882604599, 0.11568716168403625, 0.11720387637615204, 0.11544635146856308, 0.11608387529850006, 0.11544819921255112, 0.11543495208024979, 0.11477066576480865, 0.11484089493751526, 0.11537355184555054, 0.11632609367370605, 0.1147671788930893, 0.11449889838695526, 0.114903524518013, 0.11497246474027634, 0.1158575564622879, 0.1145976185798645, 0.11475316435098648, 0.1150495707988739, 0.1143292784690857, 0.11433693021535873, 0.11449502408504486, 0.11519031226634979, 0.11454781144857407, 0.11452688276767731, 0.11518480628728867, 0.11589156091213226, 0.1146431416273117, 0.1149536669254303, 0.1151512861251831, 0.11587448418140411, 0.11442749202251434, 0.11383810639381409, 0.11482290178537369, 0.11407844722270966], "accuracy": [0.7989130616188049, 0.7989130616188049, 0.7989130616188049, 0.7997826337814331, 0.823913037776947, 0.8784782886505127, 0.9102174043655396, 0.9296739101409912, 0.9388043284416199, 0.9459782838821411, 0.9492391347885132, 0.9521738886833191, 0.9556521773338318, 0.9552174210548401, 0.9571738839149475, 0.958152174949646, 0.95923912525177, 0.9593478441238403, 0.9605434536933899, 0.959782600402832, 0.9588043689727783, 0.9601086974143982, 0.9578260779380798, 0.9606521725654602, 0.9607608914375305, 0.9605434536933899, 0.9614130258560181, 0.9618478417396545, 0.9613043665885925, 0.9615217447280884, 0.9609782695770264, 0.9620652198791504, 0.9618478417396545, 0.9624999761581421, 0.9621739387512207, 0.9616304636001587, 0.9611956477165222, 0.9613043665885925, 0.9617391228675842, 0.9629347920417786, 0.9615217447280884, 0.9627174139022827, 0.9621739387512207, 0.9623913168907166, 0.9624999761581421, 0.9628260731697083, 0.9620652198791504, 0.9620652198791504, 0.9619565010070801, 0.9614130258560181, 0.9630434513092041, 0.9629347920417786, 0.9626086950302124, 0.9620652198791504, 0.9623913168907166, 0.9632608890533447, 0.9631521701812744, 0.9620652198791504, 0.9633695483207703, 0.9632608890533447, 0.9615217447280884, 0.9626086950302124, 0.9620652198791504, 0.9628260731697083, 0.9624999761581421, 0.9630434513092041, 0.9629347920417786, 0.9613043665885925, 0.9635869860649109, 0.9628260731697083, 0.9631521701812744, 0.9631521701812744, 0.9627174139022827, 0.9636956453323364, 0.9627174139022827, 0.9609782695770264, 0.9627174139022827, 0.9624999761581421, 0.9645652174949646, 0.9628260731697083, 0.9626086950302124, 0.9632608890533447, 0.9626086950302124, 0.9630434513092041, 0.9633695483207703, 0.9620652198791504, 0.9631521701812744, 0.9632608890533447, 0.9630434513092041, 0.9641304612159729, 0.9615217447280884, 0.9619565010070801, 0.9620652198791504, 0.9628260731697083, 0.9613043665885925, 0.9633695483207703, 0.9629347920417786, 0.9626086950302124, 0.9628260731697083, 0.9645652174949646], "val_loss": [0.5047275424003601, 0.48071742057800293, 0.4321185052394867, 0.37433090806007385, 0.3221707046031952, 0.267606258392334, 0.23113851249217987, 0.2043950855731964, 0.18523189425468445, 0.17088769376277924, 0.16112519800662994, 0.15396657586097717, 0.14809764921665192, 0.14411140978336334, 0.140541672706604, 0.13822804391384125, 0.1359039843082428, 0.13489985466003418, 0.13452042639255524, 0.1319625824689865, 0.13699430227279663, 0.13043943047523499, 0.13268981873989105, 0.12955598533153534, 0.12901873886585236, 0.14074066281318665, 0.12999312579631805, 0.12784627079963684, 0.1276186853647232, 0.12746164202690125, 0.1277359127998352, 0.12783345580101013, 0.13017018139362335, 0.12674526870250702, 0.12832880020141602, 0.1273629367351532, 0.1275676190853119, 0.12665292620658875, 0.12631209194660187, 0.12619827687740326, 0.13465632498264313, 0.12653736770153046, 0.12572073936462402, 0.12591491639614105, 0.12692245841026306, 0.13380166888237, 0.1263660490512848, 0.12442400306463242, 0.12414209544658661, 0.12398127466440201, 0.1251438856124878, 0.12402058392763138, 0.12501834332942963, 0.1245914027094841, 0.12954631447792053, 0.12374847382307053, 0.12508977949619293, 0.12554168701171875, 0.12537170946598053, 0.12445328384637833, 0.12591880559921265, 0.12361506372690201, 0.12313712388277054, 0.12449661642313004, 0.1230175793170929, 0.1230602115392685, 0.1304839551448822, 0.12411176413297653, 0.12274083495140076, 0.1229618713259697, 0.12532569468021393, 0.12760235369205475, 0.1224212646484375, 0.1238216981291771, 0.12235718965530396, 0.1265658587217331, 0.12239976227283478, 0.12580209970474243, 0.12882210314273834, 0.12271679937839508, 0.12703752517700195, 0.12812048196792603, 0.12241147458553314, 0.12250454723834991, 0.12451186776161194, 0.1223670169711113, 0.12181532382965088, 0.12442468106746674, 0.12284106016159058, 0.12175852060317993, 0.12438070774078369, 0.12195060402154922, 0.12160655856132507, 0.1318514347076416, 0.12476054579019547, 0.12234089523553848, 0.12215947359800339, 0.12151989340782166, 0.12392187118530273, 0.12261974811553955],