{"loss": [0.48666346073150635, 0.420472115278244, 0.3119267523288727, 0.22399355471134186, 0.1821022927761078, 0.15965397655963898, 0.1473398506641388, 0.1411200761795044, 0.13648737967014313, 0.1316007375717163, 0.12968142330646515, 0.12927894294261932, 0.12616942822933197, 0.12645785510540009, 0.12623199820518494, 0.12403053790330887, 0.12497659772634506, 0.12305676192045212, 0.1238555759191513, 0.12248439341783524, 0.12403682619333267, 0.12148880958557129, 0.12171827256679535, 0.12299572676420212, 0.12132487446069717, 0.12105082720518112, 0.12145112454891205, 0.12187517434358597, 0.12113029509782791, 0.1195843368768692, 0.12141632288694382, 0.12062675505876541, 0.12252109497785568, 0.11976432800292969, 0.11830779910087585, 0.12138713151216507, 0.12022644281387329, 0.11969645321369171, 0.12039923667907715, 0.11967968195676804, 0.11890054494142532, 0.11890912801027298, 0.11963912099599838, 0.11839386075735092, 0.11853369325399399, 0.11905456334352493, 0.11870907992124557, 0.11786133050918579, 0.11791915446519852, 0.11801677942276001, 0.11898443847894669, 0.11797777563333511, 0.11961407214403152, 0.11867507547140121, 0.11848469823598862, 0.11810197681188583, 0.11706309765577316, 0.12072320282459259, 0.11898145824670792, 0.11747078597545624, 0.11763478070497513, 0.11813841760158539, 0.11710556596517563, 0.11885768920183182, 0.11842869967222214, 0.1174040287733078, 0.11842821538448334, 0.11655469983816147, 0.11873820424079895, 0.11793232709169388, 0.11735391616821289, 0.1161327064037323, 0.11784075200557709, 0.11588197201490402, 0.11844225972890854, 0.11730256676673889, 0.11766327917575836, 0.11546780914068222, 0.11754519492387772, 0.11691273748874664, 0.11742611974477768, 0.11617476493120193, 0.11664585024118423, 0.11621645838022232, 0.11843021214008331, 0.11683418601751328, 0.11608496308326721, 0.11616455018520355, 0.11632388085126877, 0.1157333254814148, 0.11820832639932632, 0.11839185655117035, 0.11622428894042969, 0.11628095805644989, 0.11781948059797287, 0.11543072015047073, 0.11652529239654541, 0.11602524667978287, 0.11529046297073364, 0.11484039574861526], "accuracy": [0.7997826337814331, 0.800543487071991, 0.8642391562461853, 0.9273912906646729, 0.9454348087310791, 0.9517391324043274, 0.955978274345398, 0.9552174210548401, 0.9577174186706543, 0.9591304063796997, 0.9583695530891418, 0.9593478441238403, 0.9601086974143982, 0.959782600402832, 0.9593478441238403, 0.9598913192749023, 0.95923912525177, 0.9614130258560181, 0.9610869288444519, 0.9611956477165222, 0.9598913192749023, 0.960326075553894, 0.9615217447280884, 0.9601086974143982, 0.9604347944259644, 0.9613043665885925, 0.9604347944259644, 0.9605434536933899, 0.9610869288444519, 0.9617391228675842, 0.9593478441238403, 0.9611956477165222, 0.9605434536933899, 0.9617391228675842, 0.9616304636001587, 0.9604347944259644, 0.9614130258560181, 0.9614130258560181, 0.960869550704956, 0.9615217447280884, 0.9620652198791504, 0.9611956477165222, 0.9610869288444519, 0.9626086950302124, 0.9617391228675842, 0.9617391228675842, 0.9634782671928406, 0.9621739387512207, 0.9627174139022827, 0.9614130258560181, 0.9609782695770264, 0.9643478393554688, 0.9616304636001587, 0.9617391228675842, 0.9622825980186462, 0.9627174139022827, 0.9627174139022827, 0.960869550704956, 0.9622825980186462, 0.9613043665885925, 0.9629347920417786, 0.9629347920417786, 0.9623913168907166, 0.9630434513092041, 0.9616304636001587, 0.9623913168907166, 0.9620652198791504, 0.9630434513092041, 0.9613043665885925, 0.9610869288444519, 0.9621739387512207, 0.9631521701812744, 0.9616304636001587, 0.9624999761581421, 0.9615217447280884, 0.9615217447280884, 0.9632608890533447, 0.9631521701812744, 0.9611956477165222, 0.9617391228675842, 0.9614130258560181, 0.9622825980186462, 0.9628260731697083, 0.9623913168907166, 0.9621739387512207, 0.9616304636001587, 0.9633695483207703, 0.9630434513092041, 0.9626086950302124, 0.9627174139022827, 0.9639130234718323, 0.9613043665885925, 0.9624999761581421, 0.9648913145065308, 0.9611956477165222, 0.9619565010070801, 0.9611956477165222, 0.9619565010070801, 0.9629347920417786, 0.9630434513092041], "val_loss": [0.4641498923301697, 0.37243416905403137, 0.2628328502178192, 0.2022325098514557, 0.17471210658550262, 0.1597091406583786, 0.1644057333469391, 0.1484166979789734, 0.14083941280841827, 0.13827554881572723, 0.13707643747329712, 0.13771960139274597, 0.13464690744876862, 0.14432136714458466, 0.13814859092235565, 0.13613992929458618, 0.13455897569656372, 0.13956572115421295, 0.14778059720993042, 0.1327136754989624, 0.13180367648601532, 0.13220366835594177, 0.1404242068529129, 0.13532771170139313, 0.13166818022727966, 0.13177122175693512, 0.13200031220912933, 0.13385336101055145, 0.13416436314582825, 0.13559827208518982, 0.1305733025074005, 0.13082189857959747, 0.13784286379814148, 0.13313539326190948, 0.13406048715114594, 0.13085690140724182, 0.1326405555009842, 0.13448913395404816, 0.1315680295228958, 0.13073134422302246, 0.13423208892345428, 0.13650918006896973, 0.13440251350402832, 0.13454629480838776, 0.15404203534126282, 0.13193324208259583, 0.1324680745601654, 0.13227003812789917, 0.1303156167268753, 0.13474805653095245, 0.1382155567407608, 0.14323842525482178, 0.13780996203422546, 0.13283123075962067, 0.13822369277477264, 0.13944682478904724, 0.13115084171295166, 0.13744889199733734, 0.1340699940919876, 0.1317896544933319, 0.13847008347511292, 0.14470045268535614, 0.13403598964214325, 0.12972816824913025, 0.13108210265636444, 0.13473543524742126, 0.134149432182312, 0.1318397969007492, 0.1322939097881317, 0.14979559183120728, 0.1297363042831421, 0.13061963021755219, 0.12988115847110748, 0.13560503721237183, 0.13143257796764374, 0.12991845607757568, 0.13505664467811584, 0.13217103481292725, 0.1305943876504898, 0.1314937174320221, 0.13221044838428497, 0.14545601606369019, 0.1300150454044342, 0.1535661816596985, 0.1401195526123047, 0.13006260991096497, 0.12966644763946533, 0.13292430341243744, 0.1293553113937378, 0.1433601826429367, 0.17395906150341034, 0.13055114448070526, 0.13091246783733368, 0.13660502433776855, 0.1314268261194229, 0.14986523985862732, 0.1290634572505951, 0.12970654666423798, 0.13056068122386932, 0.12851326167583466],