{"loss": [0.4826870262622833, 0.36923396587371826, 0.2495070993900299, 0.18688414990901947, 0.16038192808628082, 0.14631977677345276, 0.13874275982379913, 0.13707664608955383, 0.1310155689716339, 0.13074128329753876, 0.12778456509113312, 0.12556537985801697, 0.12464643269777298, 0.12726935744285583, 0.12467390298843384, 0.12350467592477798, 0.1237625777721405, 0.12500271201133728, 0.1217140406370163, 0.12232544273138046, 0.12141953408718109, 0.12174101173877716, 0.12286971509456635, 0.12185727059841156, 0.12067365646362305, 0.12072809785604477, 0.12162323296070099, 0.11923305690288544, 0.11937551945447922, 0.12067413330078125, 0.12279964238405228, 0.1187824010848999, 0.12152065336704254, 0.11885041743516922, 0.1193573921918869, 0.12102510035037994, 0.11871547251939774, 0.12033040076494217, 0.11915154755115509, 0.11821400374174118, 0.11786794662475586, 0.11857858300209045, 0.11935216188430786, 0.11831562966108322, 0.11938019841909409, 0.11873739212751389, 0.1193159967660904, 0.11962861567735672, 0.11914937198162079, 0.11963138729333878, 0.11972339451313019, 0.11789277195930481, 0.12126985192298889, 0.1169108897447586, 0.12126077711582184, 0.11716610938310623, 0.11833664774894714, 0.11775161325931549, 0.11812855303287506, 0.11743125319480896, 0.11791125684976578, 0.1170714795589447, 0.11475437134504318, 0.11591390520334244, 0.11845996230840683, 0.11985170841217041, 0.11829748749732971, 0.11814171820878983, 0.11685965955257416, 0.11739503592252731, 0.11702976375818253, 0.11971607059240341, 0.11564174294471741, 0.11922960728406906, 0.11867210268974304, 0.11694169044494629, 0.11682596057653427, 0.11705237627029419, 0.11712145060300827, 0.11729425936937332, 0.11736176908016205, 0.11555001884698868, 0.11689133197069168, 0.11539585143327713, 0.11607955396175385, 0.11745740473270416, 0.11570680141448975, 0.11703713983297348, 0.11666946858167648, 0.11555992066860199, 0.1169646829366684, 0.11824389547109604, 0.11590424925088882, 0.11547806113958359, 0.11376438289880753, 0.11658010631799698, 0.11589626222848892, 0.11546576768159866, 0.11543496698141098, 0.1150875836610794], "accuracy": [0.7997826337814331, 0.824456512928009, 0.9126086831092834, 0.9422826170921326, 0.9509782791137695, 0.9548913240432739, 0.9561956524848938, 0.9568478465080261, 0.9585869312286377, 0.9572826027870178, 0.95923912525177, 0.9591304063796997, 0.9591304063796997, 0.9590217471122742, 0.9602174162864685, 0.9604347944259644, 0.9601086974143982, 0.9591304063796997, 0.9604347944259644, 0.959782600402832, 0.9606521725654602, 0.9611956477165222, 0.9617391228675842, 0.9610869288444519, 0.9607608914375305, 0.9607608914375305, 0.9601086974143982, 0.9632608890533447, 0.960326075553894, 0.9619565010070801, 0.9626086950302124, 0.9621739387512207, 0.9594565033912659, 0.9619565010070801, 0.9621739387512207, 0.9614130258560181, 0.9613043665885925, 0.9615217447280884, 0.9609782695770264, 0.9614130258560181, 0.9620652198791504, 0.9622825980186462, 0.9611956477165222, 0.9620652198791504, 0.9621739387512207, 0.9619565010070801, 0.9613043665885925, 0.9618478417396545, 0.9619565010070801, 0.9622825980186462, 0.9613043665885925, 0.9621739387512207, 0.9618478417396545, 0.9628260731697083, 0.9618478417396545, 0.9624999761581421, 0.9611956477165222, 0.9640217423439026, 0.9617391228675842, 0.9621739387512207, 0.9634782671928406, 0.9631521701812744, 0.9633695483207703, 0.9628260731697083, 0.9618478417396545, 0.9618478417396545, 0.9632608890533447, 0.9621739387512207, 0.9628260731697083, 0.9630434513092041, 0.9623913168907166, 0.9622825980186462, 0.9628260731697083, 0.9619565010070801, 0.9611956477165222, 0.9631521701812744, 0.9622825980186462, 0.9626086950302124, 0.9623913168907166, 0.9613043665885925, 0.9613043665885925, 0.9616304636001587, 0.9633695483207703, 0.9623913168907166, 0.9629347920417786, 0.9619565010070801, 0.9622825980186462, 0.9621739387512207, 0.9622825980186462, 0.9632608890533447, 0.9623913168907166, 0.9623913168907166, 0.9627174139022827, 0.9628260731697083, 0.9627174139022827, 0.9619565010070801, 0.9627174139022827, 0.9632608890533447, 0.9621739387512207, 0.9624999761581421], "val_loss": [0.4402799904346466, 0.29869818687438965, 0.21339568495750427, 0.17893216013908386, 0.15752042829990387, 0.14763715863227844, 0.14274504780769348, 0.15249304473400116, 0.13717743754386902, 0.13777120411396027, 0.13474057614803314, 0.13447052240371704, 0.1433093398809433, 0.1337505429983139, 0.1322098672389984, 0.13376757502555847, 0.13806407153606415, 0.1338282972574234, 0.1327565312385559, 0.1317760944366455, 0.1432996392250061, 0.13873453438282013, 0.1304682046175003, 0.1349007487297058, 0.13124045729637146, 0.13330510258674622, 0.13233596086502075, 0.13085639476776123, 0.13069933652877808, 0.13096478581428528, 0.138459712266922, 0.13216447830200195, 0.16363897919654846, 0.13175153732299805, 0.13143524527549744, 0.13304303586483002, 0.13397030532360077, 0.13451281189918518, 0.1314147710800171, 0.13046866655349731, 0.13105157017707825, 0.1312764585018158, 0.13227497041225433, 0.130456805229187, 0.13228334486484528, 0.13121198117733002, 0.13187971711158752, 0.13268087804317474, 0.13538767397403717, 0.13071194291114807, 0.1358964592218399, 0.13128645718097687, 0.14661143720149994, 0.1314767450094223, 0.13271376490592957, 0.13073675334453583, 0.13377751410007477, 0.13415828347206116, 0.13066717982292175, 0.13074800372123718, 0.131479412317276, 0.13374894857406616, 0.13653700053691864, 0.1412394791841507, 0.1432274878025055, 0.12850508093833923, 0.13055285811424255, 0.13282828032970428, 0.12977030873298645, 0.14876297116279602, 0.13570770621299744, 0.12926599383354187, 0.1304958313703537, 0.13146895170211792, 0.13154783844947815, 0.13236290216445923, 0.13177643716335297, 0.13173320889472961, 0.138029083609581, 0.13154305517673492, 0.1312926858663559, 0.14547652006149292, 0.1356179267168045, 0.1318645477294922, 0.12995125353336334, 0.13046815991401672, 0.1284916251897812, 0.13124853372573853, 0.14038625359535217, 0.13285213708877563, 0.1280500739812851, 0.13104362785816193, 0.1328301727771759, 0.12832187116146088, 0.12866365909576416, 0.12801030278205872, 0.17449456453323364, 0.13213393092155457, 0.13635417819023132, 0.12808926403522491],