{"loss": [0.4856788218021393, 0.3926678001880646, 0.2709417939186096, 0.20153719186782837, 0.16972410678863525, 0.15175306797027588, 0.14302240312099457, 0.1370941400527954, 0.13306790590286255, 0.13132908940315247, 0.12907353043556213, 0.1293530911207199, 0.12707872688770294, 0.12636397778987885, 0.12437871843576431, 0.12571187317371368, 0.12454935908317566, 0.12505176663398743, 0.12286455184221268, 0.12297999858856201, 0.123088538646698, 0.12553344666957855, 0.12339583784341812, 0.1208396703004837, 0.12207299470901489, 0.12024282664060593, 0.12272324413061142, 0.12166306376457214, 0.12111345678567886, 0.12216813862323761, 0.11997994035482407, 0.11983698606491089, 0.12124226242303848, 0.1201687604188919, 0.12009735405445099, 0.1231379508972168, 0.11961396783590317, 0.12067212909460068, 0.12033731490373611, 0.11840593069791794, 0.11978446692228317, 0.12107354402542114, 0.11911576986312866, 0.11940286308526993, 0.11748076230287552, 0.11826086789369583, 0.12059883773326874, 0.11975060403347015, 0.11795458197593689, 0.11959703266620636, 0.12032938003540039, 0.11839493364095688, 0.11816170066595078, 0.11962730437517166, 0.117352694272995, 0.11838861554861069, 0.11814095079898834, 0.11757714301347733, 0.1194690465927124, 0.11848543584346771, 0.1185617744922638, 0.11791038513183594, 0.11666715145111084, 0.11605673283338547, 0.11811555176973343, 0.11879152059555054, 0.11956910789012909, 0.11722695082426071, 0.11652955412864685, 0.11859402805566788, 0.11761221289634705, 0.11585421115159988, 0.11654399335384369, 0.11679989844560623, 0.11711864918470383, 0.11998191475868225, 0.11646430939435959, 0.11537618935108185, 0.11607088893651962, 0.1161135584115982, 0.11643997579813004, 0.1178806871175766, 0.11572925001382828, 0.11640620976686478, 0.11895186454057693, 0.11842368543148041, 0.11615223437547684, 0.11578589677810669, 0.11754248291254044, 0.11735007911920547, 0.11517449468374252, 0.11643315851688385, 0.11783343553543091, 0.11773417890071869, 0.11442917585372925, 0.11498814076185226, 0.11532888561487198, 0.1145436018705368, 0.11597354710102081, 0.11623549461364746], "accuracy": [0.7997826337814331, 0.810869574546814, 0.8991304636001587, 0.9363043308258057, 0.9465217590332031, 0.9533695578575134, 0.9568478465080261, 0.9563043713569641, 0.9588043689727783, 0.9580434560775757, 0.9584782719612122, 0.9580434560775757, 0.9590217471122742, 0.9582608938217163, 0.9595652222633362, 0.9594565033912659, 0.9602174162864685, 0.9595652222633362, 0.9615217447280884, 0.9602174162864685, 0.9604347944259644, 0.9604347944259644, 0.9596739411354065, 0.9598913192749023, 0.9604347944259644, 0.9615217447280884, 0.9598913192749023, 0.9602174162864685, 0.9609782695770264, 0.9618478417396545, 0.9619565010070801, 0.9619565010070801, 0.9604347944259644, 0.9609782695770264, 0.9607608914375305, 0.9591304063796997, 0.9619565010070801, 0.9619565010070801, 0.9618478417396545, 0.9613043665885925, 0.9615217447280884, 0.960326075553894, 0.9609782695770264, 0.9609782695770264, 0.9621739387512207, 0.9627174139022827, 0.9613043665885925, 0.9613043665885925, 0.9626086950302124, 0.960869550704956, 0.9609782695770264, 0.9609782695770264, 0.9633695483207703, 0.9607608914375305, 0.9622825980186462, 0.9618478417396545, 0.9626086950302124, 0.9613043665885925, 0.9611956477165222, 0.9624999761581421, 0.9627174139022827, 0.9623913168907166, 0.9621739387512207, 0.9646739363670349, 0.9617391228675842, 0.9622825980186462, 0.9622825980186462, 0.9627174139022827, 0.9629347920417786, 0.9629347920417786, 0.9615217447280884, 0.9633695483207703, 0.9639130234718323, 0.9636956453323364, 0.9615217447280884, 0.9623913168907166, 0.9638043642044067, 0.9631521701812744, 0.9630434513092041, 0.9627174139022827, 0.9615217447280884, 0.9624999761581421, 0.9624999761581421, 0.9623913168907166, 0.9621739387512207, 0.9620652198791504, 0.9626086950302124, 0.9629347920417786, 0.9610869288444519, 0.9616304636001587, 0.9627174139022827, 0.9631521701812744, 0.9628260731697083, 0.9617391228675842, 0.9638043642044067, 0.9633695483207703, 0.9634782671928406, 0.9633695483207703, 0.9633695483207703, 0.9620652198791504], "val_loss": [0.4503180682659149, 0.3285279870033264, 0.2337629199028015, 0.18526232242584229, 0.17116093635559082, 0.15801167488098145, 0.1470945179462433, 0.1490921825170517, 0.14431257545948029, 0.1451275795698166, 0.13802996277809143, 0.13447564840316772, 0.1459495723247528, 0.1332627832889557, 0.1400052011013031, 0.1390795260667801, 0.13443884253501892, 0.13198241591453552, 0.13292571902275085, 0.1332450658082962, 0.13847246766090393, 0.13185614347457886, 0.13869895040988922, 0.13764718174934387, 0.1313052624464035, 0.1421176642179489, 0.13288751244544983, 0.13145576417446136, 0.1311991661787033, 0.13246265053749084, 0.1323164701461792, 0.14041052758693695, 0.1363726556301117, 0.13155438005924225, 0.1331813782453537, 0.1307554543018341, 0.13048607110977173, 0.140315979719162, 0.13250918686389923, 0.13371187448501587, 0.1320730745792389, 0.13297685980796814, 0.14010430872440338, 0.1325848400592804, 0.13880734145641327, 0.13015374541282654, 0.13251806795597076, 0.1356298327445984, 0.13119152188301086, 0.13151149451732635, 0.16333112120628357, 0.1303657591342926, 0.1357557773590088, 0.13189534842967987, 0.13606560230255127, 0.1362755000591278, 0.13227008283138275, 0.13040345907211304, 0.13218297064304352, 0.13639108836650848, 0.1484169214963913, 0.13310961425304413, 0.12983167171478271, 0.13259752094745636, 0.13205282390117645, 0.130362868309021, 0.13622498512268066, 0.13199709355831146, 0.13277314603328705, 0.14403854310512543, 0.13242879509925842, 0.1312444508075714, 0.12941959500312805, 0.13194723427295685, 0.133916974067688, 0.12985940277576447, 0.1347215175628662, 0.1302778422832489, 0.1324128955602646, 0.12978406250476837, 0.13168667256832123, 0.13083194196224213, 0.13104477524757385, 0.12805944681167603, 0.1662154495716095, 0.1299322545528412, 0.1297035664319992, 0.13171660900115967, 0.1347379833459854, 0.1364426463842392, 0.12947262823581696, 0.1305093765258789, 0.12955451011657715, 0.1296110451221466, 0.12816274166107178, 0.1323065459728241, 0.1300705522298813, 0.128132626414299, 0.12969717383384705, 0.13251078128814697],