{"loss": [0.49050372838974, 0.4204992353916168, 0.31633344292640686, 0.22893260419368744, 0.18474401533603668, 0.16022330522537231, 0.15018421411514282, 0.1401677429676056, 0.13478028774261475, 0.13237829506397247, 0.13066792488098145, 0.1293109655380249, 0.12629175186157227, 0.12818394601345062, 0.12419058382511139, 0.12535731494426727, 0.12399227172136307, 0.12481679022312164, 0.1221296489238739, 0.12221342325210571, 0.12253743410110474, 0.12351320683956146, 0.1209656149148941, 0.12434103339910507, 0.12329646944999695, 0.1203305572271347, 0.1228628158569336, 0.12045090645551682, 0.12082269787788391, 0.11958484351634979, 0.12029140442609787, 0.12084532529115677, 0.11940647661685944, 0.11901629716157913, 0.12105497717857361, 0.12015385925769806, 0.11881010979413986, 0.11987236887216568, 0.119417205452919, 0.11853654682636261, 0.11866919696331024, 0.11890238523483276, 0.11830148100852966, 0.1195007711648941, 0.11895636469125748, 0.11924774199724197, 0.11866513639688492, 0.11715532094240189, 0.1188473105430603, 0.1185336709022522, 0.11777336895465851, 0.11665365099906921, 0.11799091100692749, 0.11946070194244385, 0.11619287729263306, 0.11826303601264954, 0.11751996725797653, 0.11619440466165543, 0.11696390062570572, 0.11659692972898483, 0.11755680292844772, 0.11712352186441422, 0.11730249971151352, 0.11647417396306992, 0.11651250720024109, 0.11557452380657196, 0.11662530153989792, 0.11638344079256058, 0.11676769703626633, 0.11755603551864624, 0.11499300599098206, 0.11684541404247284, 0.11549162119626999, 0.11632062494754791, 0.11485253274440765, 0.11589006334543228, 0.11633829027414322, 0.11455376446247101, 0.11633030325174332, 0.11435121297836304, 0.1147782951593399, 0.11364888399839401, 0.11466004699468613, 0.11349800229072571, 0.1159629076719284, 0.11683209240436554, 0.1162773072719574, 0.11445792764425278, 0.11484798043966293, 0.11333756148815155, 0.11459066718816757, 0.1137639731168747, 0.11396852880716324, 0.11226541548967361, 0.11646518856287003, 0.11338495463132858, 0.11258440464735031, 0.11185808479785919, 0.11220720410346985, 0.11318673938512802], "accuracy": [0.7915217280387878, 0.8011956810951233, 0.8595651984214783, 0.925543487071991, 0.9431521892547607, 0.9517391324043274, 0.9538043737411499, 0.9561956524848938, 0.9589130282402039, 0.9589130282402039, 0.9589130282402039, 0.9591304063796997, 0.9599999785423279, 0.9590217471122742, 0.9601086974143982, 0.9595652222633362, 0.9599999785423279, 0.9585869312286377, 0.9606521725654602, 0.9609782695770264, 0.9605434536933899, 0.9598913192749023, 0.960869550704956, 0.9605434536933899, 0.9599999785423279, 0.9615217447280884, 0.9605434536933899, 0.9617391228675842, 0.9596739411354065, 0.9620652198791504, 0.9616304636001587, 0.9623913168907166, 0.9609782695770264, 0.9617391228675842, 0.9616304636001587, 0.9628260731697083, 0.9616304636001587, 0.9627174139022827, 0.9618478417396545, 0.9613043665885925, 0.9619565010070801, 0.9605434536933899, 0.9614130258560181, 0.9627174139022827, 0.9613043665885925, 0.9619565010070801, 0.9624999761581421, 0.9636956453323364, 0.9605434536933899, 0.9622825980186462, 0.9626086950302124, 0.9617391228675842, 0.9634782671928406, 0.9629347920417786, 0.9618478417396545, 0.9621739387512207, 0.9634782671928406, 0.9641304612159729, 0.9633695483207703, 0.9626086950302124, 0.9613043665885925, 0.9613043665885925, 0.9622825980186462, 0.9622825980186462, 0.9631521701812744, 0.9634782671928406, 0.9621739387512207, 0.9631521701812744, 0.9614130258560181, 0.9624999761581421, 0.9635869860649109, 0.9620652198791504, 0.9630434513092041, 0.9631521701812744, 0.9638043642044067, 0.9627174139022827, 0.9617391228675842, 0.9638043642044067, 0.9636956453323364, 0.9644564986228943, 0.9624999761581421, 0.9631521701812744, 0.9636956453323364, 0.9635869860649109, 0.9619565010070801, 0.9620652198791504, 0.9624999761581421, 0.9630434513092041, 0.9633695483207703, 0.9638043642044067, 0.9624999761581421, 0.9631521701812744, 0.9642391204833984, 0.9642391204833984, 0.9614130258560181, 0.9634782671928406, 0.9635869860649109, 0.9641304612159729, 0.9636956453323364, 0.9639130234718323], "val_loss": [0.4578620493412018, 0.37261348962783813, 0.2676234841346741, 0.20791806280612946, 0.17835712432861328, 0.17066515982151031, 0.15083914995193481, 0.14569756388664246, 0.14312614500522614, 0.14177872240543365, 0.1432037353515625, 0.13851162791252136, 0.13502109050750732, 0.13411618769168854, 0.14829017221927643, 0.13813406229019165, 0.13274335861206055, 0.13700099289417267, 0.13945086300373077, 0.13857541978359222, 0.1332438588142395, 0.1361146867275238, 0.15453194081783295, 0.1396278738975525, 0.1331845372915268, 0.13396687805652618, 0.13092368841171265, 0.13298644125461578, 0.1344025433063507, 0.13137836754322052, 0.13304120302200317, 0.13513608276844025, 0.13401362299919128, 0.13475537300109863, 0.13298411667346954, 0.13465869426727295, 0.13052718341350555, 0.13105452060699463, 0.13047179579734802, 0.13039493560791016, 0.14372555911540985, 0.13275450468063354, 0.13437208533287048, 0.13185064494609833, 0.13194717466831207, 0.1317165344953537, 0.13134509325027466, 0.13145965337753296, 0.13324810564517975, 0.13350223004817963, 0.12938059866428375, 0.1313452422618866, 0.12895537912845612, 0.13147926330566406, 0.1441529393196106, 0.12972040474414825, 0.13243794441223145, 0.13325147330760956, 0.13114166259765625, 0.14479734003543854, 0.12982729077339172, 0.13570724427700043, 0.1325003057718277, 0.12861916422843933, 0.1314229667186737, 0.13003890216350555, 0.13004092872142792, 0.13214336335659027, 0.13388116657733917, 0.12833131849765778, 0.1278526932001114, 0.1283561885356903, 0.13056743144989014, 0.13160531222820282, 0.1284879744052887, 0.1311551332473755, 0.12839199602603912, 0.1281636506319046, 0.12980873882770538, 0.14099067449569702, 0.12711291015148163, 0.12977801263332367, 0.12893712520599365, 0.12726211547851562, 0.1288369745016098, 0.12817125022411346, 0.1264261156320572, 0.12710626423358917, 0.14034926891326904, 0.12669877707958221, 0.1284523606300354, 0.1333632916212082, 0.12650583684444427, 0.12777625024318695, 0.13133865594863892, 0.13175907731056213, 0.129374697804451, 0.1331740766763687, 0.12827983498573303, 0.1294029802083969],