{"loss": [0.5571155548095703, 0.4913962781429291, 0.4724724590778351, 0.4431457817554474, 0.4024817943572998, 0.3565148413181305, 0.31164538860321045, 0.27333730459213257, 0.24036388099193573, 0.2150823473930359, 0.19597956538200378, 0.18149058520793915, 0.169047549366951, 0.16041199862957, 0.15326400101184845, 0.14781621098518372, 0.14332494139671326, 0.1403990238904953, 0.13592249155044556, 0.13432137668132782, 0.132515087723732, 0.12984660267829895, 0.12861499190330505, 0.12733674049377441, 0.12611235678195953, 0.12471390515565872, 0.12398514151573181, 0.12330987304449081, 0.12295781821012497, 0.12257061153650284, 0.12188829481601715, 0.12269154191017151, 0.12188134342432022, 0.12157831341028214, 0.12078775465488434, 0.11996392160654068, 0.11935752630233765, 0.11957041919231415, 0.11982358247041702, 0.11904565244913101, 0.1190989762544632, 0.11852174252271652, 0.11921348422765732, 0.11788216978311539, 0.11807245761156082, 0.11822383850812912, 0.11854493618011475, 0.11779452115297318, 0.11772029846906662, 0.11762305349111557, 0.11834658682346344, 0.11802227795124054, 0.11769241839647293, 0.11874818056821823, 0.11691304296255112, 0.11790422350168228, 0.11762478947639465, 0.11631253361701965, 0.11668829619884491, 0.11678100377321243, 0.11663202941417694, 0.11691710352897644, 0.11710360646247864, 0.1167280524969101, 0.11608248203992844, 0.1164531260728836, 0.1160643994808197, 0.11563366651535034, 0.11579746752977371, 0.11645548790693283, 0.11542049050331116, 0.11611015349626541, 0.11626142263412476, 0.115900918841362, 0.11656112968921661, 0.11584185808897018, 0.11612782627344131, 0.11592444032430649, 0.11511867493391037, 0.1151055097579956, 0.11507175862789154, 0.1155872792005539, 0.11465758085250854, 0.11622460186481476, 0.11611638963222504, 0.11527527868747711, 0.1151343584060669, 0.11697224527597427, 0.11556220054626465, 0.11581449955701828, 0.11521010845899582, 0.11526191979646683, 0.11486517637968063, 0.11449797451496124, 0.11512147635221481, 0.11533527076244354, 0.11510854959487915, 0.1145605742931366, 0.11490155756473541, 0.11500558257102966], "accuracy": [0.7427173852920532, 0.7997826337814331, 0.7997826337814331, 0.7997826337814331, 0.8002173900604248, 0.8224999904632568, 0.8632608652114868, 0.8976086974143982, 0.9186956286430359, 0.9327173829078674, 0.9395652413368225, 0.9434782862663269, 0.9473913311958313, 0.9511956572532654, 0.9541304111480713, 0.9534782767295837, 0.9547826051712036, 0.9558695554733276, 0.9561956524848938, 0.9580434560775757, 0.9572826027870178, 0.9583695530891418, 0.9585869312286377, 0.9588043689727783, 0.9578260779380798, 0.958695650100708, 0.9588043689727783, 0.9595652222633362, 0.9594565033912659, 0.9602174162864685, 0.9601086974143982, 0.9594565033912659, 0.9598913192749023, 0.9594565033912659, 0.960326075553894, 0.9595652222633362, 0.9609782695770264, 0.9601086974143982, 0.9610869288444519, 0.9602174162864685, 0.9605434536933899, 0.9602174162864685, 0.960869550704956, 0.9604347944259644, 0.9613043665885925, 0.9611956477165222, 0.9610869288444519, 0.9616304636001587, 0.9605434536933899, 0.9604347944259644, 0.9618478417396545, 0.9598913192749023, 0.9614130258560181, 0.9607608914375305, 0.9620652198791504, 0.9614130258560181, 0.9611956477165222, 0.9620652198791504, 0.9626086950302124, 0.9615217447280884, 0.9617391228675842, 0.9618478417396545, 0.9623913168907166, 0.9623913168907166, 0.9614130258560181, 0.9617391228675842, 0.9619565010070801, 0.9623913168907166, 0.9620652198791504, 0.9613043665885925, 0.9631521701812744, 0.9620652198791504, 0.9622825980186462, 0.9623913168907166, 0.9629347920417786, 0.9620652198791504, 0.9622825980186462, 0.9621739387512207, 0.9617391228675842, 0.9626086950302124, 0.9619565010070801, 0.9622825980186462, 0.9619565010070801, 0.9623913168907166, 0.9617391228675842, 0.9618478417396545, 0.9629347920417786, 0.9616304636001587, 0.9618478417396545, 0.9616304636001587, 0.9620652198791504, 0.9624999761581421, 0.9626086950302124, 0.9628260731697083, 0.9630434513092041, 0.9621739387512207, 0.9618478417396545, 0.9622825980186462, 0.9633695483207703, 0.9618478417396545], "val_loss": [0.4970959722995758, 0.48289135098457336, 0.46021750569343567, 0.42648881673812866, 0.3835708796977997, 0.3378088176250458, 0.3106243908405304, 0.26476117968559265, 0.2339390218257904, 0.21204476058483124, 0.19866839051246643, 0.18705059587955475, 0.17541192471981049, 0.1648261696100235, 0.16026607155799866, 0.15450216829776764, 0.15061597526073456, 0.1465758979320526, 0.1437731683254242, 0.14609113335609436, 0.14276611804962158, 0.14367720484733582, 0.13735131919384003, 0.1371585577726364, 0.14058151841163635, 0.1341550648212433, 0.13367806375026703, 0.13348305225372314, 0.1323252022266388, 0.13251465559005737, 0.13411380350589752, 0.13652776181697845, 0.13527072966098785, 0.13094569742679596, 0.13094118237495422, 0.1316150724887848, 0.1309390366077423, 0.13041217625141144, 0.1299258917570114, 0.1298077255487442, 0.12964051961898804, 0.13074038922786713, 0.13012471795082092, 0.13055559992790222, 0.13296015560626984, 0.12923763692378998, 0.13316653668880463, 0.1293562948703766, 0.12957410514354706, 0.1293480098247528, 0.12917101383209229, 0.130250945687294, 0.1322288066148758, 0.12912355363368988, 0.12925057113170624, 0.13600018620491028, 0.12953372299671173, 0.13049784302711487, 0.12964287400245667, 0.129136860370636, 0.13227564096450806, 0.13161300122737885, 0.128942608833313, 0.12905973196029663, 0.12903207540512085, 0.1291394829750061, 0.12922677397727966, 0.12972313165664673, 0.12914252281188965, 0.12916810810565948, 0.1305178850889206, 0.13076557219028473, 0.13075396418571472, 0.12934932112693787, 0.1297377049922943, 0.12931297719478607, 0.13063952326774597, 0.1293272227048874, 0.13064013421535492, 0.1343430131673813, 0.12966427206993103, 0.13098660111427307, 0.12943576276302338, 0.12908554077148438, 0.12972211837768555, 0.1309301108121872, 0.13387835025787354, 0.12974776327610016, 0.1315997838973999, 0.13255521655082703, 0.12931585311889648, 0.12931200861930847, 0.12988893687725067, 0.13003145158290863, 0.13018769025802612, 0.12954743206501007, 0.1296629160642624, 0.13075396418571472, 0.13101916015148163, 0.1303081512451172],