{"loss": [0.4788269102573395, 0.3680839240550995, 0.2411002814769745, 0.1806357055902481, 0.15567009150981903, 0.1442953497171402, 0.13659240305423737, 0.13426290452480316, 0.1310150921344757, 0.12753619253635406, 0.12827767431735992, 0.12539918720722198, 0.12610533833503723, 0.12523077428340912, 0.12422811985015869, 0.12433160096406937, 0.12524202466011047, 0.12309076637029648, 0.12703804671764374, 0.12164740264415741, 0.12298393249511719, 0.12455421686172485, 0.1207205057144165, 0.1225849837064743, 0.12111330777406693, 0.1213524341583252, 0.12169567495584488, 0.11978542059659958, 0.12102408707141876, 0.12077079713344574, 0.12117861211299896, 0.12202664464712143, 0.12068577110767365, 0.12105245888233185, 0.12427759915590286, 0.12084387987852097, 0.12095064669847488, 0.11986873298883438, 0.12034615874290466, 0.12016429007053375, 0.12049216777086258, 0.1202944815158844, 0.11935289204120636, 0.11878231912851334, 0.11825878918170929, 0.11835173517465591, 0.11944478005170822, 0.11923982203006744, 0.12151545286178589, 0.1198628842830658, 0.11872875690460205, 0.1182374656200409, 0.12078200280666351, 0.117906853556633, 0.11940622329711914, 0.1194852888584137, 0.1177276223897934, 0.11719200760126114, 0.11932019889354706, 0.11915167421102524, 0.12027943134307861, 0.11893390119075775, 0.11757887154817581, 0.1189853698015213, 0.11688695847988129, 0.11846984922885895, 0.11812067776918411, 0.11894804239273071, 0.11787097156047821, 0.1184515655040741, 0.1172291487455368, 0.11831039935350418, 0.11773117631673813, 0.11661509424448013, 0.1170504093170166, 0.1175389438867569, 0.11613891273736954, 0.11496739834547043, 0.11674901843070984, 0.11573313921689987, 0.11515862494707108, 0.117743119597435, 0.11669892817735672, 0.11588998883962631, 0.11568649858236313, 0.11523658782243729, 0.11597190797328949, 0.11552014946937561, 0.11675979942083359, 0.1154283881187439, 0.115594282746315, 0.11659218370914459, 0.1167728453874588, 0.11628562957048416, 0.11533188819885254, 0.11366301029920578, 0.11610657721757889, 0.11492504924535751, 0.11734209209680557, 0.11511772125959396], "accuracy": [0.7978261113166809, 0.8223913311958313, 0.9194565415382385, 0.9457608461380005, 0.9530434608459473, 0.9561956524848938, 0.9582608938217163, 0.9582608938217163, 0.9588043689727783, 0.9578260779380798, 0.9583695530891418, 0.9591304063796997, 0.9606521725654602, 0.9595652222633362, 0.9609782695770264, 0.9602174162864685, 0.9609782695770264, 0.9613043665885925, 0.9593478441238403, 0.9616304636001587, 0.9620652198791504, 0.9607608914375305, 0.9618478417396545, 0.9613043665885925, 0.960869550704956, 0.9619565010070801, 0.9618478417396545, 0.9611956477165222, 0.9615217447280884, 0.9619565010070801, 0.9601086974143982, 0.9610869288444519, 0.9616304636001587, 0.9622825980186462, 0.9601086974143982, 0.9621739387512207, 0.9628260731697083, 0.9619565010070801, 0.9618478417396545, 0.9618478417396545, 0.9616304636001587, 0.9614130258560181, 0.9613043665885925, 0.9619565010070801, 0.9610869288444519, 0.9622825980186462, 0.9621739387512207, 0.9621739387512207, 0.9609782695770264, 0.9627174139022827, 0.960869550704956, 0.9627174139022827, 0.9605434536933899, 0.9622825980186462, 0.9622825980186462, 0.9613043665885925, 0.9631521701812744, 0.9634782671928406, 0.9624999761581421, 0.9633695483207703, 0.960326075553894, 0.9621739387512207, 0.9622825980186462, 0.9617391228675842, 0.9636956453323364, 0.9619565010070801, 0.9629347920417786, 0.9617391228675842, 0.9627174139022827, 0.9618478417396545, 0.9619565010070801, 0.9620652198791504, 0.9613043665885925, 0.9632608890533447, 0.9628260731697083, 0.9629347920417786, 0.9624999761581421, 0.9624999761581421, 0.9618478417396545, 0.9628260731697083, 0.9626086950302124, 0.9618478417396545, 0.9632608890533447, 0.9633695483207703, 0.9635869860649109, 0.9642391204833984, 0.9644564986228943, 0.9623913168907166, 0.9616304636001587, 0.9633695483207703, 0.9630434513092041, 0.9623913168907166, 0.9616304636001587, 0.9627174139022827, 0.9630434513092041, 0.9634782671928406, 0.9610869288444519, 0.9629347920417786, 0.9632608890533447, 0.9630434513092041], "val_loss": [0.436418354511261, 0.29583117365837097, 0.21032623946666718, 0.17361420392990112, 0.1587434709072113, 0.14709514379501343, 0.14199036359786987, 0.14382027089595795, 0.13725237548351288, 0.13828401267528534, 0.14171096682548523, 0.1440047174692154, 0.13808606564998627, 0.13498006761074066, 0.13554485142230988, 0.13567577302455902, 0.14465507864952087, 0.1382223516702652, 0.13453271985054016, 0.14384862780570984, 0.13480733335018158, 0.13457317650318146, 0.13241428136825562, 0.13265928626060486, 0.151389941573143, 0.16739840805530548, 0.14465050399303436, 0.13936810195446014, 0.13324877619743347, 0.1332027018070221, 0.1343659609556198, 0.1328088790178299, 0.1337653249502182, 0.1383233219385147, 0.133897602558136, 0.13168829679489136, 0.13702215254306793, 0.13345743715763092, 0.1311333328485489, 0.14883765578269958, 0.13274312019348145, 0.13692861795425415, 0.13529859483242035, 0.1307641565799713, 0.13294726610183716, 0.13183216750621796, 0.13061705231666565, 0.13243213295936584, 0.14430572092533112, 0.13112123310565948, 0.13577815890312195, 0.13271628320217133, 0.14937421679496765, 0.13396018743515015, 0.14562682807445526, 0.15093010663986206, 0.13879479467868805, 0.13401803374290466, 0.13186916708946228, 0.1421574205160141, 0.1596716195344925, 0.13043609261512756, 0.13553127646446228, 0.13732938468456268, 0.13026106357574463, 0.1307598352432251, 0.15061670541763306, 0.13086465001106262, 0.13789577782154083, 0.1377153992652893, 0.1582418829202652, 0.13068357110023499, 0.148208349943161, 0.12906008958816528, 0.13729402422904968, 0.13202618062496185, 0.1309354305267334, 0.13018792867660522, 0.1289381980895996, 0.1361803561449051, 0.13428977131843567, 0.13313360512256622, 0.13415545225143433, 0.12867864966392517, 0.13098210096359253, 0.12938812375068665, 0.13173630833625793, 0.12950658798217773, 0.13220660388469696, 0.12993338704109192, 0.1289176642894745, 0.1297760158777237, 0.12945251166820526, 0.13120290637016296, 0.12763075530529022, 0.13814516365528107, 0.1300051361322403, 0.12836040556430817, 0.1273059844970703, 0.12916752696037292],