{"loss": [0.5219327211380005, 0.49317675828933716, 0.4741028845310211, 0.43292030692100525, 0.3721452057361603, 0.31146395206451416, 0.2620851993560791, 0.22669608891010284, 0.2009763866662979, 0.18266580998897552, 0.16985145211219788, 0.1597331017255783, 0.15263551473617554, 0.1468958556652069, 0.142989844083786, 0.14048822224140167, 0.13571974635124207, 0.13313831388950348, 0.13367900252342224, 0.13133391737937927, 0.12894567847251892, 0.1279643028974533, 0.1268121749162674, 0.12531538307666779, 0.12573973834514618, 0.12490618973970413, 0.12346582859754562, 0.12379373610019684, 0.1231820285320282, 0.12254549562931061, 0.12213116139173508, 0.12200477719306946, 0.12148599326610565, 0.1204979419708252, 0.12169855833053589, 0.12077143043279648, 0.12068300694227219, 0.12089934200048447, 0.12011948227882385, 0.12009051442146301, 0.12070371955633163, 0.11953210085630417, 0.11907748132944107, 0.11842616647481918, 0.11919684708118439, 0.11914175003767014, 0.11898783594369888, 0.11766159534454346, 0.11844225972890854, 0.11907479912042618, 0.11790714412927628, 0.11828678101301193, 0.11855927854776382, 0.11766593903303146, 0.11868823319673538, 0.1177004873752594, 0.11825910210609436, 0.11759267747402191, 0.11747702211141586, 0.11710186302661896, 0.11800914257764816, 0.11831352114677429, 0.11592992395162582, 0.11817952990531921, 0.1185479611158371, 0.11824238300323486, 0.11709360033273697, 0.11758112162351608, 0.1176433265209198, 0.11810849606990814, 0.11542609333992004, 0.11812467873096466, 0.11566468328237534, 0.11788308620452881, 0.11699715256690979, 0.11658703535795212, 0.11705467849969864, 0.1165069192647934, 0.11667405068874359, 0.11711886525154114, 0.11613493412733078, 0.1168861836194992, 0.11635597795248032, 0.11724159866571426, 0.11636461317539215, 0.11551076918840408, 0.11526729166507721, 0.11626072227954865, 0.1162199079990387, 0.11582320183515549, 0.1154925674200058, 0.11477971822023392, 0.1158430427312851, 0.11539257317781448, 0.11534067243337631, 0.11450212448835373, 0.11559468507766724, 0.11499692499637604, 0.11611228436231613, 0.11461642384529114], "accuracy": [0.7882608771324158, 0.7997826337814331, 0.7997826337814331, 0.7997826337814331, 0.8107608556747437, 0.8623912930488586, 0.9057608842849731, 0.9267391562461853, 0.9371739029884338, 0.9436956644058228, 0.9482608437538147, 0.9513043761253357, 0.9535869359970093, 0.9552174210548401, 0.9567391276359558, 0.9553260803222656, 0.957608699798584, 0.9588043689727783, 0.9564130306243896, 0.9579347968101501, 0.9595652222633362, 0.9580434560775757, 0.95923912525177, 0.959782600402832, 0.95923912525177, 0.9591304063796997, 0.9593478441238403, 0.9594565033912659, 0.9607608914375305, 0.9605434536933899, 0.9605434536933899, 0.9604347944259644, 0.9615217447280884, 0.9611956477165222, 0.9604347944259644, 0.9610869288444519, 0.9609782695770264, 0.9609782695770264, 0.9611956477165222, 0.9622825980186462, 0.959782600402832, 0.9605434536933899, 0.9610869288444519, 0.9621739387512207, 0.9614130258560181, 0.9616304636001587, 0.9622825980186462, 0.9628260731697083, 0.9621739387512207, 0.960326075553894, 0.9614130258560181, 0.9626086950302124, 0.9621739387512207, 0.9620652198791504, 0.9617391228675842, 0.9622825980186462, 0.9615217447280884, 0.9623913168907166, 0.9618478417396545, 0.9628260731697083, 0.9619565010070801, 0.9619565010070801, 0.9631521701812744, 0.9624999761581421, 0.9617391228675842, 0.9628260731697083, 0.9618478417396545, 0.9621739387512207, 0.9615217447280884, 0.9615217447280884, 0.9620652198791504, 0.9623913168907166, 0.9622825980186462, 0.9629347920417786, 0.9626086950302124, 0.9615217447280884, 0.9630434513092041, 0.9628260731697083, 0.9636956453323364, 0.9607608914375305, 0.9627174139022827, 0.9620652198791504, 0.9629347920417786, 0.9624999761581421, 0.9617391228675842, 0.9619565010070801, 0.9626086950302124, 0.9616304636001587, 0.9633695483207703, 0.9620652198791504, 0.9631521701812744, 0.9633695483207703, 0.9626086950302124, 0.9630434513092041, 0.9629347920417786, 0.9627174139022827, 0.9624999761581421, 0.9626086950302124, 0.9626086950302124, 0.9626086950302124], "val_loss": [0.4962829649448395, 0.4849269688129425, 0.45748525857925415, 0.40853190422058105, 0.3422430455684662, 0.289340615272522, 0.2480355054140091, 0.2195054441690445, 0.1981165111064911, 0.18238361179828644, 0.17282401025295258, 0.16345709562301636, 0.1567055583000183, 0.15783725678920746, 0.15684393048286438, 0.1461012214422226, 0.14766214787960052, 0.14484912157058716, 0.13987089693546295, 0.1427365094423294, 0.1427580565214157, 0.13614635169506073, 0.13526861369609833, 0.13618744909763336, 0.13550449907779694, 0.13375000655651093, 0.13299477100372314, 0.1327088326215744, 0.14144086837768555, 0.13305257260799408, 0.1333097219467163, 0.13331922888755798, 0.1315208077430725, 0.1312154084444046, 0.13374991714954376, 0.13813373446464539, 0.1310337483882904, 0.13072943687438965, 0.13062888383865356, 0.1335601955652237, 0.13480603694915771, 0.13029159605503082, 0.13051655888557434, 0.13135060667991638, 0.1318635642528534, 0.13011157512664795, 0.1295476108789444, 0.13024432957172394, 0.12961755692958832, 0.13058902323246002, 0.13002388179302216, 0.12980075180530548, 0.13177068531513214, 0.12948641180992126, 0.12961338460445404, 0.13081663846969604, 0.12942278385162354, 0.13048537075519562, 0.12975096702575684, 0.13033701479434967, 0.1291925609111786, 0.12949895858764648, 0.13715118169784546, 0.13133355975151062, 0.13467293977737427, 0.13324226438999176, 0.13429467380046844, 0.13315826654434204, 0.13068249821662903, 0.13026730716228485, 0.12968041002750397, 0.1300773173570633, 0.13040043413639069, 0.1347840428352356, 0.130002960562706, 0.1296333372592926, 0.1304434984922409, 0.1307660937309265, 0.13622161746025085, 0.13135771453380585, 0.13028915226459503, 0.13793186843395233, 0.12985104322433472, 0.13967473804950714, 0.12908947467803955, 0.12914395332336426, 0.1289268583059311, 0.13237857818603516, 0.13228918612003326, 0.12997710704803467, 0.1307981163263321, 0.1303308755159378, 0.1297963410615921, 0.12867002189159393, 0.1287817358970642, 0.1418851912021637, 0.12862545251846313, 0.1318303793668747, 0.13168516755104065, 0.1315552294254303],