{"loss": [0.5357361435890198, 0.47843053936958313, 0.44408559799194336, 0.400183767080307, 0.3531225323677063, 0.3081376850605011, 0.2689748704433441, 0.23686809837818146, 0.21268784999847412, 0.19392405450344086, 0.18015842139720917, 0.16904205083847046, 0.16074255108833313, 0.15309472382068634, 0.14756819605827332, 0.14365272223949432, 0.14041918516159058, 0.13900908827781677, 0.13475708663463593, 0.1324072927236557, 0.13025552034378052, 0.12867295742034912, 0.1285114884376526, 0.12700322270393372, 0.126386821269989, 0.12476732581853867, 0.12446116656064987, 0.12362177670001984, 0.12382576614618301, 0.12276031821966171, 0.12201669812202454, 0.12209522724151611, 0.1216193437576294, 0.12140148878097534, 0.12074155360460281, 0.12059418857097626, 0.12024432420730591, 0.11984587460756302, 0.12015827000141144, 0.11982030421495438, 0.11952217668294907, 0.11871032416820526, 0.11844969540834427, 0.11737356334924698, 0.11811000853776932, 0.117958202958107, 0.11714928597211838, 0.11775865405797958, 0.11846350878477097, 0.11730330437421799, 0.11768578737974167, 0.11718671768903732, 0.11626164615154266, 0.11740732192993164, 0.11757601797580719, 0.11635196954011917, 0.11696680635213852, 0.11944727599620819, 0.1154164969921112, 0.11597282439470291, 0.11652533710002899, 0.11564929783344269, 0.11597272753715515, 0.11554405093193054, 0.11557243019342422, 0.11567110568284988, 0.11592965573072433, 0.11683549731969833, 0.11634550988674164, 0.11575529724359512, 0.11454044282436371, 0.11495652049779892, 0.11461364477872849, 0.11442219465970993, 0.11529450863599777, 0.11462593078613281, 0.11557524651288986, 0.11364828050136566, 0.11543289572000504, 0.11315125972032547, 0.1143723875284195, 0.11381369084119797, 0.11517255753278732, 0.11361519247293472, 0.11363597214221954, 0.11421577632427216, 0.11309811472892761, 0.11279770731925964, 0.11345543712377548, 0.1135021448135376, 0.11326977610588074, 0.11185748875141144, 0.11303182691335678, 0.11233275383710861, 0.11305136233568192, 0.11235509812831879, 0.11361420899629593, 0.11223369836807251, 0.11301374435424805, 0.11200138181447983], "accuracy": [0.7552173733711243, 0.7997826337814331, 0.7997826337814331, 0.8017391562461853, 0.8270652294158936, 0.8704347610473633, 0.9007608890533447, 0.9201086759567261, 0.9330434799194336, 0.9403260946273804, 0.9434782862663269, 0.9468477964401245, 0.9505434632301331, 0.9521738886833191, 0.9542391300201416, 0.9542391300201416, 0.9549999833106995, 0.9555434584617615, 0.9560869336128235, 0.9572826027870178, 0.9583695530891418, 0.9582608938217163, 0.9580434560775757, 0.9589130282402039, 0.9594565033912659, 0.9594565033912659, 0.9599999785423279, 0.9593478441238403, 0.9591304063796997, 0.9602174162864685, 0.9602174162864685, 0.959782600402832, 0.9601086974143982, 0.9610869288444519, 0.9598913192749023, 0.9599999785423279, 0.9611956477165222, 0.960326075553894, 0.9604347944259644, 0.9599999785423279, 0.9614130258560181, 0.960326075553894, 0.9615217447280884, 0.9620652198791504, 0.9614130258560181, 0.9622825980186462, 0.9619565010070801, 0.9616304636001587, 0.9602174162864685, 0.9617391228675842, 0.9615217447280884, 0.9623913168907166, 0.9618478417396545, 0.9617391228675842, 0.9620652198791504, 0.9618478417396545, 0.960869550704956, 0.9614130258560181, 0.9615217447280884, 0.960869550704956, 0.9623913168907166, 0.9611956477165222, 0.9620652198791504, 0.9638043642044067, 0.9617391228675842, 0.9619565010070801, 0.9618478417396545, 0.9620652198791504, 0.9614130258560181, 0.9623913168907166, 0.9626086950302124, 0.9624999761581421, 0.9624999761581421, 0.9616304636001587, 0.9622825980186462, 0.9623913168907166, 0.9628260731697083, 0.9627174139022827, 0.9613043665885925, 0.9634782671928406, 0.9627174139022827, 0.9634782671928406, 0.9630434513092041, 0.9624999761581421, 0.9621739387512207, 0.9616304636001587, 0.9629347920417786, 0.9638043642044067, 0.9640217423439026, 0.9626086950302124, 0.9635869860649109, 0.9632608890533447, 0.9632608890533447, 0.9639130234718323, 0.9632608890533447, 0.9636956453323364, 0.9622825980186462, 0.9645652174949646, 0.9623913168907166, 0.9634782671928406], "val_loss": [0.4907141625881195, 0.466470867395401, 0.42613160610198975, 0.3799729645252228, 0.3339082598686218, 0.29225873947143555, 0.2571772038936615, 0.2295885533094406, 0.20970578491687775, 0.19503986835479736, 0.18104346096515656, 0.17213691771030426, 0.16968442499637604, 0.15903322398662567, 0.1527649462223053, 0.1542241871356964, 0.14845985174179077, 0.14411407709121704, 0.14184468984603882, 0.14000023901462555, 0.1387862265110016, 0.14323334395885468, 0.14023223519325256, 0.1363511085510254, 0.13519418239593506, 0.1338041126728058, 0.1338341385126114, 0.13423050940036774, 0.13288138806819916, 0.1332465261220932, 0.13162986934185028, 0.13283728063106537, 0.13120758533477783, 0.13107387721538544, 0.13164637982845306, 0.13061127066612244, 0.13086983561515808, 0.13064652681350708, 0.13034901022911072, 0.1309259682893753, 0.13230614364147186, 0.13055218756198883, 0.13385219871997833, 0.1305604726076126, 0.12993502616882324, 0.13411474227905273, 0.1365794539451599, 0.12992046773433685, 0.13091683387756348, 0.13360536098480225, 0.13137345016002655, 0.12994451820850372, 0.13978584110736847, 0.1374761015176773, 0.1298242211341858, 0.13170847296714783, 0.13345405459403992, 0.13089792430400848, 0.14313654601573944, 0.13235850632190704, 0.13427776098251343, 0.13032266497612, 0.1312456727027893, 0.1329905092716217, 0.13038639724254608, 0.13036301732063293, 0.12987402081489563, 0.13076481223106384, 0.13102935254573822, 0.13091807067394257, 0.13029180467128754, 0.13653799891471863, 0.12980647385120392, 0.12972310185432434, 0.13194741308689117, 0.1297423541545868, 0.13217808306217194, 0.13035809993743896, 0.12973491847515106, 0.14903895556926727, 0.12907013297080994, 0.12881609797477722, 0.12956617772579193, 0.12924443185329437, 0.13380339741706848, 0.1299329251050949, 0.12941868603229523, 0.1287224292755127, 0.1290954351425171, 0.1291021704673767, 0.12919756770133972, 0.13191795349121094, 0.12918274104595184, 0.12991423904895782, 0.1290823370218277, 0.13126017153263092, 0.1287410706281662, 0.13093021512031555, 0.1345587819814682, 0.12885527312755585],