{"loss": [0.47690001130104065, 0.3570248782634735, 0.23293642699718475, 0.17686286568641663, 0.15364040434360504, 0.14341121912002563, 0.1391027569770813, 0.1332961767911911, 0.1297183781862259, 0.12955904006958008, 0.12636616826057434, 0.1298099160194397, 0.12705956399440765, 0.1271059364080429, 0.12411583960056305, 0.12472507357597351, 0.12393569201231003, 0.12199786305427551, 0.1254841536283493, 0.1217653900384903, 0.12315856665372849, 0.12166813015937805, 0.12281209230422974, 0.12114488333463669, 0.12097810208797455, 0.12002299726009369, 0.12110009044408798, 0.1213473230600357, 0.12199515849351883, 0.1204410046339035, 0.12166962772607803, 0.1204615980386734, 0.12185218185186386, 0.12141330540180206, 0.12118203938007355, 0.12076208740472794, 0.12077608704566956, 0.11904360353946686, 0.11968331038951874, 0.11882513761520386, 0.11946206539869308, 0.11972498148679733, 0.11936384439468384, 0.11879781633615494, 0.11873558908700943, 0.11861362308263779, 0.11799750477075577, 0.11743760854005814, 0.11735799908638, 0.11872656643390656, 0.11897147446870804, 0.1191854476928711, 0.11763715744018555, 0.11993542313575745, 0.11739330738782883, 0.11813400685787201, 0.11685649305582047, 0.11977126449346542, 0.11822137981653214, 0.11860853433609009, 0.11892064660787582, 0.11758492887020111, 0.11715374141931534, 0.11789540201425552, 0.11766138672828674, 0.11595521122217178, 0.11648775637149811, 0.11736199259757996, 0.12044890224933624, 0.1181211769580841, 0.11605841666460037, 0.11719373613595963, 0.11799494177103043, 0.11736150085926056, 0.11764336377382278, 0.11672881990671158, 0.11513244360685349, 0.11718525737524033, 0.11615615338087082, 0.11579161137342453, 0.11632879078388214, 0.11735651642084122, 0.1162014752626419, 0.11591276526451111, 0.11757736653089523, 0.11576064676046371, 0.1142425537109375, 0.1170552521944046, 0.11580217629671097, 0.11474908143281937, 0.1156071275472641, 0.11416549980640411, 0.11711379140615463, 0.11745145171880722, 0.11514557898044586, 0.11491567641496658, 0.11474727094173431, 0.11394350975751877, 0.11363955587148666, 0.11472414433956146], "accuracy": [0.7997826337814331, 0.8314130306243896, 0.9223912954330444, 0.9451087117195129, 0.9515217542648315, 0.9546738862991333, 0.9557608962059021, 0.9585869312286377, 0.957065224647522, 0.958695650100708, 0.9604347944259644, 0.95923912525177, 0.9584782719612122, 0.957608699798584, 0.9604347944259644, 0.959782600402832, 0.959782600402832, 0.9610869288444519, 0.9607608914375305, 0.9607608914375305, 0.960326075553894, 0.9614130258560181, 0.9606521725654602, 0.9605434536933899, 0.9606521725654602, 0.9620652198791504, 0.9599999785423279, 0.9615217447280884, 0.9622825980186462, 0.9606521725654602, 0.9607608914375305, 0.9611956477165222, 0.9621739387512207, 0.9601086974143982, 0.9602174162864685, 0.9602174162864685, 0.9610869288444519, 0.9623913168907166, 0.9606521725654602, 0.9616304636001587, 0.960869550704956, 0.9619565010070801, 0.9623913168907166, 0.9640217423439026, 0.9606521725654602, 0.9617391228675842, 0.9631521701812744, 0.9621739387512207, 0.9631521701812744, 0.9618478417396545, 0.9618478417396545, 0.9621739387512207, 0.9617391228675842, 0.9616304636001587, 0.9621739387512207, 0.9618478417396545, 0.9629347920417786, 0.9606521725654602, 0.9632608890533447, 0.9619565010070801, 0.9620652198791504, 0.9629347920417786, 0.9642391204833984, 0.9620652198791504, 0.9619565010070801, 0.9618478417396545, 0.9620652198791504, 0.9617391228675842, 0.960326075553894, 0.9614130258560181, 0.9629347920417786, 0.9615217447280884, 0.9609782695770264, 0.9629347920417786, 0.9633695483207703, 0.9621739387512207, 0.9628260731697083, 0.9604347944259644, 0.9630434513092041, 0.9635869860649109, 0.9618478417396545, 0.9620652198791504, 0.9628260731697083, 0.9626086950302124, 0.9617391228675842, 0.9630434513092041, 0.9639130234718323, 0.9623913168907166, 0.9627174139022827, 0.9642391204833984, 0.9623913168907166, 0.9635869860649109, 0.9633695483207703, 0.9629347920417786, 0.9618478417396545, 0.9611956477165222, 0.9631521701812744, 0.9631521701812744, 0.9634782671928406, 0.9621739387512207], "val_loss": [0.4362598955631256, 0.2925902009010315, 0.20202520489692688, 0.17025209963321686, 0.15276671946048737, 0.1472402662038803, 0.15449188649654388, 0.13893651962280273, 0.14039556682109833, 0.1380772590637207, 0.1348508894443512, 0.14186331629753113, 0.13789914548397064, 0.1330043524503708, 0.13307496905326843, 0.13556626439094543, 0.13220763206481934, 0.1450437605381012, 0.13588450849056244, 0.14033405482769012, 0.13454535603523254, 0.13652905821800232, 0.13210156559944153, 0.13205307722091675, 0.14267238974571228, 0.13566923141479492, 0.1335657238960266, 0.13185827434062958, 0.13894879817962646, 0.16669106483459473, 0.13670530915260315, 0.1333058923482895, 0.1462727189064026, 0.16028811037540436, 0.13096345961093903, 0.1315651834011078, 0.13224376738071442, 0.13050706684589386, 0.13886024057865143, 0.13117997348308563, 0.13157868385314941, 0.1317981332540512, 0.13089896738529205, 0.13217677175998688, 0.13042528927326202, 0.1328950971364975, 0.13184292614459991, 0.1362340897321701, 0.13821269571781158, 0.13094237446784973, 0.1356869488954544, 0.1365959346294403, 0.13804128766059875, 0.130106121301651, 0.13083301484584808, 0.1364835649728775, 0.13256745040416718, 0.1314796507358551, 0.13186217844486237, 0.138535737991333, 0.13291668891906738, 0.13354972004890442, 0.12891295552253723, 0.13015621900558472, 0.1320219784975052, 0.13479705154895782, 0.1307169795036316, 0.1350335031747818, 0.12941379845142365, 0.12977252900600433, 0.1313111037015915, 0.12973113358020782, 0.1364106833934784, 0.1419493556022644, 0.13173143565654755, 0.1303895115852356, 0.12871871888637543, 0.12842310965061188, 0.1278083324432373, 0.1289658397436142, 0.12997327744960785, 0.12671904265880585, 0.12817761301994324, 0.13164570927619934, 0.12933304905891418, 0.12817449867725372, 0.13182923197746277, 0.12871092557907104, 0.13263380527496338, 0.12927599251270294, 0.13221131265163422, 0.12661004066467285, 0.1458958387374878, 0.13121972978115082, 0.12698246538639069, 0.12801025807857513, 0.12808549404144287, 0.13050229847431183, 0.1286401003599167, 0.1274946928024292],