{"loss": [0.49024897813796997, 0.409440815448761, 0.29521191120147705, 0.2132883220911026, 0.17376960813999176, 0.15544527769088745, 0.14440388977527618, 0.13933268189430237, 0.1337922364473343, 0.13221865892410278, 0.13026346266269684, 0.12854589521884918, 0.12670713663101196, 0.12817099690437317, 0.12529011070728302, 0.1249704360961914, 0.1250935196876526, 0.12424474209547043, 0.12606902420520782, 0.12268630415201187, 0.12368796765804291, 0.1238073855638504, 0.12257885187864304, 0.12177164107561111, 0.12232427299022675, 0.12238920480012894, 0.12058793753385544, 0.12268880754709244, 0.12058556824922562, 0.12227221578359604, 0.11947749555110931, 0.12346234917640686, 0.12194573134183884, 0.12099321186542511, 0.12277141958475113, 0.1216742992401123, 0.12049040198326111, 0.12201178818941116, 0.11946141719818115, 0.12043389678001404, 0.12105163931846619, 0.11929253488779068, 0.12122644484043121, 0.11955132335424423, 0.12183510512113571, 0.1196649968624115, 0.11929693073034286, 0.1213371604681015, 0.12135366350412369, 0.1194273978471756, 0.1193522959947586, 0.11968130618333817, 0.11841032654047012, 0.11822808533906937, 0.11851233243942261, 0.11949310451745987, 0.12005347013473511, 0.11951499432325363, 0.11906395852565765, 0.1210593432188034, 0.11826924234628677, 0.1181284487247467, 0.12037888169288635, 0.11798325181007385, 0.11764150857925415, 0.11824190616607666, 0.11721492558717728, 0.11770716309547424, 0.11808187514543533, 0.1189703494310379, 0.11678076535463333, 0.11785589158535004, 0.11807991564273834, 0.11789395660161972, 0.11727764457464218, 0.11640273034572601, 0.11787011474370956, 0.11942294239997864, 0.11894045770168304, 0.11659213900566101, 0.11890736222267151, 0.11775434762239456, 0.11899463087320328, 0.11927934736013412, 0.11731628328561783, 0.1204690933227539, 0.11760374903678894, 0.11791173368692398, 0.11826109141111374, 0.1187073141336441, 0.11844169348478317, 0.11705958098173141, 0.11638645082712173, 0.1198529601097107, 0.11842696368694305, 0.1157938539981842, 0.11549592763185501, 0.11849827319383621, 0.11626315116882324, 0.11635168641805649], "accuracy": [0.7998912930488586, 0.803804337978363, 0.8788043260574341, 0.9333695769309998, 0.9477173686027527, 0.9532608985900879, 0.9555434584617615, 0.9579347968101501, 0.9584782719612122, 0.9582608938217163, 0.9584782719612122, 0.9609782695770264, 0.9596739411354065, 0.9591304063796997, 0.9594565033912659, 0.9598913192749023, 0.960326075553894, 0.959782600402832, 0.9577174186706543, 0.9621739387512207, 0.9602174162864685, 0.9607608914375305, 0.9622825980186462, 0.9617391228675842, 0.9609782695770264, 0.9604347944259644, 0.9609782695770264, 0.9618478417396545, 0.9614130258560181, 0.9615217447280884, 0.9627174139022827, 0.9619565010070801, 0.9613043665885925, 0.9615217447280884, 0.9614130258560181, 0.9626086950302124, 0.9630434513092041, 0.9602174162864685, 0.9622825980186462, 0.9604347944259644, 0.9619565010070801, 0.9624999761581421, 0.9598913192749023, 0.9621739387512207, 0.9604347944259644, 0.9621739387512207, 0.9618478417396545, 0.960326075553894, 0.9598913192749023, 0.9623913168907166, 0.9619565010070801, 0.9626086950302124, 0.9619565010070801, 0.9616304636001587, 0.9626086950302124, 0.9620652198791504, 0.9624999761581421, 0.9621739387512207, 0.9621739387512207, 0.9610869288444519, 0.9619565010070801, 0.9622825980186462, 0.9619565010070801, 0.9628260731697083, 0.9636956453323364, 0.9628260731697083, 0.9621739387512207, 0.9624999761581421, 0.9609782695770264, 0.9620652198791504, 0.9628260731697083, 0.9629347920417786, 0.9607608914375305, 0.9636956453323364, 0.9624999761581421, 0.9628260731697083, 0.9621739387512207, 0.9610869288444519, 0.9627174139022827, 0.9632608890533447, 0.9610869288444519, 0.9634782671928406, 0.9616304636001587, 0.9619565010070801, 0.9624999761581421, 0.95923912525177, 0.9627174139022827, 0.9620652198791504, 0.9609782695770264, 0.9615217447280884, 0.9606521725654602, 0.9622825980186462, 0.9621739387512207, 0.9611956477165222, 0.9620652198791504, 0.9634782671928406, 0.9623913168907166, 0.9609782695770264, 0.9617391228675842, 0.9634782671928406], "val_loss": [0.4566011428833008, 0.3540738523006439, 0.24998995661735535, 0.19461748003959656, 0.17016448080539703, 0.17411530017852783, 0.1682288646697998, 0.1433972269296646, 0.14290064573287964, 0.13816732168197632, 0.13944439589977264, 0.1417025774717331, 0.1423593908548355, 0.13531164824962616, 0.13424241542816162, 0.14317889511585236, 0.13657836616039276, 0.13350270688533783, 0.13307198882102966, 0.1389634907245636, 0.14112262427806854, 0.13182684779167175, 0.13197211921215057, 0.13194018602371216, 0.14881804585456848, 0.1326846331357956, 0.13402383029460907, 0.1327662616968155, 0.14374440908432007, 0.143506720662117, 0.13300606608390808, 0.13405504822731018, 0.13427679240703583, 0.1317528933286667, 0.14465902745723724, 0.1318105161190033, 0.13540460169315338, 0.13104458153247833, 0.1326427310705185, 0.14047574996948242, 0.13300083577632904, 0.14325687289237976, 0.13250106573104858, 0.13271956145763397, 0.1394822895526886, 0.13184908032417297, 0.13134613633155823, 0.1337442547082901, 0.13605628907680511, 0.13222023844718933, 0.1307726949453354, 0.1315876543521881, 0.13040317595005035, 0.14152881503105164, 0.13120801746845245, 0.13296721875667572, 0.132241889834404, 0.1375514715909958, 0.1416810005903244, 0.13099122047424316, 0.14132022857666016, 0.13185381889343262, 0.1306569129228592, 0.13171496987342834, 0.13776500523090363, 0.1328197866678238, 0.12965714931488037, 0.13229794800281525, 0.1322088986635208, 0.13540029525756836, 0.13360992074012756, 0.13142789900302887, 0.15121781826019287, 0.13918130099773407, 0.13224434852600098, 0.13343223929405212, 0.1310979127883911, 0.13352526724338531, 0.1345858871936798, 0.13046307861804962, 0.13216392695903778, 0.1310102343559265, 0.13695017993450165, 0.1333966702222824, 0.1306513249874115, 0.13922454416751862, 0.13149665296077728, 0.14795683324337006, 0.12907461822032928, 0.12886303663253784, 0.13044624030590057, 0.12912127375602722, 0.14570562541484833, 0.13625302910804749, 0.12793438136577606, 0.1319403499364853, 0.13599811494350433, 0.13496771454811096, 0.13238383829593658, 0.13235929608345032],