{"loss": [0.4864826798439026, 0.36316177248954773, 0.2304118275642395, 0.1744839996099472, 0.15261895954608917, 0.14079849421977997, 0.13639295101165771, 0.13334931433200836, 0.1331736296415329, 0.1287439912557602, 0.12815076112747192, 0.12734733521938324, 0.12583693861961365, 0.12509989738464355, 0.12523165345191956, 0.12471987307071686, 0.12362056225538254, 0.12413130700588226, 0.12173473834991455, 0.12343917042016983, 0.12484992295503616, 0.12424836307764053, 0.12116619944572449, 0.1227414608001709, 0.12115465104579926, 0.12336231768131256, 0.12450556457042694, 0.1215873509645462, 0.12107830494642258, 0.12157956510782242, 0.12103669345378876, 0.12268638610839844, 0.12059888988733292, 0.11998142302036285, 0.12378435581922531, 0.12444048374891281, 0.11921430379152298, 0.12141639739274979, 0.12103589624166489, 0.12232471257448196, 0.11850517988204956, 0.12003272026777267, 0.12072891741991043, 0.11927969008684158, 0.11971434205770493, 0.12047585844993591, 0.11887810379266739, 0.12158017605543137, 0.12150580435991287, 0.1209830492734909, 0.11855573207139969, 0.1194739043712616, 0.11868906021118164, 0.11889060586690903, 0.11792360991239548, 0.11862652003765106, 0.11990903317928314, 0.11832164973020554, 0.11951110512018204, 0.1185978502035141, 0.11904667317867279, 0.11693534255027771, 0.1169191300868988, 0.12074434012174606, 0.11803140491247177, 0.11859587579965591, 0.12063613533973694, 0.11690767854452133, 0.11861773580312729, 0.11832215636968613, 0.11878097057342529, 0.11728343367576599, 0.11700252443552017, 0.11828114092350006, 0.11772184818983078, 0.1188277155160904, 0.11779441684484482, 0.11627496033906937, 0.11956217885017395, 0.11638268828392029, 0.11574797332286835, 0.11781035363674164, 0.1176488846540451, 0.11623294651508331, 0.11630373448133469, 0.11476709693670273, 0.11697403341531754, 0.11802924424409866, 0.1189102828502655, 0.11925879120826721, 0.11553017050027847, 0.11850670725107193, 0.11767749488353729, 0.1157037615776062, 0.11533630639314651, 0.11496994644403458, 0.11893247067928314, 0.1140889823436737, 0.11592651158571243, 0.11498991400003433], "accuracy": [0.7969565391540527, 0.824999988079071, 0.9247826337814331, 0.9465217590332031, 0.9541304111480713, 0.9560869336128235, 0.957608699798584, 0.9574999809265137, 0.9564130306243896, 0.9583695530891418, 0.9585869312286377, 0.95923912525177, 0.9609782695770264, 0.9596739411354065, 0.9611956477165222, 0.960326075553894, 0.9613043665885925, 0.9602174162864685, 0.9611956477165222, 0.9594565033912659, 0.9601086974143982, 0.9601086974143982, 0.9617391228675842, 0.960326075553894, 0.9626086950302124, 0.9599999785423279, 0.9604347944259644, 0.9614130258560181, 0.9614130258560181, 0.9618478417396545, 0.9622825980186462, 0.9601086974143982, 0.9620652198791504, 0.9618478417396545, 0.9609782695770264, 0.9594565033912659, 0.9614130258560181, 0.9623913168907166, 0.9610869288444519, 0.9605434536933899, 0.9631521701812744, 0.9613043665885925, 0.9602174162864685, 0.9623913168907166, 0.9611956477165222, 0.9621739387512207, 0.9629347920417786, 0.95923912525177, 0.9605434536933899, 0.9613043665885925, 0.9615217447280884, 0.9607608914375305, 0.9628260731697083, 0.960869550704956, 0.9618478417396545, 0.9630434513092041, 0.9607608914375305, 0.9617391228675842, 0.9605434536933899, 0.9610869288444519, 0.9609782695770264, 0.9636956453323364, 0.9622825980186462, 0.9611956477165222, 0.9630434513092041, 0.9614130258560181, 0.9607608914375305, 0.9635869860649109, 0.9629347920417786, 0.9633695483207703, 0.9609782695770264, 0.9620652198791504, 0.9620652198791504, 0.9617391228675842, 0.9622825980186462, 0.9596739411354065, 0.9623913168907166, 0.9623913168907166, 0.960326075553894, 0.9615217447280884, 0.9622825980186462, 0.9629347920417786, 0.9628260731697083, 0.9620652198791504, 0.9626086950302124, 0.9634782671928406, 0.9619565010070801, 0.9616304636001587, 0.9615217447280884, 0.9602174162864685, 0.9636956453323364, 0.9624999761581421, 0.9626086950302124, 0.9627174139022827, 0.9636956453323364, 0.9636956453323364, 0.9630434513092041, 0.9630434513092041, 0.9624999761581421, 0.9630434513092041], "val_loss": [0.44227561354637146, 0.29689550399780273, 0.20036648213863373, 0.16995428502559662, 0.1516120284795761, 0.1547982543706894, 0.14009830355644226, 0.1391858458518982, 0.13815462589263916, 0.1435064971446991, 0.16059930622577667, 0.1449398547410965, 0.1362057477235794, 0.13656720519065857, 0.15168972313404083, 0.13280291855335236, 0.13322719931602478, 0.13720503449440002, 0.14530755579471588, 0.13533952832221985, 0.1347464621067047, 0.1413925290107727, 0.13969939947128296, 0.13208551704883575, 0.1405944973230362, 0.1582099348306656, 0.14110830426216125, 0.1318618804216385, 0.13185162842273712, 0.13580206036567688, 0.13144567608833313, 0.135589137673378, 0.13129401206970215, 0.1351560801267624, 0.13044512271881104, 0.13358913362026215, 0.14149565994739532, 0.13406246900558472, 0.13220012187957764, 0.1338985562324524, 0.13055266439914703, 0.13578198850154877, 0.12972962856292725, 0.1322682499885559, 0.13291025161743164, 0.1309288889169693, 0.13252784311771393, 0.13271591067314148, 0.13237741589546204, 0.1307411640882492, 0.1317143589258194, 0.13179227709770203, 0.13072845339775085, 0.13406680524349213, 0.13043344020843506, 0.13152001798152924, 0.13484546542167664, 0.13021011650562286, 0.13128678500652313, 0.13652989268302917, 0.1308329701423645, 0.1310100257396698, 0.13712653517723083, 0.1298414170742035, 0.13372917473316193, 0.13892561197280884, 0.13393661379814148, 0.13561122119426727, 0.14181998372077942, 0.12963229417800903, 0.14475616812705994, 0.12984280288219452, 0.13832001388072968, 0.13160373270511627, 0.128619983792305, 0.12908847630023956, 0.12845078110694885, 0.12896259129047394, 0.1311885118484497, 0.12877386808395386, 0.13515770435333252, 0.1282736212015152, 0.13138633966445923, 0.1312168389558792, 0.128389373421669, 0.12756220996379852, 0.12797118723392487, 0.12998934090137482, 0.1303940713405609, 0.13006268441677094, 0.13326765596866608, 0.13078588247299194, 0.12784796953201294, 0.1303303837776184, 0.12895819544792175, 0.1397552341222763, 0.12955284118652344, 0.1315794438123703, 0.13110116124153137, 0.12784747779369354],