{"loss": [0.4790041744709015, 0.3719288110733032, 0.2546972930431366, 0.19123104214668274, 0.163345068693161, 0.14782863855361938, 0.14020411670207977, 0.1355477124452591, 0.13219361007213593, 0.13018228113651276, 0.12871669232845306, 0.1282004565000534, 0.12506668269634247, 0.12728826701641083, 0.12467951327562332, 0.12406394630670547, 0.12362425774335861, 0.12241970002651215, 0.12275651842355728, 0.12112798541784286, 0.12343764305114746, 0.12259645015001297, 0.12147118896245956, 0.12031718343496323, 0.12202287465333939, 0.12205350399017334, 0.12161464244127274, 0.11891957372426987, 0.11940386146306992, 0.12113587558269501, 0.1199035495519638, 0.12078817933797836, 0.11863696575164795, 0.1202596127986908, 0.11903698742389679, 0.12101907283067703, 0.11893466114997864, 0.11810970306396484, 0.1191931664943695, 0.11983220279216766, 0.11850125342607498, 0.11759582161903381, 0.11878540366888046, 0.11827010661363602, 0.11743153631687164, 0.11843828111886978, 0.11681841313838959, 0.11799243092536926, 0.11896584182977676, 0.11704301834106445, 0.11797429621219635, 0.11809993535280228, 0.1190895289182663, 0.11857511103153229, 0.11728255450725555, 0.11673874408006668, 0.11776590347290039, 0.11611735820770264, 0.11673102527856827, 0.11597831547260284, 0.11924505978822708, 0.11612328886985779, 0.11640497297048569, 0.11635053902864456, 0.11673376709222794, 0.11547867208719254, 0.1175597608089447, 0.11451569944620132, 0.11482220143079758, 0.11820535361766815, 0.11391561478376389, 0.11512132734060287, 0.11748944967985153, 0.11517347395420074, 0.11504921317100525, 0.1129014641046524, 0.11436410993337631, 0.11591923981904984, 0.11639551818370819, 0.11491034179925919, 0.11412937194108963, 0.11400721222162247, 0.1147289127111435, 0.11605819314718246, 0.11362429708242416, 0.1132587343454361, 0.11310368031263351, 0.11407460272312164, 0.11435534805059433, 0.1142500638961792, 0.11379428952932358, 0.11290620267391205, 0.11317875236272812, 0.11265222728252411, 0.1136324554681778, 0.11271830648183823, 0.11358727514743805, 0.11351699382066727, 0.11529814451932907, 0.11392492055892944], "accuracy": [0.7997826337814331, 0.822282612323761, 0.9109782576560974, 0.9429348111152649, 0.9493478536605835, 0.9546738862991333, 0.9571738839149475, 0.9578260779380798, 0.9583695530891418, 0.958695650100708, 0.9585869312286377, 0.9584782719612122, 0.9605434536933899, 0.9596739411354065, 0.9599999785423279, 0.9604347944259644, 0.9594565033912659, 0.9614130258560181, 0.9619565010070801, 0.9614130258560181, 0.9596739411354065, 0.9604347944259644, 0.9601086974143982, 0.9606521725654602, 0.9602174162864685, 0.9604347944259644, 0.960326075553894, 0.9617391228675842, 0.9619565010070801, 0.9605434536933899, 0.960869550704956, 0.9602174162864685, 0.9628260731697083, 0.9605434536933899, 0.9623913168907166, 0.9620652198791504, 0.9620652198791504, 0.9626086950302124, 0.9616304636001587, 0.9610869288444519, 0.9613043665885925, 0.9623913168907166, 0.9605434536933899, 0.9623913168907166, 0.9632608890533447, 0.9630434513092041, 0.9629347920417786, 0.9632608890533447, 0.9626086950302124, 0.9634782671928406, 0.9627174139022827, 0.9613043665885925, 0.9632608890533447, 0.9601086974143982, 0.9626086950302124, 0.9613043665885925, 0.9605434536933899, 0.9624999761581421, 0.9622825980186462, 0.9627174139022827, 0.9602174162864685, 0.9626086950302124, 0.9623913168907166, 0.9611956477165222, 0.9624999761581421, 0.9622825980186462, 0.960326075553894, 0.9624999761581421, 0.9630434513092041, 0.9639130234718323, 0.9636956453323364, 0.9622825980186462, 0.9620652198791504, 0.9615217447280884, 0.9624999761581421, 0.9635869860649109, 0.9626086950302124, 0.9627174139022827, 0.9619565010070801, 0.9634782671928406, 0.9645652174949646, 0.9640217423439026, 0.9639130234718323, 0.9631521701812744, 0.9631521701812744, 0.9639130234718323, 0.9629347920417786, 0.9631521701812744, 0.9638043642044067, 0.9628260731697083, 0.9627174139022827, 0.9642391204833984, 0.9639130234718323, 0.9631521701812744, 0.9635869860649109, 0.9632608890533447, 0.9629347920417786, 0.9628260731697083, 0.9621739387512207, 0.9629347920417786], "val_loss": [0.43896248936653137, 0.30488547682762146, 0.21901637315750122, 0.18314898014068604, 0.16197822988033295, 0.14948369562625885, 0.14358684420585632, 0.1407560110092163, 0.14203961193561554, 0.13920433819293976, 0.13628758490085602, 0.13609236478805542, 0.13309039175510406, 0.13277612626552582, 0.13367551565170288, 0.1347125917673111, 0.13120539486408234, 0.13791300356388092, 0.13809731602668762, 0.13861678540706635, 0.13044853508472443, 0.13160943984985352, 0.13190220296382904, 0.13259904086589813, 0.1370317041873932, 0.13067281246185303, 0.13149811327457428, 0.14791756868362427, 0.1327582150697708, 0.1308448165655136, 0.1436164677143097, 0.1347135752439499, 0.1326627880334854, 0.13141053915023804, 0.13125798106193542, 0.13218146562576294, 0.12959024310112, 0.13073277473449707, 0.13095885515213013, 0.13241182267665863, 0.1299474686384201, 0.13290074467658997, 0.1285495012998581, 0.12890112400054932, 0.13227708637714386, 0.13083557784557343, 0.12926842272281647, 0.13608849048614502, 0.1288195252418518, 0.13335542380809784, 0.14760854840278625, 0.13034839928150177, 0.12881512939929962, 0.1324663758277893, 0.13388100266456604, 0.12995515763759613, 0.13006536662578583, 0.1343924105167389, 0.12953375279903412, 0.13047942519187927, 0.14746136963367462, 0.13574419915676117, 0.12984293699264526, 0.13412784039974213, 0.128890261054039, 0.13385343551635742, 0.12768377363681793, 0.12969088554382324, 0.14823506772518158, 0.128122478723526, 0.12881186604499817, 0.13605624437332153, 0.12810836732387543, 0.13553768396377563, 0.12978380918502808, 0.12901312112808228, 0.12661431729793549, 0.1284572333097458, 0.1437511444091797, 0.12788091599941254, 0.13434185087680817, 0.1266477257013321, 0.13751265406608582, 0.13729171454906464, 0.12752600014209747, 0.12725789844989777, 0.1263243854045868, 0.1249716579914093, 0.13018105924129486, 0.12600672245025635, 0.12502993643283844, 0.1312447488307953, 0.12715557217597961, 0.13029059767723083, 0.12737609446048737, 0.12837077677249908, 0.12579235434532166, 0.1263761967420578, 0.13179133832454681, 0.13035400211811066],