{"loss": [0.4892173707485199, 0.3877798318862915, 0.26322677731513977, 0.19215203821659088, 0.16221143305301666, 0.14830589294433594, 0.1403094381093979, 0.1370178461074829, 0.13142512738704681, 0.12912139296531677, 0.126989483833313, 0.12634959816932678, 0.1299603283405304, 0.1268794983625412, 0.12393059581518173, 0.12249429523944855, 0.12380582094192505, 0.1259799599647522, 0.12204296886920929, 0.12384437769651413, 0.1230834573507309, 0.12152408808469772, 0.12297944724559784, 0.12184327840805054, 0.12211667001247406, 0.12023454904556274, 0.1210496723651886, 0.1204267293214798, 0.12084617465734482, 0.12013018876314163, 0.12004763633012772, 0.12146488577127457, 0.12018740177154541, 0.12214529514312744, 0.11945861577987671, 0.11964625120162964, 0.12295129150152206, 0.12070900201797485, 0.12069457769393921, 0.12205393612384796, 0.11926551908254623, 0.11926595866680145, 0.1213066428899765, 0.1192491203546524, 0.11938736587762833, 0.11810433864593506, 0.11942242085933685, 0.11827096343040466, 0.11950980871915817, 0.11863937973976135, 0.12132234126329422, 0.11828094720840454, 0.11908555030822754, 0.11888876557350159, 0.11908817291259766, 0.11826016753911972, 0.11926668882369995, 0.11923535913228989, 0.11810766905546188, 0.11919981241226196, 0.11724328249692917, 0.11682626605033875, 0.11920353025197983, 0.11749457567930222, 0.11854403465986252, 0.11769875884056091, 0.11823146790266037, 0.11830855906009674, 0.11595273017883301, 0.11868972331285477, 0.11882107704877853, 0.11939015239477158, 0.11689970642328262, 0.11792661249637604, 0.12022846937179565, 0.11563500761985779, 0.11713352054357529, 0.11860419064760208, 0.11822187155485153, 0.12010850012302399, 0.11647152900695801, 0.11602979898452759, 0.11872567981481552, 0.11934233456850052, 0.1162557303905487, 0.1175619512796402, 0.11842551827430725, 0.11764343082904816, 0.11944897472858429, 0.11608365178108215, 0.11553506553173065, 0.11601586639881134, 0.11782364547252655, 0.11560600250959396, 0.11600150913000107, 0.11572691798210144, 0.11605045199394226, 0.11667931824922562, 0.11620735377073288, 0.11789146065711975], "accuracy": [0.7950000166893005, 0.811956524848938, 0.904891312122345, 0.9402173757553101, 0.9493478536605835, 0.9534782767295837, 0.9560869336128235, 0.9563043713569641, 0.957608699798584, 0.958695650100708, 0.9599999785423279, 0.9585869312286377, 0.9574999809265137, 0.9601086974143982, 0.9609782695770264, 0.9604347944259644, 0.9610869288444519, 0.9596739411354065, 0.9607608914375305, 0.9606521725654602, 0.9611956477165222, 0.9607608914375305, 0.9596739411354065, 0.9606521725654602, 0.9601086974143982, 0.960869550704956, 0.9605434536933899, 0.9611956477165222, 0.9607608914375305, 0.9620652198791504, 0.9619565010070801, 0.9611956477165222, 0.9606521725654602, 0.9599999785423279, 0.9621739387512207, 0.9610869288444519, 0.9606521725654602, 0.9616304636001587, 0.9621739387512207, 0.9602174162864685, 0.9610869288444519, 0.9623913168907166, 0.9624999761581421, 0.9611956477165222, 0.9614130258560181, 0.9615217447280884, 0.9606521725654602, 0.9626086950302124, 0.9606521725654602, 0.9621739387512207, 0.9613043665885925, 0.9620652198791504, 0.9619565010070801, 0.9609782695770264, 0.9629347920417786, 0.9623913168907166, 0.9623913168907166, 0.9621739387512207, 0.9621739387512207, 0.9605434536933899, 0.9619565010070801, 0.9623913168907166, 0.9617391228675842, 0.9615217447280884, 0.9630434513092041, 0.9621739387512207, 0.9610869288444519, 0.9622825980186462, 0.9635869860649109, 0.9624999761581421, 0.9607608914375305, 0.9621739387512207, 0.9609782695770264, 0.9618478417396545, 0.9619565010070801, 0.9614130258560181, 0.9632608890533447, 0.9623913168907166, 0.9622825980186462, 0.9632608890533447, 0.9630434513092041, 0.9628260731697083, 0.9623913168907166, 0.9613043665885925, 0.9624999761581421, 0.9609782695770264, 0.960326075553894, 0.9628260731697083, 0.9611956477165222, 0.9619565010070801, 0.9628260731697083, 0.9623913168907166, 0.9629347920417786, 0.9638043642044067, 0.9616304636001587, 0.9644564986228943, 0.9620652198791504, 0.9618478417396545, 0.9622825980186462, 0.9623913168907166], "val_loss": [0.44957423210144043, 0.33900687098503113, 0.23335590958595276, 0.19435492157936096, 0.15979646146297455, 0.1543206423521042, 0.15017229318618774, 0.1600271761417389, 0.13774359226226807, 0.1400032490491867, 0.13528409600257874, 0.13410115242004395, 0.1398879736661911, 0.13387097418308258, 0.1348361223936081, 0.13571317493915558, 0.14621718227863312, 0.13586638867855072, 0.13429372012615204, 0.17917825281620026, 0.1435103714466095, 0.13364842534065247, 0.13133104145526886, 0.1316978633403778, 0.13547727465629578, 0.1342446208000183, 0.13137245178222656, 0.1330815553665161, 0.1369328498840332, 0.13112832605838776, 0.13772797584533691, 0.1532980054616928, 0.13720044493675232, 0.13526508212089539, 0.13111169636249542, 0.14003397524356842, 0.13922011852264404, 0.13791194558143616, 0.14162124693393707, 0.13518451154232025, 0.13490857183933258, 0.13591238856315613, 0.13475659489631653, 0.1399255394935608, 0.13692553341388702, 0.13228851556777954, 0.14583604037761688, 0.1366436630487442, 0.13123953342437744, 0.13660891354084015, 0.13399159908294678, 0.13165241479873657, 0.140462264418602, 0.14755477011203766, 0.1323837786912918, 0.14376144111156464, 0.13115642964839935, 0.13177049160003662, 0.1308375746011734, 0.13045714795589447, 0.13735368847846985, 0.13086317479610443, 0.13170216977596283, 0.13189417123794556, 0.13156762719154358, 0.13702839612960815, 0.13113513588905334, 0.1307501196861267, 0.13252249360084534, 0.13351498544216156, 0.13049040734767914, 0.13894537091255188, 0.14019961655139923, 0.1380464732646942, 0.1465526670217514, 0.13178904354572296, 0.13261184096336365, 0.13458502292633057, 0.13015146553516388, 0.13048896193504333, 0.13077956438064575, 0.13528330624103546, 0.13086673617362976, 0.12992045283317566, 0.1332106590270996, 0.13651353120803833, 0.14588911831378937, 0.13447242975234985, 0.13521316647529602, 0.13816043734550476, 0.13720519840717316, 0.13839727640151978, 0.13163846731185913, 0.13597241044044495, 0.13179804384708405, 0.12912628054618835, 0.13576051592826843, 0.13510558009147644, 0.13125908374786377, 0.14885082840919495],