{"loss": [0.48488834500312805, 0.3758845329284668, 0.2446230947971344, 0.18063202500343323, 0.1559746265411377, 0.14458176493644714, 0.13784858584403992, 0.13323581218719482, 0.12953883409500122, 0.12973444163799286, 0.12691928446292877, 0.1253635585308075, 0.12446167320013046, 0.12472251802682877, 0.12468569725751877, 0.12372230738401413, 0.12186457216739655, 0.12457384169101715, 0.12263461202383041, 0.12183194607496262, 0.12194091826677322, 0.12213405221700668, 0.120622918009758, 0.12394075095653534, 0.1237846314907074, 0.12086169421672821, 0.12045630067586899, 0.12312071770429611, 0.1201673299074173, 0.12210455536842346, 0.12003330141305923, 0.11953093111515045, 0.12029648572206497, 0.12031104415655136, 0.12075598537921906, 0.12036535143852234, 0.11884280294179916, 0.120348259806633, 0.11896912753582001, 0.12058556824922562, 0.12254282087087631, 0.1219702810049057, 0.11892610043287277, 0.11867934465408325, 0.11936631053686142, 0.12132929265499115, 0.11702791601419449, 0.11950159817934036, 0.11770541965961456, 0.11898399144411087, 0.1203586608171463, 0.11847605556249619, 0.12015613168478012, 0.1182791143655777, 0.1177101880311966, 0.11840233951807022, 0.11709892004728317, 0.11773400008678436, 0.11780653148889542, 0.1166200041770935, 0.11833853274583817, 0.11820243299007416, 0.11865194886922836, 0.11734877526760101, 0.11576823145151138, 0.11603306978940964, 0.11865149438381195, 0.11686667799949646, 0.11592164635658264, 0.11815210431814194, 0.11545392870903015, 0.1171972006559372, 0.11807374656200409, 0.1169956624507904, 0.1172691136598587, 0.11519961059093475, 0.11592083424329758, 0.11750433593988419, 0.11640836298465729, 0.11629249900579453, 0.11663494259119034, 0.11619921028614044, 0.11786151677370071, 0.11758361756801605, 0.11568574607372284, 0.11892452090978622, 0.11586688458919525, 0.11475205421447754, 0.11641933023929596, 0.11678764224052429, 0.11648564785718918, 0.11509878188371658, 0.1160113513469696, 0.11709435284137726, 0.11717312783002853, 0.1162809431552887, 0.11545435339212418, 0.11726058274507523, 0.11465515196323395, 0.11487928032875061], "accuracy": [0.7897825837135315, 0.822826087474823, 0.91576087474823, 0.9455434679985046, 0.9527173638343811, 0.9553260803222656, 0.9557608962059021, 0.9577174186706543, 0.9590217471122742, 0.958695650100708, 0.958695650100708, 0.959782600402832, 0.9602174162864685, 0.9606521725654602, 0.9596739411354065, 0.9604347944259644, 0.9619565010070801, 0.9601086974143982, 0.9596739411354065, 0.9623913168907166, 0.9599999785423279, 0.9609782695770264, 0.9615217447280884, 0.9609782695770264, 0.9595652222633362, 0.9614130258560181, 0.9609782695770264, 0.9614130258560181, 0.9611956477165222, 0.960869550704956, 0.9611956477165222, 0.9611956477165222, 0.9620652198791504, 0.9628260731697083, 0.9622825980186462, 0.9609782695770264, 0.9646739363670349, 0.9607608914375305, 0.9623913168907166, 0.9615217447280884, 0.9595652222633362, 0.9599999785423279, 0.9614130258560181, 0.9628260731697083, 0.9621739387512207, 0.9598913192749023, 0.9636956453323364, 0.9613043665885925, 0.9628260731697083, 0.9611956477165222, 0.9591304063796997, 0.9630434513092041, 0.960869550704956, 0.9621739387512207, 0.9622825980186462, 0.9624999761581421, 0.9629347920417786, 0.9632608890533447, 0.9620652198791504, 0.9624999761581421, 0.9609782695770264, 0.9629347920417786, 0.9607608914375305, 0.9624999761581421, 0.9631521701812744, 0.9629347920417786, 0.9632608890533447, 0.9631521701812744, 0.9640217423439026, 0.9616304636001587, 0.9624999761581421, 0.9615217447280884, 0.9623913168907166, 0.9633695483207703, 0.9632608890533447, 0.9619565010070801, 0.9632608890533447, 0.9620652198791504, 0.9630434513092041, 0.9626086950302124, 0.9622825980186462, 0.9639130234718323, 0.9630434513092041, 0.9629347920417786, 0.9623913168907166, 0.9613043665885925, 0.9624999761581421, 0.9634782671928406, 0.9618478417396545, 0.9633695483207703, 0.9622825980186462, 0.9629347920417786, 0.9622825980186462, 0.9617391228675842, 0.9617391228675842, 0.9633695483207703, 0.9627174139022827, 0.9626086950302124, 0.9618478417396545, 0.9629347920417786], "val_loss": [0.44091853499412537, 0.3097520172595978, 0.21817192435264587, 0.17112478613853455, 0.1566055715084076, 0.14646315574645996, 0.14151909947395325, 0.13976824283599854, 0.13722866773605347, 0.1550089418888092, 0.13519224524497986, 0.13456207513809204, 0.13340838253498077, 0.14151886105537415, 0.1325991153717041, 0.14508086442947388, 0.1356397122144699, 0.14570753276348114, 0.13777346909046173, 0.13310086727142334, 0.14851756393909454, 0.1325642317533493, 0.13246431946754456, 0.13771407306194305, 0.13262657821178436, 0.13434399664402008, 0.1418565809726715, 0.13140253722667694, 0.13726918399333954, 0.1310407966375351, 0.1309826523065567, 0.13686250150203705, 0.1331889033317566, 0.13057421147823334, 0.13102948665618896, 0.1349133998155594, 0.14373712241649628, 0.13192176818847656, 0.13092778623104095, 0.13232319056987762, 0.13119536638259888, 0.13095609843730927, 0.13146016001701355, 0.1338140219449997, 0.14179354906082153, 0.1294991672039032, 0.13066692650318146, 0.13335274159908295, 0.13012298941612244, 0.1387551873922348, 0.13609308004379272, 0.13004112243652344, 0.12967608869075775, 0.1308611035346985, 0.13155269622802734, 0.13385674357414246, 0.12936536967754364, 0.1332799345254898, 0.1297326385974884, 0.12885497510433197, 0.12995196878910065, 0.13094119727611542, 0.13072305917739868, 0.13921642303466797, 0.13084977865219116, 0.13792599737644196, 0.13173891603946686, 0.13347813487052917, 0.13204996287822723, 0.12977862358093262, 0.1411743462085724, 0.14559215307235718, 0.12832613289356232, 0.1283329576253891, 0.1326063871383667, 0.1288672238588333, 0.12862809002399445, 0.1298322081565857, 0.12800246477127075, 0.13158950209617615, 0.13104724884033203, 0.1304793357849121, 0.1311434954404831, 0.1330759972333908, 0.1284225881099701, 0.13674454391002655, 0.12669198215007782, 0.1420653760433197, 0.12701019644737244, 0.13554778695106506, 0.12810830771923065, 0.12821850180625916, 0.12686587870121002, 0.12655825912952423, 0.13337115943431854, 0.13082601130008698, 0.1308978796005249, 0.14115069806575775, 0.1271832138299942, 0.13328206539154053],