{"loss": [0.4873430132865906, 0.38690611720085144, 0.2651701867580414, 0.19703872501850128, 0.1666669100522995, 0.15029387176036835, 0.14102774858474731, 0.1365315318107605, 0.1323813647031784, 0.12962588667869568, 0.12808111310005188, 0.12722185254096985, 0.12654706835746765, 0.12478490173816681, 0.12275634706020355, 0.12424787133932114, 0.12376636266708374, 0.1223842203617096, 0.12399745732545853, 0.12202135473489761, 0.12305234372615814, 0.12270400673151016, 0.12206237763166428, 0.12108882516622543, 0.12006611377000809, 0.12178920209407806, 0.12151510268449783, 0.12071885168552399, 0.12027166038751602, 0.12086469680070877, 0.12103130668401718, 0.12010765075683594, 0.12086048722267151, 0.12183255702257156, 0.12000038474798203, 0.12033120542764664, 0.11890214681625366, 0.11874410510063171, 0.11854629218578339, 0.11791069060564041, 0.11929207295179367, 0.11821974813938141, 0.1197388768196106, 0.11795394122600555, 0.11820640414953232, 0.11863581091165543, 0.11817529797554016, 0.12093257904052734, 0.11786598712205887, 0.11769069731235504, 0.11780115216970444, 0.11992239207029343, 0.1183042973279953, 0.11844682693481445, 0.11705438792705536, 0.11660810559988022, 0.11721500754356384, 0.11915289610624313, 0.11722304672002792, 0.11656088382005692, 0.11775001883506775, 0.11658608913421631, 0.11707467585802078, 0.11578995734453201, 0.11674431711435318, 0.11579771339893341, 0.11667685955762863, 0.11723437905311584, 0.11813680827617645, 0.11716760694980621, 0.1171647161245346, 0.11567001044750214, 0.11748006939888, 0.11721658706665039, 0.11667432636022568, 0.1161603182554245, 0.1171121597290039, 0.11589626222848892, 0.11724027991294861, 0.11584390699863434, 0.11901018023490906, 0.11655159294605255, 0.11669592559337616, 0.11777062714099884, 0.11614722013473511, 0.11590193957090378, 0.1149834394454956, 0.11604879796504974, 0.11442188918590546, 0.11632145196199417, 0.116300567984581, 0.11483240872621536, 0.12118244916200638, 0.11645594239234924, 0.11464130878448486, 0.11555195599794388, 0.11375707387924194, 0.11358504742383957, 0.11531869322061539, 0.11714452505111694], "accuracy": [0.7976086735725403, 0.8148912787437439, 0.9016304612159729, 0.9377173781394958, 0.9480434656143188, 0.9531521797180176, 0.9571738839149475, 0.9561956524848938, 0.9577174186706543, 0.9583695530891418, 0.9584782719612122, 0.9594565033912659, 0.959782600402832, 0.960326075553894, 0.9605434536933899, 0.959782600402832, 0.9606521725654602, 0.9604347944259644, 0.959782600402832, 0.9599999785423279, 0.9589130282402039, 0.9599999785423279, 0.9604347944259644, 0.9611956477165222, 0.9614130258560181, 0.9604347944259644, 0.9607608914375305, 0.9617391228675842, 0.9610869288444519, 0.960869550704956, 0.9614130258560181, 0.9613043665885925, 0.9595652222633362, 0.9610869288444519, 0.9611956477165222, 0.9620652198791504, 0.9628260731697083, 0.9617391228675842, 0.9617391228675842, 0.960869550704956, 0.9616304636001587, 0.9621739387512207, 0.9616304636001587, 0.9623913168907166, 0.9611956477165222, 0.9609782695770264, 0.9611956477165222, 0.9613043665885925, 0.9615217447280884, 0.9617391228675842, 0.9630434513092041, 0.960326075553894, 0.960869550704956, 0.9631521701812744, 0.9618478417396545, 0.9629347920417786, 0.9614130258560181, 0.9607608914375305, 0.9609782695770264, 0.9622825980186462, 0.9621739387512207, 0.9624999761581421, 0.9621739387512207, 0.9629347920417786, 0.9624999761581421, 0.9619565010070801, 0.9617391228675842, 0.9617391228675842, 0.9621739387512207, 0.9626086950302124, 0.9624999761581421, 0.9624999761581421, 0.9618478417396545, 0.9621739387512207, 0.9619565010070801, 0.9613043665885925, 0.9627174139022827, 0.9601086974143982, 0.9633695483207703, 0.9618478417396545, 0.9606521725654602, 0.9627174139022827, 0.9619565010070801, 0.9622825980186462, 0.9628260731697083, 0.960869550704956, 0.9620652198791504, 0.9633695483207703, 0.9624999761581421, 0.9630434513092041, 0.9620652198791504, 0.9631521701812744, 0.95923912525177, 0.9627174139022827, 0.9639130234718323, 0.9618478417396545, 0.9634782671928406, 0.9619565010070801, 0.9626086950302124, 0.9616304636001587], "val_loss": [0.44982361793518066, 0.33195191621780396, 0.22821228206157684, 0.19936688244342804, 0.1758037656545639, 0.15105508267879486, 0.1446450650691986, 0.14251787960529327, 0.1404094398021698, 0.1361933946609497, 0.13506418466567993, 0.1472737342119217, 0.1388070285320282, 0.1354551613330841, 0.13476933538913727, 0.13431231677532196, 0.14290851354599, 0.14319314062595367, 0.13392730057239532, 0.1345326155424118, 0.1318473517894745, 0.13232457637786865, 0.14189332723617554, 0.13483309745788574, 0.13346633315086365, 0.13205768167972565, 0.13126930594444275, 0.13171757757663727, 0.13164721429347992, 0.13115660846233368, 0.13417650759220123, 0.13086096942424774, 0.14911679923534393, 0.13136610388755798, 0.13414016366004944, 0.1326162964105606, 0.1310565024614334, 0.13092993199825287, 0.13478267192840576, 0.13351348042488098, 0.1317426562309265, 0.13557776808738708, 0.1305479109287262, 0.1329907774925232, 0.13540752232074738, 0.130694180727005, 0.1368701010942459, 0.13197188079357147, 0.1317913979291916, 0.13167862594127655, 0.13146325945854187, 0.13254596292972565, 0.13152743875980377, 0.14016620814800262, 0.1325334906578064, 0.13121497631072998, 0.16399897634983063, 0.13886114954948425, 0.13214841485023499, 0.13075555860996246, 0.13106083869934082, 0.14156441390514374, 0.1782807558774948, 0.13344775140285492, 0.14364227652549744, 0.13048379123210907, 0.1328703910112381, 0.13000810146331787, 0.13049852848052979, 0.1343594789505005, 0.1296885460615158, 0.13025042414665222, 0.12982670962810516, 0.1291595697402954, 0.13126739859580994, 0.1328662484884262, 0.15286265313625336, 0.12872087955474854, 0.13479381799697876, 0.1343138962984085, 0.13366660475730896, 0.13300183415412903, 0.12997765839099884, 0.13059476017951965, 0.13781771063804626, 0.12946708500385284, 0.13238589465618134, 0.13067938387393951, 0.13225381076335907, 0.12857966125011444, 0.13592655956745148, 0.14125604927539825, 0.1337881088256836, 0.12833252549171448, 0.13802480697631836, 0.1306440383195877, 0.13546611368656158, 0.13080039620399475, 0.1296144425868988, 0.12929974496364594],