{"loss": [0.49473875761032104, 0.4293290674686432, 0.32345807552337646, 0.23517902195453644, 0.18893902003765106, 0.1643628627061844, 0.15094250440597534, 0.1431281715631485, 0.1378394365310669, 0.13347545266151428, 0.12958744168281555, 0.13093052804470062, 0.12746483087539673, 0.12752029299736023, 0.1271599531173706, 0.12497395277023315, 0.12546685338020325, 0.12394874542951584, 0.12412864714860916, 0.12589287757873535, 0.12187787890434265, 0.1219448447227478, 0.12229013442993164, 0.12203128635883331, 0.12360376864671707, 0.12431152164936066, 0.12185269594192505, 0.12197906523942947, 0.12066493928432465, 0.12118377536535263, 0.12205304950475693, 0.12157710641622543, 0.1198006272315979, 0.12013419717550278, 0.12213639169931412, 0.12012381106615067, 0.1187596321105957, 0.11961942166090012, 0.11907943338155746, 0.11930075287818909, 0.1201881468296051, 0.11841180920600891, 0.11889313906431198, 0.11877080798149109, 0.11939304322004318, 0.11903150379657745, 0.11888698488473892, 0.11834769695997238, 0.11913815885782242, 0.11774296313524246, 0.11790979653596878, 0.11788683384656906, 0.11741809546947479, 0.11871258169412613, 0.11747325211763382, 0.118736132979393, 0.11918791383504868, 0.11791086941957474, 0.1183612197637558, 0.11834650486707687, 0.1183260828256607, 0.11646579951047897, 0.11684850603342056, 0.11848785728216171, 0.11709190160036087, 0.11707989126443863, 0.1166144460439682, 0.11707166582345963, 0.11794401705265045, 0.11741770803928375, 0.11645995080471039, 0.118507981300354, 0.11586372554302216, 0.11681993305683136, 0.11870726197957993, 0.11768238991498947, 0.11888094991445541, 0.11507714539766312, 0.11542042344808578, 0.11622973531484604, 0.11594567447900772, 0.11617119610309601, 0.11764434725046158, 0.11617887765169144, 0.11515232175588608, 0.11668253690004349, 0.11600524932146072, 0.11628877371549606, 0.11721465736627579, 0.11556262522935867, 0.11485351622104645, 0.11612152308225632, 0.11480294913053513, 0.11777735501527786, 0.1167374849319458, 0.1138828694820404, 0.11387092620134354, 0.11407470703125, 0.11526405811309814, 0.11570629477500916], "accuracy": [0.7996739149093628, 0.800543487071991, 0.8567391037940979, 0.9226086735725403, 0.9431521892547607, 0.9501087069511414, 0.9546738862991333, 0.9548913240432739, 0.957065224647522, 0.9589130282402039, 0.9585869312286377, 0.957608699798584, 0.9598913192749023, 0.9598913192749023, 0.9580434560775757, 0.9605434536933899, 0.9596739411354065, 0.9607608914375305, 0.9591304063796997, 0.9602174162864685, 0.9605434536933899, 0.9607608914375305, 0.9622825980186462, 0.959782600402832, 0.9604347944259644, 0.9605434536933899, 0.9616304636001587, 0.960869550704956, 0.9622825980186462, 0.9605434536933899, 0.9596739411354065, 0.9614130258560181, 0.9617391228675842, 0.9626086950302124, 0.9613043665885925, 0.9615217447280884, 0.9624999761581421, 0.9624999761581421, 0.9627174139022827, 0.9622825980186462, 0.9611956477165222, 0.9626086950302124, 0.9631521701812744, 0.9626086950302124, 0.9616304636001587, 0.9631521701812744, 0.9599999785423279, 0.9620652198791504, 0.9616304636001587, 0.9623913168907166, 0.9611956477165222, 0.9627174139022827, 0.9628260731697083, 0.9631521701812744, 0.9627174139022827, 0.9627174139022827, 0.9609782695770264, 0.9617391228675842, 0.9616304636001587, 0.9628260731697083, 0.9629347920417786, 0.9618478417396545, 0.9626086950302124, 0.9614130258560181, 0.9624999761581421, 0.9631521701812744, 0.9629347920417786, 0.9633695483207703, 0.9622825980186462, 0.9626086950302124, 0.9621739387512207, 0.9619565010070801, 0.9629347920417786, 0.9618478417396545, 0.9627174139022827, 0.9632608890533447, 0.9614130258560181, 0.9631521701812744, 0.9624999761581421, 0.9617391228675842, 0.9633695483207703, 0.9616304636001587, 0.9623913168907166, 0.9623913168907166, 0.9628260731697083, 0.9632608890533447, 0.9634782671928406, 0.9621739387512207, 0.9627174139022827, 0.9634782671928406, 0.9631521701812744, 0.9621739387512207, 0.9624999761581421, 0.9609782695770264, 0.9624999761581421, 0.9630434513092041, 0.9647825956344604, 0.9631521701812744, 0.9636956453323364, 0.9627174139022827], "val_loss": [0.46902239322662354, 0.38492530584335327, 0.2769943177700043, 0.2153356373310089, 0.18123553693294525, 0.16290758550167084, 0.16208648681640625, 0.147646963596344, 0.1432817131280899, 0.1500515341758728, 0.14155852794647217, 0.13665282726287842, 0.13570506870746613, 0.13868042826652527, 0.13531097769737244, 0.13733987510204315, 0.13413630425930023, 0.13363632559776306, 0.13333876430988312, 0.13570928573608398, 0.13515456020832062, 0.1358097940683365, 0.131694957613945, 0.13697531819343567, 0.1334506869316101, 0.13998058438301086, 0.13197414577007294, 0.13435909152030945, 0.14000654220581055, 0.13213548064231873, 0.13208343088626862, 0.13162004947662354, 0.13090486824512482, 0.13150763511657715, 0.14325502514839172, 0.13124100863933563, 0.1344565898180008, 0.13149651885032654, 0.13304093480110168, 0.1301688700914383, 0.13129623234272003, 0.1325725018978119, 0.13158321380615234, 0.13019110262393951, 0.13268792629241943, 0.13061411678791046, 0.1351350098848343, 0.13120782375335693, 0.14326909184455872, 0.13146533071994781, 0.13089661300182343, 0.13106569647789001, 0.13055400550365448, 0.13014253973960876, 0.13287405669689178, 0.13070422410964966, 0.13207238912582397, 0.13109131157398224, 0.14197368919849396, 0.1330396682024002, 0.13824370503425598, 0.12984725832939148, 0.13066540658473969, 0.13404057919979095, 0.13235759735107422, 0.13036908209323883, 0.13041512668132782, 0.13369683921337128, 0.1293058842420578, 0.1291307806968689, 0.12861691415309906, 0.1321958303451538, 0.1407843828201294, 0.12956154346466064, 0.13108667731285095, 0.12861362099647522, 0.1292530596256256, 0.1271902173757553, 0.12872925400733948, 0.12974382936954498, 0.13652759790420532, 0.13084638118743896, 0.13003534078598022, 0.12999701499938965, 0.13077761232852936, 0.12926846742630005, 0.1272987574338913, 0.1296614408493042, 0.12893350422382355, 0.131388857960701, 0.1318277269601822, 0.13012801110744476, 0.1418371945619583, 0.1280389428138733, 0.1312389224767685, 0.12888003885746002, 0.1316034197807312, 0.13168810307979584, 0.12860678136348724, 0.12778078019618988],