{"loss": [0.49856966733932495, 0.46029677987098694, 0.39578115940093994, 0.3158779740333557, 0.2509196102619171, 0.2079252153635025, 0.18269918859004974, 0.16561655700206757, 0.15487882494926453, 0.14636394381523132, 0.1402616649866104, 0.13676396012306213, 0.13427256047725677, 0.13132712244987488, 0.12914715707302094, 0.127255380153656, 0.12858586013317108, 0.12761290371418, 0.12701204419136047, 0.12467093765735626, 0.12278451770544052, 0.12238676846027374, 0.12195729464292526, 0.1226540058851242, 0.1226164847612381, 0.12162292748689651, 0.12117913365364075, 0.12081912159919739, 0.12016352266073227, 0.11957657337188721, 0.12158745527267456, 0.12010541558265686, 0.1193712055683136, 0.12049941718578339, 0.11967866122722626, 0.11888861656188965, 0.1190466433763504, 0.1184353232383728, 0.11907124519348145, 0.1179850846529007, 0.11857011914253235, 0.11846889555454254, 0.1178542971611023, 0.11749403178691864, 0.11690959334373474, 0.11907673627138138, 0.1186339408159256, 0.11795562505722046, 0.11741460114717484, 0.11751033365726471, 0.11811920255422592, 0.11843433976173401, 0.11773008853197098, 0.11753594130277634, 0.11756137758493423, 0.11659655719995499, 0.11845274269580841, 0.11676939576864243, 0.11764977127313614, 0.11647987365722656, 0.11712461709976196, 0.11608625203371048, 0.11743874102830887, 0.11729058623313904, 0.11675246804952621, 0.11664075404405594, 0.11591970920562744, 0.11607526987791061, 0.11681509017944336, 0.11583488434553146, 0.1165713518857956, 0.11592037230730057, 0.1167633980512619, 0.1169547438621521, 0.11546628177165985, 0.11547441780567169, 0.11712556332349777, 0.11613103747367859, 0.11489629000425339, 0.11609482765197754, 0.11561474204063416, 0.11482405662536621, 0.11515332758426666, 0.11508416384458542, 0.11516637355089188, 0.11473134160041809, 0.11450210213661194, 0.11531094461679459, 0.1151275634765625, 0.1143275648355484, 0.11573019623756409, 0.11526244878768921, 0.11558418720960617, 0.1157173365354538, 0.11472447961568832, 0.11466702818870544, 0.11370331794023514, 0.11728242039680481, 0.11445789039134979, 0.11512074619531631], "accuracy": [0.7997826337814331, 0.7997826337814331, 0.804347813129425, 0.8568478226661682, 0.9122825860977173, 0.9343478083610535, 0.9440217614173889, 0.9488043189048767, 0.9522826075553894, 0.9538043737411499, 0.955978274345398, 0.9572826027870178, 0.9572826027870178, 0.9582608938217163, 0.958695650100708, 0.9591304063796997, 0.9582608938217163, 0.9584782719612122, 0.9585869312286377, 0.9590217471122742, 0.9598913192749023, 0.9609782695770264, 0.9601086974143982, 0.960869550704956, 0.9606521725654602, 0.9606521725654602, 0.9604347944259644, 0.9615217447280884, 0.9621739387512207, 0.9613043665885925, 0.9611956477165222, 0.9618478417396545, 0.9614130258560181, 0.9606521725654602, 0.9609782695770264, 0.9618478417396545, 0.9614130258560181, 0.9618478417396545, 0.9616304636001587, 0.9618478417396545, 0.9614130258560181, 0.9616304636001587, 0.9617391228675842, 0.9620652198791504, 0.9618478417396545, 0.9614130258560181, 0.960326075553894, 0.9609782695770264, 0.9614130258560181, 0.9614130258560181, 0.9615217447280884, 0.9627174139022827, 0.9610869288444519, 0.9620652198791504, 0.9627174139022827, 0.9622825980186462, 0.9630434513092041, 0.9626086950302124, 0.9611956477165222, 0.9627174139022827, 0.9626086950302124, 0.9617391228675842, 0.960869550704956, 0.9620652198791504, 0.9627174139022827, 0.9618478417396545, 0.9621739387512207, 0.9628260731697083, 0.9623913168907166, 0.9624999761581421, 0.9633695483207703, 0.9639130234718323, 0.9626086950302124, 0.9629347920417786, 0.9624999761581421, 0.9629347920417786, 0.9609782695770264, 0.9629347920417786, 0.9621739387512207, 0.9623913168907166, 0.9633695483207703, 0.9630434513092041, 0.9624999761581421, 0.9626086950302124, 0.9645652174949646, 0.9634782671928406, 0.9645652174949646, 0.9624999761581421, 0.9635869860649109, 0.9635869860649109, 0.9620652198791504, 0.9629347920417786, 0.9624999761581421, 0.9628260731697083, 0.9633695483207703, 0.9624999761581421, 0.9634782671928406, 0.9619565010070801, 0.9619565010070801, 0.9621739387512207], "val_loss": [0.4815455377101898, 0.4315825402736664, 0.358975887298584, 0.2894209623336792, 0.23568128049373627, 0.2000323086977005, 0.17813238501548767, 0.16953912377357483, 0.15924835205078125, 0.15020130574703217, 0.1483687162399292, 0.14262577891349792, 0.14211928844451904, 0.14080505073070526, 0.13784199953079224, 0.13558393716812134, 0.13789135217666626, 0.13740363717079163, 0.13377058506011963, 0.1390700787305832, 0.13224847614765167, 0.13305971026420593, 0.13163678348064423, 0.1314437985420227, 0.13535499572753906, 0.13410119712352753, 0.1306634545326233, 0.1302230805158615, 0.13061076402664185, 0.14481377601623535, 0.12962687015533447, 0.13137002289295197, 0.13042044639587402, 0.12931515276432037, 0.1313186138868332, 0.13035783171653748, 0.13078102469444275, 0.1321481168270111, 0.13026578724384308, 0.1500859558582306, 0.13214600086212158, 0.13526053726673126, 0.13215194642543793, 0.12964200973510742, 0.1368575394153595, 0.1370866894721985, 0.13271471858024597, 0.13100238144397736, 0.1299324780702591, 0.13296301662921906, 0.1294393539428711, 0.13036282360553741, 0.14108379185199738, 0.1303901970386505, 0.13425055146217346, 0.12922850251197815, 0.1300310492515564, 0.12940071523189545, 0.13082046806812286, 0.1313801258802414, 0.12942461669445038, 0.13155438005924225, 0.13207970559597015, 0.1293402761220932, 0.12934160232543945, 0.1344110369682312, 0.1439163088798523, 0.13147002458572388, 0.13141122460365295, 0.130758136510849, 0.1291939616203308, 0.1293918639421463, 0.13005563616752625, 0.13610795140266418, 0.1337796002626419, 0.12948425114154816, 0.12870945036411285, 0.1292334645986557, 0.12951090931892395, 0.13060741126537323, 0.13039016723632812, 0.13114184141159058, 0.13508443534374237, 0.13367696106433868, 0.12856851518154144, 0.1283569037914276, 0.13019205629825592, 0.12977997958660126, 0.13041016459465027, 0.13206630945205688, 0.1291063129901886, 0.13072694838047028, 0.13232186436653137, 0.13115014135837555, 0.13055691123008728, 0.1282690018415451, 0.13358908891677856, 0.1346866637468338, 0.13089080154895782, 0.12813988327980042],