{"loss": [0.4974883198738098, 0.42530351877212524, 0.30916592478752136, 0.22007916867733002, 0.1774882823228836, 0.15619122982025146, 0.14534486830234528, 0.13894666731357574, 0.1346534788608551, 0.13122062385082245, 0.12953223288059235, 0.12852641940116882, 0.1269906759262085, 0.12630470097064972, 0.12598513066768646, 0.124490886926651, 0.12348460406064987, 0.12296004593372345, 0.1232067346572876, 0.12383925914764404, 0.122871533036232, 0.1232496052980423, 0.12290896475315094, 0.12093774229288101, 0.12353726476430893, 0.1241258978843689, 0.12157084792852402, 0.123074471950531, 0.12311504781246185, 0.12197915464639664, 0.12111745774745941, 0.12086773663759232, 0.12196530401706696, 0.12105466425418854, 0.12121272832155228, 0.12161355465650558, 0.12007659673690796, 0.119556725025177, 0.11901084333658218, 0.12027951329946518, 0.11923947185277939, 0.11999949812889099, 0.11870638281106949, 0.12029612809419632, 0.11874646693468094, 0.11869455128908157, 0.11964673548936844, 0.11868410557508469, 0.11894892156124115, 0.12109893560409546, 0.12022556364536285, 0.11866763979196548, 0.11875665932893753, 0.11836818605661392, 0.11832783371210098, 0.12005586177110672, 0.1204751580953598, 0.11786311864852905, 0.11890225857496262, 0.11737541109323502, 0.1203303188085556, 0.11830881983041763, 0.11776286363601685, 0.11989998072385788, 0.1190653145313263, 0.11953475326299667, 0.11729476600885391, 0.11804882436990738, 0.11817450821399689, 0.11657603085041046, 0.11718719452619553, 0.11719758063554764, 0.11827477812767029, 0.11991091817617416, 0.11611399799585342, 0.11772580444812775, 0.11542687565088272, 0.11796790361404419, 0.11706731468439102, 0.11749440431594849, 0.11656571179628372, 0.11794015765190125, 0.11575920134782791, 0.1179334968328476, 0.11636332422494888, 0.11691547930240631, 0.11686906963586807, 0.11839061230421066, 0.11672022193670273, 0.11647021770477295, 0.11668992042541504, 0.11520028859376907, 0.11721659451723099, 0.11646522581577301, 0.1158168613910675, 0.11778905242681503, 0.11652849614620209, 0.11880435049533844, 0.11505796760320663, 0.11657947301864624], "accuracy": [0.7956521511077881, 0.8002173900604248, 0.8633695840835571, 0.9295651912689209, 0.9466304183006287, 0.9528260827064514, 0.9542391300201416, 0.9567391276359558, 0.9593478441238403, 0.958152174949646, 0.9582608938217163, 0.960869550704956, 0.9606521725654602, 0.9583695530891418, 0.9610869288444519, 0.9601086974143982, 0.9613043665885925, 0.9599999785423279, 0.9616304636001587, 0.9596739411354065, 0.960326075553894, 0.9609782695770264, 0.95923912525177, 0.9616304636001587, 0.9594565033912659, 0.9595652222633362, 0.9601086974143982, 0.9602174162864685, 0.9602174162864685, 0.9622825980186462, 0.9617391228675842, 0.9614130258560181, 0.9610869288444519, 0.9617391228675842, 0.9607608914375305, 0.9615217447280884, 0.9622825980186462, 0.9616304636001587, 0.9627174139022827, 0.9618478417396545, 0.960869550704956, 0.9609782695770264, 0.9620652198791504, 0.9605434536933899, 0.9627174139022827, 0.9629347920417786, 0.9610869288444519, 0.9627174139022827, 0.9620652198791504, 0.9630434513092041, 0.9622825980186462, 0.9616304636001587, 0.9623913168907166, 0.9618478417396545, 0.9622825980186462, 0.9620652198791504, 0.9609782695770264, 0.9624999761581421, 0.9616304636001587, 0.9621739387512207, 0.9619565010070801, 0.9607608914375305, 0.9627174139022827, 0.960869550704956, 0.9617391228675842, 0.9613043665885925, 0.9621739387512207, 0.9628260731697083, 0.9617391228675842, 0.9628260731697083, 0.9618478417396545, 0.9630434513092041, 0.9624999761581421, 0.9616304636001587, 0.9635869860649109, 0.9624999761581421, 0.9640217423439026, 0.9623913168907166, 0.9615217447280884, 0.9632608890533447, 0.9627174139022827, 0.9616304636001587, 0.9631521701812744, 0.9628260731697083, 0.9631521701812744, 0.9615217447280884, 0.9623913168907166, 0.9624999761581421, 0.9616304636001587, 0.9615217447280884, 0.9626086950302124, 0.9646739363670349, 0.9624999761581421, 0.9618478417396545, 0.9626086950302124, 0.9623913168907166, 0.9629347920417786, 0.9607608914375305, 0.9631521701812744, 0.9633695483207703], "val_loss": [0.46731141209602356, 0.3750482499599457, 0.25876036286354065, 0.19755814969539642, 0.1746501326560974, 0.1585647314786911, 0.14787808060646057, 0.1475074291229248, 0.14013010263442993, 0.13876791298389435, 0.1431260108947754, 0.13572821021080017, 0.1345919370651245, 0.13398513197898865, 0.15362077951431274, 0.13328643143177032, 0.13402432203292847, 0.1331062614917755, 0.1325746327638626, 0.1330098658800125, 0.13638590276241302, 0.13207337260246277, 0.13172803819179535, 0.13497000932693481, 0.13216450810432434, 0.13357512652873993, 0.1339816302061081, 0.13168558478355408, 0.14992664754390717, 0.13313215970993042, 0.130990132689476, 0.13373826444149017, 0.1322486847639084, 0.13106532394886017, 0.13208571076393127, 0.13124510645866394, 0.13621802628040314, 0.13723212480545044, 0.13154368102550507, 0.13141342997550964, 0.1319359987974167, 0.13108870387077332, 0.15932001173496246, 0.13144107162952423, 0.1337999552488327, 0.13206547498703003, 0.13045929372310638, 0.1365726739168167, 0.1321057379245758, 0.13193529844284058, 0.13304893672466278, 0.1324734389781952, 0.13476517796516418, 0.13108599185943604, 0.1308249980211258, 0.13090600073337555, 0.131669282913208, 0.13128460943698883, 0.1316206157207489, 0.15217439830303192, 0.1366189569234848, 0.13124729692935944, 0.13886003196239471, 0.142576664686203, 0.12951529026031494, 0.13101160526275635, 0.13159164786338806, 0.13145378232002258, 0.1344379037618637, 0.13231730461120605, 0.13683810830116272, 0.1300652027130127, 0.12935853004455566, 0.128897562623024, 0.13680702447891235, 0.13049627840518951, 0.13094215095043182, 0.1287403255701065, 0.13104873895645142, 0.12907490134239197, 0.13149866461753845, 0.12900443375110626, 0.12897683680057526, 0.13044066727161407, 0.14072130620479584, 0.1364057958126068, 0.130332350730896, 0.12876196205615997, 0.12960092723369598, 0.13436980545520782, 0.13633468747138977, 0.13190819323062897, 0.1281689703464508, 0.1302126795053482, 0.1278996616601944, 0.13022160530090332, 0.12781770527362823, 0.12757611274719238, 0.13935710489749908, 0.12948375940322876],