{"loss": [0.47871947288513184, 0.3694533705711365, 0.2508420944213867, 0.18819010257720947, 0.15917780995368958, 0.14836128056049347, 0.1379125565290451, 0.13251803815364838, 0.13408388197422028, 0.12889832258224487, 0.12692809104919434, 0.12588676810264587, 0.12759637832641602, 0.12454038858413696, 0.12435352057218552, 0.12433560937643051, 0.12440638989210129, 0.12383618950843811, 0.12165749073028564, 0.1230430006980896, 0.12260562926530838, 0.12232235819101334, 0.12161309272050858, 0.1204911470413208, 0.12099337577819824, 0.12041458487510681, 0.12187682092189789, 0.11965595930814743, 0.12075399607419968, 0.11972983926534653, 0.1209016889333725, 0.12064268440008163, 0.11801016330718994, 0.12344543635845184, 0.11843816190958023, 0.11910413950681686, 0.11821023374795914, 0.11884258687496185, 0.1181049644947052, 0.1183602511882782, 0.11971770972013474, 0.11858568340539932, 0.12026778608560562, 0.12131155282258987, 0.11781273782253265, 0.11738334596157074, 0.11733942478895187, 0.11732494831085205, 0.11863883584737778, 0.11796535551548004, 0.11602752655744553, 0.11760354787111282, 0.11576792597770691, 0.11674864590167999, 0.11716946959495544, 0.11761564761400223, 0.11819601058959961, 0.11572211235761642, 0.1150568276643753, 0.11673061549663544, 0.11628050357103348, 0.11775542050600052, 0.11637762933969498, 0.11644584685564041, 0.11678626388311386, 0.11596117168664932, 0.1165783703327179, 0.11711038649082184, 0.1159219890832901, 0.11603306233882904, 0.11427976191043854, 0.11525190621614456, 0.11486812680959702, 0.11460237950086594, 0.1147243082523346, 0.11355356127023697, 0.11345867812633514, 0.11411720514297485, 0.11392208188772202, 0.115134596824646, 0.11325857043266296, 0.11531073600053787, 0.11342637985944748, 0.1142711192369461, 0.1131604015827179, 0.11319829523563385, 0.11474771052598953, 0.11451204866170883, 0.11398719996213913, 0.11217936873435974, 0.11315538734197617, 0.11289854347705841, 0.11435315757989883, 0.11225755512714386, 0.11210741102695465, 0.1127302497625351, 0.1132688969373703, 0.11190539598464966, 0.11321163177490234, 0.1140783429145813], "accuracy": [0.7941304445266724, 0.8210869431495667, 0.9118478298187256, 0.9421738982200623, 0.9505434632301331, 0.9553260803222656, 0.9571738839149475, 0.9590217471122742, 0.9561956524848938, 0.958695650100708, 0.958695650100708, 0.959782600402832, 0.9574999809265137, 0.9601086974143982, 0.9595652222633362, 0.9602174162864685, 0.9602174162864685, 0.9599999785423279, 0.9610869288444519, 0.9596739411354065, 0.9602174162864685, 0.9607608914375305, 0.9610869288444519, 0.9613043665885925, 0.9614130258560181, 0.9616304636001587, 0.9598913192749023, 0.9602174162864685, 0.9617391228675842, 0.9605434536933899, 0.9606521725654602, 0.9614130258560181, 0.9620652198791504, 0.9614130258560181, 0.9606521725654602, 0.9621739387512207, 0.9629347920417786, 0.9601086974143982, 0.9611956477165222, 0.9620652198791504, 0.9623913168907166, 0.9614130258560181, 0.960326075553894, 0.9624999761581421, 0.9619565010070801, 0.9618478417396545, 0.9620652198791504, 0.9614130258560181, 0.9629347920417786, 0.9620652198791504, 0.9631521701812744, 0.9633695483207703, 0.9629347920417786, 0.9626086950302124, 0.9628260731697083, 0.9614130258560181, 0.9621739387512207, 0.9621739387512207, 0.9629347920417786, 0.9633695483207703, 0.9626086950302124, 0.9611956477165222, 0.9624999761581421, 0.9622825980186462, 0.9611956477165222, 0.9628260731697083, 0.9616304636001587, 0.9631521701812744, 0.9618478417396545, 0.9626086950302124, 0.9629347920417786, 0.9638043642044067, 0.9629347920417786, 0.9628260731697083, 0.9618478417396545, 0.9644564986228943, 0.9642391204833984, 0.9617391228675842, 0.9628260731697083, 0.9633695483207703, 0.9627174139022827, 0.9628260731697083, 0.9627174139022827, 0.9630434513092041, 0.9641304612159729, 0.9635869860649109, 0.9614130258560181, 0.9635869860649109, 0.9642391204833984, 0.9634782671928406, 0.9638043642044067, 0.9630434513092041, 0.9629347920417786, 0.9636956453323364, 0.9636956453323364, 0.9634782671928406, 0.9634782671928406, 0.9638043642044067, 0.9624999761581421, 0.9630434513092041], "val_loss": [0.43265584111213684, 0.3043621778488159, 0.2152358889579773, 0.1754307597875595, 0.15880751609802246, 0.15920768678188324, 0.14217069745063782, 0.13850712776184082, 0.13831877708435059, 0.14386452734470367, 0.13426131010055542, 0.133278489112854, 0.13274218142032623, 0.13304342329502106, 0.1389668583869934, 0.1589796394109726, 0.13149087131023407, 0.13156655430793762, 0.1319422423839569, 0.13978716731071472, 0.13090075552463531, 0.1432720273733139, 0.13949112594127655, 0.13065849244594574, 0.13056915998458862, 0.1311202347278595, 0.13461242616176605, 0.13096532225608826, 0.13302718102931976, 0.13670450448989868, 0.13449802994728088, 0.13089483976364136, 0.14035099744796753, 0.12930402159690857, 0.1321992427110672, 0.12986713647842407, 0.13099095225334167, 0.14338402450084686, 0.13015489280223846, 0.1302832067012787, 0.13055790960788727, 0.1306210309267044, 0.13106216490268707, 0.1292928159236908, 0.13044016063213348, 0.14225289225578308, 0.12978023290634155, 0.13021549582481384, 0.12854717671871185, 0.1364629566669464, 0.13089746236801147, 0.13011838495731354, 0.13006317615509033, 0.12946778535842896, 0.12834767997264862, 0.12836934626102448, 0.13158021867275238, 0.12863117456436157, 0.13458935916423798, 0.13301976025104523, 0.1440371721982956, 0.1450192928314209, 0.12734954059123993, 0.12845666706562042, 0.1294979602098465, 0.1312669813632965, 0.13270147144794464, 0.12804098427295685, 0.12864065170288086, 0.12863396108150482, 0.1325666755437851, 0.12742213904857635, 0.13679182529449463, 0.13325726985931396, 0.12603899836540222, 0.12667955458164215, 0.12703143060207367, 0.12700538337230682, 0.12554176151752472, 0.12665091454982758, 0.12660641968250275, 0.12724192440509796, 0.13796602189540863, 0.1251981407403946, 0.13774335384368896, 0.1252543330192566, 0.13135455548763275, 0.1269197314977646, 0.1294490396976471, 0.12850603461265564, 0.1254165768623352, 0.13788795471191406, 0.12614580988883972, 0.12572064995765686, 0.12907327711582184, 0.13028407096862793, 0.1293003112077713, 0.13698671758174896, 0.12361325323581696, 0.12438710033893585],