{"loss": [0.5159101486206055, 0.4602818191051483, 0.3864041268825531, 0.29930761456489563, 0.23437677323818207, 0.19610697031021118, 0.17419838905334473, 0.1577000766992569, 0.14859290421009064, 0.14303407073020935, 0.1373719573020935, 0.13359452784061432, 0.13196521997451782, 0.12957140803337097, 0.1284283995628357, 0.1265280842781067, 0.12594901025295258, 0.12470512092113495, 0.12364163249731064, 0.12311715632677078, 0.12380378693342209, 0.1216592788696289, 0.1230296641588211, 0.12209967523813248, 0.12172668427228928, 0.12198019027709961, 0.12077423185110092, 0.12037833780050278, 0.12055400013923645, 0.1195494532585144, 0.11988876760005951, 0.12010159343481064, 0.12053637951612473, 0.11991334706544876, 0.11986074596643448, 0.11821617931127548, 0.11959367990493774, 0.11909393221139908, 0.1197306215763092, 0.11971303075551987, 0.11945706605911255, 0.11936729401350021, 0.11725473403930664, 0.119126096367836, 0.11902748793363571, 0.11688125133514404, 0.11810126155614853, 0.1171426773071289, 0.11747600883245468, 0.11794185638427734, 0.11777261644601822, 0.11752176284790039, 0.11700788140296936, 0.11675415188074112, 0.11774271726608276, 0.11861725151538849, 0.11667653918266296, 0.11664910614490509, 0.11721871048212051, 0.11632082611322403, 0.11564457416534424, 0.11710485070943832, 0.11828077584505081, 0.11763564497232437, 0.11552191525697708, 0.1164768785238266, 0.11553888767957687, 0.11625266820192337, 0.11591832339763641, 0.11514445394277573, 0.11803687363862991, 0.11616108566522598, 0.11539816111326218, 0.11538867652416229, 0.11549800634384155, 0.11635083705186844, 0.11540579050779343, 0.11565268784761429, 0.11485900729894638, 0.11509213596582413, 0.1152668297290802, 0.11435437947511673, 0.1152430921792984, 0.11498131603002548, 0.11560957878828049, 0.11497164517641068, 0.11537975817918777, 0.1147768646478653, 0.11442341655492783, 0.11433913558721542, 0.11480733007192612, 0.11299760639667511, 0.11443092674016953, 0.11512505263090134, 0.11450900137424469, 0.11568855494260788, 0.11397890746593475, 0.11420504003763199, 0.11277833580970764, 0.11454742401838303], "accuracy": [0.7811956405639648, 0.7997826337814331, 0.8084782361984253, 0.8758695721626282, 0.9223912954330444, 0.9383695721626282, 0.9474999904632568, 0.9524999856948853, 0.9553260803222656, 0.9538043737411499, 0.95652174949646, 0.9585869312286377, 0.9572826027870178, 0.9583695530891418, 0.9578260779380798, 0.9594565033912659, 0.9593478441238403, 0.9599999785423279, 0.9607608914375305, 0.9595652222633362, 0.9594565033912659, 0.9605434536933899, 0.9590217471122742, 0.960869550704956, 0.9601086974143982, 0.9604347944259644, 0.9610869288444519, 0.9621739387512207, 0.9618478417396545, 0.9609782695770264, 0.9611956477165222, 0.9598913192749023, 0.9609782695770264, 0.9609782695770264, 0.9616304636001587, 0.9616304636001587, 0.9614130258560181, 0.9613043665885925, 0.9609782695770264, 0.9611956477165222, 0.9609782695770264, 0.9614130258560181, 0.9615217447280884, 0.9611956477165222, 0.9602174162864685, 0.9619565010070801, 0.9626086950302124, 0.9618478417396545, 0.9623913168907166, 0.9630434513092041, 0.9615217447280884, 0.9613043665885925, 0.9636956453323364, 0.9621739387512207, 0.9629347920417786, 0.9614130258560181, 0.9621739387512207, 0.9634782671928406, 0.9615217447280884, 0.9618478417396545, 0.9629347920417786, 0.9620652198791504, 0.9617391228675842, 0.9618478417396545, 0.9629347920417786, 0.9613043665885925, 0.9619565010070801, 0.9628260731697083, 0.9624999761581421, 0.9619565010070801, 0.9618478417396545, 0.9624999761581421, 0.9629347920417786, 0.9621739387512207, 0.9630434513092041, 0.9629347920417786, 0.9618478417396545, 0.9621739387512207, 0.9622825980186462, 0.9622825980186462, 0.9619565010070801, 0.9632608890533447, 0.9624999761581421, 0.9634782671928406, 0.9635869860649109, 0.9624999761581421, 0.9628260731697083, 0.960326075553894, 0.9622825980186462, 0.9629347920417786, 0.9614130258560181, 0.9639130234718323, 0.9638043642044067, 0.9624999761581421, 0.9626086950302124, 0.9620652198791504, 0.9624999761581421, 0.9624999761581421, 0.9634782671928406, 0.9614130258560181], "val_loss": [0.48397788405418396, 0.4294049143791199, 0.3497012257575989, 0.27030134201049805, 0.2175934761762619, 0.20504668354988098, 0.17534010112285614, 0.16017791628837585, 0.15562304854393005, 0.15171697735786438, 0.14517080783843994, 0.1407291740179062, 0.14005613327026367, 0.13695289194583893, 0.1392032504081726, 0.1344984769821167, 0.13852757215499878, 0.1333230435848236, 0.1343153417110443, 0.13712868094444275, 0.14646948873996735, 0.13463322818279266, 0.13738000392913818, 0.1317911148071289, 0.13172854483127594, 0.13513275980949402, 0.1325242966413498, 0.13208121061325073, 0.13209514319896698, 0.13596272468566895, 0.13141897320747375, 0.14102479815483093, 0.13308098912239075, 0.13418635725975037, 0.13097383081912994, 0.1308923214673996, 0.13125376403331757, 0.13432735204696655, 0.13587819039821625, 0.13439346849918365, 0.13555732369422913, 0.13593901693820953, 0.13204193115234375, 0.13108447194099426, 0.13109688460826874, 0.13094918429851532, 0.13261258602142334, 0.13380292057991028, 0.13229933381080627, 0.13122572004795074, 0.13303324580192566, 0.13160276412963867, 0.1329273134469986, 0.1367335021495819, 0.13475973904132843, 0.1315331608057022, 0.1310957968235016, 0.13770049810409546, 0.13080255687236786, 0.13284750282764435, 0.13078732788562775, 0.13215333223342896, 0.13200640678405762, 0.13166816532611847, 0.13674236834049225, 0.1315852403640747, 0.1307431012392044, 0.13883501291275024, 0.1361406296491623, 0.15516994893550873, 0.1303383708000183, 0.1310945302248001, 0.13419324159622192, 0.13355767726898193, 0.13019296526908875, 0.13097961246967316, 0.13953083753585815, 0.13005869090557098, 0.137936070561409, 0.13034099340438843, 0.13409423828125, 0.13588006794452667, 0.1303757131099701, 0.13151712715625763, 0.13487817347049713, 0.13018585741519928, 0.1360400915145874, 0.1362123191356659, 0.1316286325454712, 0.13439255952835083, 0.13034918904304504, 0.1302073746919632, 0.1290791779756546, 0.12969401478767395, 0.13012941181659698, 0.12996536493301392, 0.1311335414648056, 0.12870150804519653, 0.13650761544704437, 0.13337400555610657],