{"loss": [0.4851468503475189, 0.3882479667663574, 0.2670769989490509, 0.1990080028772354, 0.1651451587677002, 0.15036453306674957, 0.14141617715358734, 0.13542994856834412, 0.13230660557746887, 0.13003583252429962, 0.12850737571716309, 0.12660212814807892, 0.12478263676166534, 0.12548308074474335, 0.12448544800281525, 0.1237730085849762, 0.12530085444450378, 0.12342672795057297, 0.1242317408323288, 0.12069214135408401, 0.12295719236135483, 0.12148208171129227, 0.1216326653957367, 0.12239446491003036, 0.1202855259180069, 0.12250173836946487, 0.12111910432577133, 0.12141880393028259, 0.11958146840333939, 0.11991545557975769, 0.12134597450494766, 0.11995963752269745, 0.121127188205719, 0.11976324766874313, 0.11974149197340012, 0.1194932609796524, 0.11884696781635284, 0.11893908679485321, 0.11950965225696564, 0.120545893907547, 0.11813946068286896, 0.11805451661348343, 0.12003829330205917, 0.11788447946310043, 0.12224176526069641, 0.11777359992265701, 0.11919046193361282, 0.11955619603395462, 0.11875128746032715, 0.11777868121862411, 0.11992231011390686, 0.11928985267877579, 0.11768963187932968, 0.11809876561164856, 0.11925911158323288, 0.11732298135757446, 0.1172894835472107, 0.11779098957777023, 0.11669255793094635, 0.11849428713321686, 0.11928512156009674, 0.11747435480356216, 0.11788409948348999, 0.1165967732667923, 0.11582425236701965, 0.11758878082036972, 0.1167772114276886, 0.11576180160045624, 0.11718039959669113, 0.11730360984802246, 0.11632908135652542, 0.11673411726951599, 0.11506129056215286, 0.11933372169733047, 0.11563516408205032, 0.11611179262399673, 0.11484287679195404, 0.11636333912611008, 0.11646443605422974, 0.1164950579404831, 0.11913496255874634, 0.1141449362039566, 0.11772838979959488, 0.11635852605104446, 0.11552487313747406, 0.11589070409536362, 0.11346788704395294, 0.1165933758020401, 0.11609257012605667, 0.11782313883304596, 0.11516287177801132, 0.11442629247903824, 0.11811201274394989, 0.11604490876197815, 0.11578870564699173, 0.11333275586366653, 0.11473005264997482, 0.11467598378658295, 0.11574139446020126, 0.11583930253982544], "accuracy": [0.792934775352478, 0.8105434775352478, 0.9013043642044067, 0.9381521940231323, 0.949456512928009, 0.9533695578575134, 0.9566304087638855, 0.9571738839149475, 0.958152174949646, 0.9589130282402039, 0.9590217471122742, 0.9596739411354065, 0.9604347944259644, 0.9599999785423279, 0.9590217471122742, 0.9598913192749023, 0.9591304063796997, 0.9604347944259644, 0.95923912525177, 0.9606521725654602, 0.9613043665885925, 0.9606521725654602, 0.9605434536933899, 0.9611956477165222, 0.9607608914375305, 0.959782600402832, 0.9601086974143982, 0.9615217447280884, 0.9629347920417786, 0.9624999761581421, 0.9611956477165222, 0.9613043665885925, 0.9620652198791504, 0.9642391204833984, 0.9622825980186462, 0.9623913168907166, 0.9617391228675842, 0.9605434536933899, 0.9635869860649109, 0.9624999761581421, 0.9627174139022827, 0.9621739387512207, 0.9614130258560181, 0.9618478417396545, 0.9601086974143982, 0.9609782695770264, 0.9620652198791504, 0.9615217447280884, 0.9619565010070801, 0.960869550704956, 0.9620652198791504, 0.9626086950302124, 0.9626086950302124, 0.9633695483207703, 0.9607608914375305, 0.9631521701812744, 0.9617391228675842, 0.9627174139022827, 0.9632608890533447, 0.9613043665885925, 0.9616304636001587, 0.9614130258560181, 0.9629347920417786, 0.9635869860649109, 0.9623913168907166, 0.9631521701812744, 0.9618478417396545, 0.9621739387512207, 0.9613043665885925, 0.9616304636001587, 0.9627174139022827, 0.9602174162864685, 0.9624999761581421, 0.9611956477165222, 0.9621739387512207, 0.9628260731697083, 0.9635869860649109, 0.9627174139022827, 0.9634782671928406, 0.9621739387512207, 0.9614130258560181, 0.9639130234718323, 0.9626086950302124, 0.9630434513092041, 0.9630434513092041, 0.9620652198791504, 0.9638043642044067, 0.9621739387512207, 0.9630434513092041, 0.9622825980186462, 0.9633695483207703, 0.9647825956344604, 0.9621739387512207, 0.9623913168907166, 0.9619565010070801, 0.9629347920417786, 0.9629347920417786, 0.9632608890533447, 0.9616304636001587, 0.9622825980186462], "val_loss": [0.44209611415863037, 0.3336831033229828, 0.22839806973934174, 0.1848432421684265, 0.16198290884494781, 0.1528581976890564, 0.15428009629249573, 0.14541509747505188, 0.1468760222196579, 0.13674212992191315, 0.1419670730829239, 0.13624200224876404, 0.13922400772571564, 0.16010521352291107, 0.13317513465881348, 0.14995932579040527, 0.13258017599582672, 0.136538565158844, 0.1363045871257782, 0.1326979100704193, 0.13532337546348572, 0.13171136379241943, 0.13621465861797333, 0.13869555294513702, 0.1313587725162506, 0.137532040476799, 0.13196563720703125, 0.134717658162117, 0.13285289704799652, 0.15087249875068665, 0.14156004786491394, 0.1322372406721115, 0.13156190514564514, 0.13528063893318176, 0.13231830298900604, 0.1384182870388031, 0.13811711966991425, 0.13723650574684143, 0.14381282031536102, 0.1396576464176178, 0.1389552652835846, 0.13186615705490112, 0.13067762553691864, 0.1302424967288971, 0.13175420463085175, 0.1304488629102707, 0.1329222470521927, 0.13113893568515778, 0.1366444081068039, 0.1371847689151764, 0.13057610392570496, 0.12995532155036926, 0.1376039832830429, 0.13486991822719574, 0.13862653076648712, 0.1326225996017456, 0.13703875243663788, 0.13043908774852753, 0.13093188405036926, 0.12970782816410065, 0.1313679814338684, 0.13078857958316803, 0.13291247189044952, 0.1382308155298233, 0.13335110247135162, 0.13107450306415558, 0.1312839686870575, 0.133799746632576, 0.13177570700645447, 0.1336572915315628, 0.1350054293870926, 0.13009178638458252, 0.140596404671669, 0.12951907515525818, 0.1306064873933792, 0.12968644499778748, 0.13027386367321014, 0.13794708251953125, 0.12993820011615753, 0.1342557966709137, 0.13286207616329193, 0.14288970828056335, 0.1283116489648819, 0.1349070519208908, 0.1384233832359314, 0.138167142868042, 0.1311168074607849, 0.1281658560037613, 0.12901711463928223, 0.1389162242412567, 0.12829041481018066, 0.14728619158267975, 0.12984217703342438, 0.1306644231081009, 0.13173626363277435, 0.12967529892921448, 0.12708677351474762, 0.13530181348323822, 0.1296890825033188, 0.13495972752571106],