{"loss": [0.48174920678138733, 0.378619909286499, 0.2550034821033478, 0.18805226683616638, 0.15926127135753632, 0.1480901688337326, 0.1360434740781784, 0.132883220911026, 0.13072402775287628, 0.12978538870811462, 0.1301170438528061, 0.12554866075515747, 0.12581023573875427, 0.12330807745456696, 0.12632164359092712, 0.12395378947257996, 0.12657316029071808, 0.12298979610204697, 0.1248447448015213, 0.12391579151153564, 0.12245465070009232, 0.12493852525949478, 0.12129491567611694, 0.1219087541103363, 0.1241186112165451, 0.12005803734064102, 0.119789719581604, 0.12054312974214554, 0.12293856590986252, 0.12148388475179672, 0.119418203830719, 0.12274820357561111, 0.12099910527467728, 0.11945896595716476, 0.12091787904500961, 0.12046198546886444, 0.11976504325866699, 0.12032010406255722, 0.11955723166465759, 0.12178163230419159, 0.12025086581707001, 0.12198526412248611, 0.11910299211740494, 0.1207863837480545, 0.11853654682636261, 0.12158801406621933, 0.12067253887653351, 0.11970625072717667, 0.11843124032020569, 0.12068258225917816, 0.11817604303359985, 0.11962326616048813, 0.11859993636608124, 0.12256553024053574, 0.11906040459871292, 0.11870044469833374, 0.11853422969579697, 0.11891558766365051, 0.11735417693853378, 0.12004011124372482, 0.11919411271810532, 0.11902130395174026, 0.11957169324159622, 0.11808527261018753, 0.12094514071941376, 0.11898352950811386, 0.1206313967704773, 0.11829923093318939, 0.11745673418045044, 0.11781244724988937, 0.12057466059923172, 0.1168254166841507, 0.11730480939149857, 0.11866582185029984, 0.11735834181308746, 0.11906908452510834, 0.1177339106798172, 0.11828047782182693, 0.11575954407453537, 0.11896436661481857, 0.11596647650003433, 0.11735398322343826, 0.11927606910467148, 0.1153862327337265, 0.11577674001455307, 0.11793120205402374, 0.11653926968574524, 0.11716221272945404, 0.11639518290758133, 0.11537129431962967, 0.11494078487157822, 0.1185365617275238, 0.11433743685483932, 0.11569598317146301, 0.1147117167711258, 0.11806301027536392, 0.11514472216367722, 0.11555435508489609, 0.11536253243684769, 0.11489760875701904], "accuracy": [0.7997826337814331, 0.8204348087310791, 0.9102174043655396, 0.9427173733711243, 0.9518478512763977, 0.9526087045669556, 0.9567391276359558, 0.9572826027870178, 0.9578260779380798, 0.9582608938217163, 0.9568478465080261, 0.958695650100708, 0.9594565033912659, 0.9604347944259644, 0.9583695530891418, 0.959782600402832, 0.9594565033912659, 0.9615217447280884, 0.9605434536933899, 0.9590217471122742, 0.9615217447280884, 0.95923912525177, 0.9614130258560181, 0.9611956477165222, 0.9599999785423279, 0.9611956477165222, 0.9631521701812744, 0.9618478417396545, 0.9599999785423279, 0.9616304636001587, 0.9629347920417786, 0.9604347944259644, 0.9613043665885925, 0.9613043665885925, 0.9615217447280884, 0.9615217447280884, 0.9618478417396545, 0.9605434536933899, 0.9620652198791504, 0.9596739411354065, 0.9610869288444519, 0.9611956477165222, 0.9622825980186462, 0.9609782695770264, 0.9613043665885925, 0.9617391228675842, 0.9602174162864685, 0.9610869288444519, 0.9610869288444519, 0.9609782695770264, 0.9627174139022827, 0.9616304636001587, 0.9630434513092041, 0.9611956477165222, 0.9620652198791504, 0.9621739387512207, 0.9618478417396545, 0.9619565010070801, 0.9622825980186462, 0.9605434536933899, 0.9628260731697083, 0.960869550704956, 0.9622825980186462, 0.9627174139022827, 0.9607608914375305, 0.9616304636001587, 0.9623913168907166, 0.9614130258560181, 0.9623913168907166, 0.9618478417396545, 0.9616304636001587, 0.9622825980186462, 0.9614130258560181, 0.9618478417396545, 0.9611956477165222, 0.9615217447280884, 0.9621739387512207, 0.9619565010070801, 0.9629347920417786, 0.9629347920417786, 0.9615217447280884, 0.9618478417396545, 0.9614130258560181, 0.9642391204833984, 0.9624999761581421, 0.9622825980186462, 0.9632608890533447, 0.9617391228675842, 0.9620652198791504, 0.9627174139022827, 0.9631521701812744, 0.9623913168907166, 0.9636956453323364, 0.9640217423439026, 0.9620652198791504, 0.9609782695770264, 0.9621739387512207, 0.9631521701812744, 0.9621739387512207, 0.9623913168907166], "val_loss": [0.44096609950065613, 0.31318244338035583, 0.2206525355577469, 0.18282634019851685, 0.15568597614765167, 0.1536031812429428, 0.14264361560344696, 0.1410742551088333, 0.13650359213352203, 0.1356431096792221, 0.1359395831823349, 0.14107058942317963, 0.1333378702402115, 0.14542919397354126, 0.13299678266048431, 0.1356325000524521, 0.13770684599876404, 0.13373053073883057, 0.1377936601638794, 0.1325427144765854, 0.13291960954666138, 0.1323840171098709, 0.13534262776374817, 0.13768507540225983, 0.13816778361797333, 0.132147416472435, 0.13396649062633514, 0.13130076229572296, 0.13328516483306885, 0.14244011044502258, 0.1323833465576172, 0.13147538900375366, 0.13394300639629364, 0.1311252862215042, 0.13221906125545502, 0.13179536163806915, 0.13189776241779327, 0.13620184361934662, 0.134018212556839, 0.14122934639453888, 0.141648069024086, 0.1319785863161087, 0.13133136928081512, 0.13139447569847107, 0.13819196820259094, 0.1407579928636551, 0.1435713768005371, 0.13172365725040436, 0.13197238743305206, 0.13105714321136475, 0.14633561670780182, 0.1503206044435501, 0.17959074676036835, 0.1303737312555313, 0.13992011547088623, 0.14589203894138336, 0.13319215178489685, 0.13150987029075623, 0.14293469488620758, 0.14768418669700623, 0.13550828397274017, 0.1300639808177948, 0.13426409661769867, 0.13406211137771606, 0.14083018898963928, 0.13051816821098328, 0.1301109343767166, 0.13138200342655182, 0.13401204347610474, 0.13104650378227234, 0.12992897629737854, 0.1315385103225708, 0.15991534292697906, 0.13164103031158447, 0.1317063868045807, 0.13959650695323944, 0.15465927124023438, 0.1357419639825821, 0.14354263246059418, 0.14496953785419464, 0.13080814480781555, 0.13450820744037628, 0.13402211666107178, 0.1382015347480774, 0.1422165334224701, 0.12839438021183014, 0.12931154668331146, 0.12876492738723755, 0.1313592791557312, 0.13007861375808716, 0.13047458231449127, 0.1349140703678131, 0.1364881694316864, 0.1368769258260727, 0.13086733222007751, 0.12925343215465546, 0.13437308371067047, 0.13731752336025238, 0.13017311692237854, 0.12845565378665924],