{"loss": [0.48816055059432983, 0.4198279082775116, 0.31562840938568115, 0.2352386713027954, 0.1908876895904541, 0.1673683226108551, 0.15255597233772278, 0.14504697918891907, 0.13929441571235657, 0.13407008349895477, 0.13210222125053406, 0.12953631579875946, 0.12726202607154846, 0.12726980447769165, 0.12592503428459167, 0.12534622848033905, 0.124073326587677, 0.12417075783014297, 0.12230180948972702, 0.12361505627632141, 0.12308995425701141, 0.1207914799451828, 0.1212066113948822, 0.12013570964336395, 0.12196586281061172, 0.12159755825996399, 0.12018255144357681, 0.1203480064868927, 0.12207360565662384, 0.11935269832611084, 0.11889448016881943, 0.12010511010885239, 0.12019118666648865, 0.11979267746210098, 0.11992747336626053, 0.12057483196258545, 0.11963418871164322, 0.11882805824279785, 0.11808764934539795, 0.11786097288131714, 0.11852803081274033, 0.11686670780181885, 0.1184634119272232, 0.11659958213567734, 0.11828242987394333, 0.1178615540266037, 0.1169806569814682, 0.11704818159341812, 0.11854639649391174, 0.11674752831459045, 0.11646746098995209, 0.11755965650081635, 0.11681153625249863, 0.11746744066476822, 0.11653315275907516, 0.11673442274332047, 0.11625426262617111, 0.11814139783382416, 0.11855684965848923, 0.11724962294101715, 0.11835303157567978, 0.11604669690132141, 0.11796804517507553, 0.11704296618700027, 0.1178549975156784, 0.116683229804039, 0.11671044677495956, 0.11595573276281357, 0.11560274660587311, 0.11638235300779343, 0.11630619317293167, 0.11552498489618301, 0.11570889502763748, 0.11475030332803726, 0.1169939637184143, 0.11673790961503983, 0.1156536340713501, 0.11494836211204529, 0.11746915429830551, 0.11573973298072815, 0.11542249470949173, 0.11599661409854889, 0.11469428241252899, 0.11459702253341675, 0.114304319024086, 0.11552577465772629, 0.11373529583215714, 0.11507660150527954, 0.1176663339138031, 0.11370155960321426, 0.11469314992427826, 0.11545765399932861, 0.11510700732469559, 0.11428634077310562, 0.11346311122179031, 0.11504892259836197, 0.1139867901802063, 0.11515665054321289, 0.11373408138751984, 0.11365629732608795], "accuracy": [0.7997826337814331, 0.8006521463394165, 0.8603261113166809, 0.9214130640029907, 0.9413043260574341, 0.9491304159164429, 0.9539130330085754, 0.9555434584617615, 0.9563043713569641, 0.9568478465080261, 0.957608699798584, 0.9582608938217163, 0.9602174162864685, 0.960326075553894, 0.959782600402832, 0.9615217447280884, 0.9596739411354065, 0.960326075553894, 0.9595652222633362, 0.9599999785423279, 0.9601086974143982, 0.9605434536933899, 0.9606521725654602, 0.9609782695770264, 0.9616304636001587, 0.9609782695770264, 0.9604347944259644, 0.9616304636001587, 0.959782600402832, 0.9630434513092041, 0.9615217447280884, 0.9604347944259644, 0.9609782695770264, 0.9630434513092041, 0.9616304636001587, 0.960326075553894, 0.9623913168907166, 0.9618478417396545, 0.9611956477165222, 0.9624999761581421, 0.9605434536933899, 0.9638043642044067, 0.9606521725654602, 0.9626086950302124, 0.9622825980186462, 0.9619565010070801, 0.9622825980186462, 0.9628260731697083, 0.9613043665885925, 0.9617391228675842, 0.9619565010070801, 0.9630434513092041, 0.9620652198791504, 0.9618478417396545, 0.9634782671928406, 0.9627174139022827, 0.9624999761581421, 0.9613043665885925, 0.9613043665885925, 0.9622825980186462, 0.9621739387512207, 0.9628260731697083, 0.9618478417396545, 0.9628260731697083, 0.9620652198791504, 0.9620652198791504, 0.9622825980186462, 0.9621739387512207, 0.9633695483207703, 0.9626086950302124, 0.9626086950302124, 0.9640217423439026, 0.9619565010070801, 0.9632608890533447, 0.9630434513092041, 0.9638043642044067, 0.9631521701812744, 0.9638043642044067, 0.9628260731697083, 0.9624999761581421, 0.9626086950302124, 0.9635869860649109, 0.9636956453323364, 0.9629347920417786, 0.9639130234718323, 0.9632608890533447, 0.9645652174949646, 0.9611956477165222, 0.9620652198791504, 0.9640217423439026, 0.9620652198791504, 0.9634782671928406, 0.9630434513092041, 0.9634782671928406, 0.9632608890533447, 0.9624999761581421, 0.9644564986228943, 0.960869550704956, 0.9633695483207703, 0.9638043642044067], "val_loss": [0.46014294028282166, 0.37797418236732483, 0.27338212728500366, 0.21460683643817902, 0.1905244141817093, 0.1645250916481018, 0.15528692305088043, 0.15454083681106567, 0.14316272735595703, 0.14036831259727478, 0.14029744267463684, 0.1454358994960785, 0.13942191004753113, 0.13504065573215485, 0.13356760144233704, 0.13545924425125122, 0.1350211501121521, 0.14192263782024384, 0.1348695158958435, 0.1345960944890976, 0.13688011467456818, 0.1327129453420639, 0.13363966345787048, 0.13210216164588928, 0.13173651695251465, 0.13040068745613098, 0.13517369329929352, 0.13282714784145355, 0.13517992198467255, 0.12971556186676025, 0.13182435929775238, 0.1434178501367569, 0.13166971504688263, 0.13148236274719238, 0.1491878181695938, 0.13069334626197815, 0.13210099935531616, 0.13735099136829376, 0.13077090680599213, 0.13064627349376678, 0.13008075952529907, 0.12928511202335358, 0.13039249181747437, 0.13635912537574768, 0.13502998650074005, 0.12950873374938965, 0.1295521855354309, 0.13186432421207428, 0.1344352513551712, 0.12915217876434326, 0.1309533268213272, 0.1291135847568512, 0.1289314180612564, 0.1308591067790985, 0.1304062455892563, 0.13318131864070892, 0.13107378780841827, 0.12985354661941528, 0.1291550099849701, 0.13593073189258575, 0.12870262563228607, 0.1284039467573166, 0.13712306320667267, 0.12964676320552826, 0.12952105700969696, 0.1297079473733902, 0.1300162822008133, 0.1336243450641632, 0.13732199370861053, 0.13019095361232758, 0.13511857390403748, 0.14258965849876404, 0.1308376044034958, 0.12935970723628998, 0.1284552961587906, 0.13015975058078766, 0.12855909764766693, 0.1289227306842804, 0.12808573246002197, 0.13012975454330444, 0.1321854144334793, 0.12742096185684204, 0.12788929045200348, 0.13357006013393402, 0.1286986917257309, 0.13107696175575256, 0.13137051463127136, 0.12936164438724518, 0.12894493341445923, 0.12962566316127777, 0.12859976291656494, 0.12857210636138916, 0.12692837417125702, 0.15967077016830444, 0.1367381513118744, 0.12737436592578888, 0.1295773833990097, 0.12776924669742584, 0.12949615716934204, 0.12825459241867065],