{"loss": [0.6564126014709473, 0.5976375937461853, 0.5589277744293213, 0.534463107585907, 0.5194453001022339, 0.5106223821640015, 0.50568026304245, 0.503048300743103, 0.5017470121383667, 0.5011528730392456, 0.500887930393219, 0.5007820129394531, 0.5007564425468445, 0.5007359385490417, 0.5007362365722656, 0.5007275342941284, 0.5007380843162537, 0.5007423162460327, 0.5007268190383911, 0.5007454752922058, 0.5007314682006836, 0.5007291436195374, 0.500724196434021, 0.5007466077804565, 0.5007337331771851, 0.5007345080375671, 0.5007311701774597, 0.5000296831130981, 0.4916156232357025, 0.47493645548820496, 0.45433589816093445, 0.4322434961795807, 0.4095745384693146, 0.38688135147094727, 0.36483052372932434, 0.343961238861084, 0.32430729269981384, 0.30610281229019165, 0.28908297419548035, 0.27381810545921326, 0.25972676277160645, 0.2471257746219635, 0.23538941144943237, 0.22504515945911407, 0.21494559943675995, 0.20672693848609924, 0.198931485414505, 0.19180521368980408, 0.1856156289577484, 0.17965984344482422, 0.17446166276931763, 0.16964316368103027, 0.16544963419437408, 0.16147619485855103, 0.1582890897989273, 0.15517063438892365, 0.15196064114570618, 0.14927013218402863, 0.14696399867534637, 0.14514769613742828, 0.14286798238754272, 0.14101289212703705, 0.13966085016727448, 0.13819068670272827, 0.13691486418247223, 0.13523316383361816, 0.1340324580669403, 0.13283292949199677, 0.13192683458328247, 0.13113625347614288, 0.12989729642868042, 0.1293574869632721, 0.12898918986320496, 0.1283421665430069, 0.1273011863231659, 0.12704619765281677, 0.12627576291561127, 0.12568941712379456, 0.12498179823160172, 0.12467820197343826, 0.12396281212568283, 0.12386498600244522, 0.12373694032430649, 0.1227710098028183, 0.1226111650466919, 0.12246230244636536, 0.12231934815645218, 0.12208066135644913, 0.12193115055561066, 0.1212141364812851, 0.1209774911403656, 0.12076444923877716, 0.12040083110332489, 0.12050358951091766, 0.12032212316989899, 0.12007101625204086, 0.12017234414815903, 0.11940150707960129, 0.11959707736968994, 0.11966907978057861], "accuracy": [0.7997826337814331, 0.7997826337814331, 0.7997826337814331, 0.7997826337814331, 0.7997826337814331, 0.7997826337814331, 0.7997826337814331, 0.7997826337814331, 0.7997826337814331, 0.7997826337814331, 0.7997826337814331, 0.7997826337814331, 0.7997826337814331, 0.7997826337814331, 0.7997826337814331, 0.7997826337814331, 0.7997826337814331, 0.7997826337814331, 0.7997826337814331, 0.7997826337814331, 0.7997826337814331, 0.7997826337814331, 0.7997826337814331, 0.7997826337814331, 0.7997826337814331, 0.7997826337814331, 0.7997826337814331, 0.7997826337814331, 0.7997826337814331, 0.7997826337814331, 0.7997826337814331, 0.7997826337814331, 0.7997826337814331, 0.803260862827301, 0.8164130449295044, 0.8381521701812744, 0.8638043403625488, 0.8848913311958313, 0.8981521725654602, 0.9089130163192749, 0.9175000190734863, 0.9236956238746643, 0.9306522011756897, 0.9340217113494873, 0.9390217661857605, 0.9418478012084961, 0.9431521892547607, 0.9455434679985046, 0.9464130401611328, 0.948913037776947, 0.9495652318000793, 0.9517391324043274, 0.9516304135322571, 0.9534782767295837, 0.9541304111480713, 0.9542391300201416, 0.9551087021827698, 0.9558695554733276, 0.9561956524848938, 0.9555434584617615, 0.9558695554733276, 0.9566304087638855, 0.9564130306243896, 0.9571738839149475, 0.9564130306243896, 0.9572826027870178, 0.9577174186706543, 0.9573913216590881, 0.9574999809265137, 0.9583695530891418, 0.9580434560775757, 0.9585869312286377, 0.957608699798584, 0.958152174949646, 0.9577174186706543, 0.9583695530891418, 0.9593478441238403, 0.9591304063796997, 0.958695650100708, 0.9593478441238403, 0.9590217471122742, 0.9591304063796997, 0.9595652222633362, 0.9593478441238403, 0.9595652222633362, 0.9594565033912659, 0.9598913192749023, 0.9598913192749023, 0.9602174162864685, 0.9604347944259644, 0.9596739411354065, 0.960326075553894, 0.9602174162864685, 0.9606521725654602, 0.9606521725654602, 0.9593478441238403, 0.960326075553894, 0.9598913192749023, 0.9611956477165222, 0.9594565033912659], "val_loss": [0.6228340864181519, 0.5748348236083984, 0.5440025925636292, 0.5247564315795898, 0.5132237672805786, 0.5066351294517517, 0.5030165910720825, 0.5010814070701599, 0.5001826882362366, 0.4997492730617523, 0.49955257773399353, 0.49947696924209595, 0.4994555711746216, 0.4994533360004425, 0.49944138526916504, 0.4994385242462158, 0.49943575263023376, 0.4994358718395233, 0.49944233894348145, 0.49944213032722473, 0.4994383156299591, 0.49943792819976807, 0.4994397461414337, 0.49944260716438293, 0.499441921710968, 0.4994368851184845, 0.49943777918815613, 0.49732980132102966, 0.48351743817329407, 0.4643852710723877, 0.4434601962566376, 0.4216577708721161, 0.40064164996147156, 0.3776280879974365, 0.3566604256629944, 0.336940735578537, 0.31867715716362, 0.30154818296432495, 0.2855679988861084, 0.2713063657283783, 0.25800999999046326, 0.2463168501853943, 0.23548908531665802, 0.22595591843128204, 0.21691016852855682, 0.20922385156154633, 0.20127490162849426, 0.1947382390499115, 0.18898773193359375, 0.1841394603252411, 0.17933371663093567, 0.17451202869415283, 0.172429621219635, 0.1673348993062973, 0.1635194718837738, 0.16058029234409332, 0.15818750858306885, 0.1559702754020691, 0.15335558354854584, 0.15138359367847443, 0.14972321689128876, 0.14838628470897675, 0.1464577615261078, 0.1450478434562683, 0.1465989053249359, 0.14265571534633636, 0.1418379694223404, 0.1414112150669098, 0.13967002928256989, 0.13903619349002838, 0.13826055824756622, 0.1374056339263916, 0.13775275647640228, 0.13656866550445557, 0.1363486647605896, 0.1353154480457306, 0.13600754737854004, 0.13431432843208313, 0.1339806169271469, 0.13356636464595795, 0.13441462814807892, 0.1330256164073944, 0.1328383982181549, 0.13260821998119354, 0.13242314755916595, 0.1319609433412552, 0.13250523805618286, 0.1315412074327469, 0.13135099411010742, 0.13135182857513428, 0.13282452523708344, 0.13406765460968018, 0.13442571461200714, 0.1304556280374527, 0.13162685930728912, 0.13007225096225739, 0.1307426244020462, 0.13307137787342072, 0.13052254915237427, 0.130268394947052],