{"loss": [0.48990318179130554, 0.39479535818099976, 0.27108120918273926, 0.19961373507976532, 0.1663198322057724, 0.14882680773735046, 0.1402122527360916, 0.13568976521492004, 0.13116119801998138, 0.13001619279384613, 0.12704989314079285, 0.12518109381198883, 0.12607841193675995, 0.12282589077949524, 0.12400024384260178, 0.12497087568044662, 0.12323308736085892, 0.12231848388910294, 0.1209971010684967, 0.12147727608680725, 0.11982251703739166, 0.12168649584054947, 0.12393797188997269, 0.12416251748800278, 0.11993780732154846, 0.12092248350381851, 0.12015022337436676, 0.11936341971158981, 0.12039315700531006, 0.11932776123285294, 0.12026180326938629, 0.11974475532770157, 0.11970832198858261, 0.12074432522058487, 0.11913355439901352, 0.12027771025896072, 0.11987941712141037, 0.11898080259561539, 0.12019852548837662, 0.11957502365112305, 0.1184549629688263, 0.11877847462892532, 0.11720161885023117, 0.12367187440395355, 0.11730700731277466, 0.11855310946702957, 0.11776840686798096, 0.12017235904932022, 0.11752667278051376, 0.11777712404727936, 0.11948464065790176, 0.11700434237718582, 0.11750582605600357, 0.11681248247623444, 0.11791769415140152, 0.11683712154626846, 0.11576792597770691, 0.11826316267251968, 0.1172894686460495, 0.11904899030923843, 0.1180446445941925, 0.11655349284410477, 0.11656337231397629, 0.11690057814121246, 0.11596056073904037, 0.11677064001560211, 0.11725170910358429, 0.11752810329198837, 0.11717802286148071, 0.11672994494438171, 0.11440929770469666, 0.11605129390954971, 0.11575966328382492, 0.11491505801677704, 0.11549892276525497, 0.11916197091341019, 0.11685304343700409, 0.11567281931638718, 0.11645327508449554, 0.11514025181531906, 0.11664003133773804, 0.116817906498909, 0.11440864950418472, 0.11634884774684906, 0.11493445187807083, 0.11340782791376114, 0.1140153706073761, 0.11403788626194, 0.11566831916570663, 0.11415065824985504, 0.11570017784833908, 0.1149674504995346, 0.11453165858983994, 0.11365444213151932, 0.1151966005563736, 0.11480028182268143, 0.1133708506822586, 0.11530013382434845, 0.11354859918355942, 0.11322476714849472], "accuracy": [0.7997826337814331, 0.8082608580589294, 0.8982608914375305, 0.9360869526863098, 0.9492391347885132, 0.9533695578575134, 0.957065224647522, 0.9563043713569641, 0.957608699798584, 0.9579347968101501, 0.960326075553894, 0.9589130282402039, 0.9584782719612122, 0.9607608914375305, 0.9599999785423279, 0.9594565033912659, 0.9602174162864685, 0.9614130258560181, 0.9616304636001587, 0.9604347944259644, 0.9617391228675842, 0.9602174162864685, 0.9602174162864685, 0.9590217471122742, 0.960869550704956, 0.9609782695770264, 0.9611956477165222, 0.9627174139022827, 0.9607608914375305, 0.9606521725654602, 0.9618478417396545, 0.960869550704956, 0.9618478417396545, 0.9609782695770264, 0.9607608914375305, 0.9613043665885925, 0.9620652198791504, 0.9610869288444519, 0.960869550704956, 0.9621739387512207, 0.9610869288444519, 0.9617391228675842, 0.9631521701812744, 0.9585869312286377, 0.9609782695770264, 0.9621739387512207, 0.9622825980186462, 0.9609782695770264, 0.9626086950302124, 0.9614130258560181, 0.9609782695770264, 0.9627174139022827, 0.9623913168907166, 0.9618478417396545, 0.9617391228675842, 0.9621739387512207, 0.9614130258560181, 0.9619565010070801, 0.9611956477165222, 0.9604347944259644, 0.9620652198791504, 0.9619565010070801, 0.9624999761581421, 0.9618478417396545, 0.9615217447280884, 0.9623913168907166, 0.9632608890533447, 0.9616304636001587, 0.9620652198791504, 0.9626086950302124, 0.9626086950302124, 0.9636956453323364, 0.960869550704956, 0.9632608890533447, 0.9617391228675842, 0.9605434536933899, 0.9615217447280884, 0.9617391228675842, 0.9636956453323364, 0.9616304636001587, 0.9618478417396545, 0.9613043665885925, 0.9630434513092041, 0.9629347920417786, 0.9651086926460266, 0.9631521701812744, 0.9627174139022827, 0.9628260731697083, 0.9634782671928406, 0.9634782671928406, 0.9629347920417786, 0.9619565010070801, 0.9638043642044067, 0.9641304612159729, 0.9628260731697083, 0.9628260731697083, 0.9629347920417786, 0.9632608890533447, 0.9635869860649109, 0.9642391204833984], "val_loss": [0.4511025547981262, 0.33494868874549866, 0.2338045984506607, 0.18375550210475922, 0.16271091997623444, 0.15127748250961304, 0.1435604840517044, 0.14208179712295532, 0.1645256131887436, 0.13564462959766388, 0.1342633068561554, 0.1335253119468689, 0.13288113474845886, 0.13270343840122223, 0.13962261378765106, 0.1327471286058426, 0.13159318268299103, 0.1317722648382187, 0.13126038014888763, 0.13378587365150452, 0.1344410926103592, 0.13142310082912445, 0.131225124001503, 0.13291975855827332, 0.13197894394397736, 0.1328304409980774, 0.13289782404899597, 0.1316690295934677, 0.13248427212238312, 0.1345558613538742, 0.13673652708530426, 0.13320627808570862, 0.13352179527282715, 0.13230609893798828, 0.13171042501926422, 0.13965506851673126, 0.13416002690792084, 0.14048758149147034, 0.1331702172756195, 0.13325414061546326, 0.13366852700710297, 0.13443462550640106, 0.13718004524707794, 0.14285187423229218, 0.13179150223731995, 0.1319572627544403, 0.1334782838821411, 0.13245545327663422, 0.13764704763889313, 0.13897861540317535, 0.13486774265766144, 0.13387171924114227, 0.13190169632434845, 0.13212703168392181, 0.1425675004720688, 0.13148832321166992, 0.14493848383426666, 0.13109153509140015, 0.13109807670116425, 0.13092732429504395, 0.13124699890613556, 0.13095562160015106, 0.13630205392837524, 0.13222241401672363, 0.13932885229587555, 0.1441592276096344, 0.13276450335979462, 0.13061371445655823, 0.13165035843849182, 0.1313951313495636, 0.13273312151432037, 0.1391712874174118, 0.13127928972244263, 0.13371120393276215, 0.13605763018131256, 0.13055598735809326, 0.14179390668869019, 0.13130003213882446, 0.1390991061925888, 0.13358813524246216, 0.13353155553340912, 0.13214446604251862, 0.13071481883525848, 0.14075978100299835, 0.12995977699756622, 0.13081593811511993, 0.13000495731830597, 0.13981176912784576, 0.12931762635707855, 0.14663004875183105, 0.1296665221452713, 0.12938185036182404, 0.13005855679512024, 0.13016526401042938, 0.13079461455345154, 0.12997861206531525, 0.12964500486850739, 0.13044922053813934, 0.13483093678951263, 0.14319750666618347],