{"loss": [0.4914124608039856, 0.44816628098487854, 0.3701974153518677, 0.2830190062522888, 0.22197112441062927, 0.18629661202430725, 0.16573375463485718, 0.15311238169670105, 0.14497588574886322, 0.13963717222213745, 0.1349160522222519, 0.13322390615940094, 0.1310938000679016, 0.12889635562896729, 0.12669962644577026, 0.12742239236831665, 0.1261254996061325, 0.12478891015052795, 0.12479954212903976, 0.12314385175704956, 0.12330647557973862, 0.12481765449047089, 0.12268713861703873, 0.1224009096622467, 0.12260333448648453, 0.12338243424892426, 0.12100555747747421, 0.12013129144906998, 0.11990990489721298, 0.12045817822217941, 0.12104891240596771, 0.12060786038637161, 0.12107928842306137, 0.12176819890737534, 0.12036620825529099, 0.12016245722770691, 0.11916463077068329, 0.11890356987714767, 0.11819902807474136, 0.11912880092859268, 0.11973655223846436, 0.11870641261339188, 0.11901646107435226, 0.1181098073720932, 0.11771659553050995, 0.12026158720254898, 0.11765160411596298, 0.11790906637907028, 0.11989365518093109, 0.11729989945888519, 0.11742093414068222, 0.11701980978250504, 0.11759860068559647, 0.11817950755357742, 0.1177857369184494, 0.11711589246988297, 0.11747772246599197, 0.11696285009384155, 0.11684473603963852, 0.11841185390949249, 0.11860322207212448, 0.11779080331325531, 0.11718354374170303, 0.11806906014680862, 0.11799687892198563, 0.11725371330976486, 0.11650552600622177, 0.11860782653093338, 0.11617442220449448, 0.11607066541910172, 0.11727646738290787, 0.11762477457523346, 0.11754587292671204, 0.11676300317049026, 0.11557924002408981, 0.11599752306938171, 0.11689155548810959, 0.11641961336135864, 0.11588572710752487, 0.11695090681314468, 0.11643438041210175, 0.11649429798126221, 0.11769498139619827, 0.11611318588256836, 0.11726909130811691, 0.11688687652349472, 0.11643947660923004, 0.11752980202436447, 0.11844862252473831, 0.11584428697824478, 0.11460616439580917, 0.11473770439624786, 0.11621703952550888, 0.11635713279247284, 0.11594812572002411, 0.11648454517126083, 0.11568882316350937, 0.1160413920879364, 0.11685622483491898, 0.11575526744127274], "accuracy": [0.7997826337814331, 0.7997826337814331, 0.8144565224647522, 0.8878260850906372, 0.9278261065483093, 0.9443477988243103, 0.9508695602416992, 0.9524999856948853, 0.9560869336128235, 0.9554347991943359, 0.9564130306243896, 0.9580434560775757, 0.9579347968101501, 0.9569565057754517, 0.9589130282402039, 0.9598913192749023, 0.9595652222633362, 0.9598913192749023, 0.95923912525177, 0.9599999785423279, 0.9609782695770264, 0.9579347968101501, 0.960869550704956, 0.9613043665885925, 0.960869550704956, 0.9582608938217163, 0.9620652198791504, 0.9606521725654602, 0.9618478417396545, 0.960869550704956, 0.9601086974143982, 0.9615217447280884, 0.9619565010070801, 0.9602174162864685, 0.9611956477165222, 0.9617391228675842, 0.9627174139022827, 0.9633695483207703, 0.9619565010070801, 0.9622825980186462, 0.9615217447280884, 0.9622825980186462, 0.9607608914375305, 0.9623913168907166, 0.9617391228675842, 0.9616304636001587, 0.9622825980186462, 0.9626086950302124, 0.9618478417396545, 0.9627174139022827, 0.9611956477165222, 0.9627174139022827, 0.9623913168907166, 0.9609782695770264, 0.9617391228675842, 0.9623913168907166, 0.9626086950302124, 0.9633695483207703, 0.9629347920417786, 0.9628260731697083, 0.9615217447280884, 0.9620652198791504, 0.9620652198791504, 0.9624999761581421, 0.9615217447280884, 0.9620652198791504, 0.9633695483207703, 0.9596739411354065, 0.9633695483207703, 0.9633695483207703, 0.9614130258560181, 0.9618478417396545, 0.9616304636001587, 0.9614130258560181, 0.9619565010070801, 0.9631521701812744, 0.9629347920417786, 0.9624999761581421, 0.9631521701812744, 0.9623913168907166, 0.9626086950302124, 0.9629347920417786, 0.9621739387512207, 0.9622825980186462, 0.960869550704956, 0.9623913168907166, 0.9627174139022827, 0.9617391228675842, 0.9614130258560181, 0.9628260731697083, 0.9631521701812744, 0.9640217423439026, 0.9623913168907166, 0.9624999761581421, 0.9623913168907166, 0.9628260731697083, 0.9615217447280884, 0.9627174139022827, 0.9617391228675842, 0.9632608890533447], "val_loss": [0.47362181544303894, 0.4203958809375763, 0.3270435035228729, 0.25067856907844543, 0.2086476981639862, 0.18480026721954346, 0.16709649562835693, 0.17009544372558594, 0.15043793618679047, 0.1485210508108139, 0.14398443698883057, 0.13964854180812836, 0.13999341428279877, 0.1383587270975113, 0.13653381168842316, 0.13517263531684875, 0.13861174881458282, 0.13433514535427094, 0.1353960633277893, 0.13369156420230865, 0.13501617312431335, 0.1330317258834839, 0.13791492581367493, 0.13311012089252472, 0.13806621730327606, 0.13220123946666718, 0.13308782875537872, 0.1329234540462494, 0.1347678303718567, 0.1379106193780899, 0.13195107877254486, 0.14038079977035522, 0.1340560019016266, 0.13780423998832703, 0.13369305431842804, 0.13158687949180603, 0.13943243026733398, 0.13129742443561554, 0.1312703639268875, 0.13205574452877045, 0.13060428202152252, 0.1297810971736908, 0.13600441813468933, 0.13176919519901276, 0.13208453357219696, 0.1358218640089035, 0.13131433725357056, 0.1423109620809555, 0.1327475607395172, 0.13242998719215393, 0.1346733421087265, 0.1300940364599228, 0.14003580808639526, 0.1347912847995758, 0.13083724677562714, 0.1308857649564743, 0.13106919825077057, 0.13012592494487762, 0.13052448630332947, 0.13026723265647888, 0.13470934331417084, 0.13087235391139984, 0.1493445336818695, 0.13054311275482178, 0.14090372622013092, 0.1297282725572586, 0.13247522711753845, 0.12975665926933289, 0.1311536580324173, 0.14294642210006714, 0.14133161306381226, 0.13156427443027496, 0.13131894171237946, 0.13150928914546967, 0.13380755484104156, 0.1335822492837906, 0.13183502852916718, 0.130895733833313, 0.13215163350105286, 0.13058440387248993, 0.13207806646823883, 0.13690835237503052, 0.13157062232494354, 0.14227621257305145, 0.12905371189117432, 0.14040429890155792, 0.15256908535957336, 0.12940286099910736, 0.13417227566242218, 0.13004648685455322, 0.12917853891849518, 0.13728827238082886, 0.12981922924518585, 0.13668471574783325, 0.1301969438791275, 0.12940676510334015, 0.13348518311977386, 0.1312393844127655, 0.1296836882829666, 0.13101428747177124],