{"loss": [0.47661080956459045, 0.34502285718917847, 0.2216213494539261, 0.17154541611671448, 0.14969566464424133, 0.1433728188276291, 0.13811680674552917, 0.1332705020904541, 0.12826643884181976, 0.12841598689556122, 0.12880545854568481, 0.12724149227142334, 0.1252279430627823, 0.12365957349538803, 0.12427850067615509, 0.12517645955085754, 0.12445022165775299, 0.12248711287975311, 0.12248245626688004, 0.12683038413524628, 0.1233154684305191, 0.12223251909017563, 0.12074704468250275, 0.1215662807226181, 0.12038732320070267, 0.12056653946638107, 0.12190800160169601, 0.12236151844263077, 0.12159868329763412, 0.12149516493082047, 0.12091659009456635, 0.11943487823009491, 0.12079628556966782, 0.12289740890264511, 0.1190105676651001, 0.1203412264585495, 0.1195080429315567, 0.12040101736783981, 0.12049123644828796, 0.11999267339706421, 0.11752726882696152, 0.11964594572782516, 0.11836747080087662, 0.11937717348337173, 0.12132003158330917, 0.12041833996772766, 0.11854629963636398, 0.11774776130914688, 0.11761080473661423, 0.11810684949159622, 0.11920387297868729, 0.1183106005191803, 0.11964299529790878, 0.12007370591163635, 0.11967852711677551, 0.11800848692655563, 0.11849790066480637, 0.11619282513856888, 0.11775260418653488, 0.12052791565656662, 0.11778564751148224, 0.1173095703125, 0.12033167481422424, 0.11882191896438599, 0.11712503433227539, 0.11884637176990509, 0.11898577958345413, 0.11589156091213226, 0.11906037479639053, 0.11792399734258652, 0.11676207184791565, 0.11843857169151306, 0.11531908065080643, 0.1175650805234909, 0.11541713774204254, 0.11786884814500809, 0.11614589393138885, 0.11449822783470154, 0.11684790253639221, 0.11627047508955002, 0.11733431369066238, 0.11562155187129974, 0.11608507484197617, 0.11624862998723984, 0.11597082763910294, 0.11604071408510208, 0.11576644331216812, 0.11631589382886887, 0.11487800627946854, 0.11746003478765488, 0.11546456813812256, 0.11395493149757385, 0.11343642324209213, 0.11715159565210342, 0.11670482903718948, 0.11518560349941254, 0.1142951250076294, 0.11942867189645767, 0.11484850198030472, 0.11479338258504868], "accuracy": [0.7997826337814331, 0.8397825956344604, 0.9297826290130615, 0.9471738934516907, 0.9540217518806458, 0.9541304111480713, 0.9560869336128235, 0.9585869312286377, 0.9583695530891418, 0.9591304063796997, 0.9582608938217163, 0.9584782719612122, 0.9591304063796997, 0.9606521725654602, 0.9609782695770264, 0.9601086974143982, 0.9609782695770264, 0.9613043665885925, 0.9613043665885925, 0.9590217471122742, 0.9610869288444519, 0.95923912525177, 0.960869550704956, 0.960869550704956, 0.9617391228675842, 0.9614130258560181, 0.960869550704956, 0.9610869288444519, 0.9611956477165222, 0.9596739411354065, 0.9616304636001587, 0.9618478417396545, 0.9609782695770264, 0.9602174162864685, 0.9629347920417786, 0.9621739387512207, 0.9619565010070801, 0.9611956477165222, 0.9623913168907166, 0.9615217447280884, 0.9619565010070801, 0.9613043665885925, 0.960326075553894, 0.9622825980186462, 0.9622825980186462, 0.9602174162864685, 0.9627174139022827, 0.9632608890533447, 0.9630434513092041, 0.9622825980186462, 0.9615217447280884, 0.9620652198791504, 0.9626086950302124, 0.9622825980186462, 0.9623913168907166, 0.9621739387512207, 0.9621739387512207, 0.9621739387512207, 0.9627174139022827, 0.9620652198791504, 0.9628260731697083, 0.9624999761581421, 0.9604347944259644, 0.9620652198791504, 0.9628260731697083, 0.9626086950302124, 0.9629347920417786, 0.9621739387512207, 0.9627174139022827, 0.9628260731697083, 0.9631521701812744, 0.9594565033912659, 0.9634782671928406, 0.9628260731697083, 0.9628260731697083, 0.9632608890533447, 0.9629347920417786, 0.9626086950302124, 0.9623913168907166, 0.9628260731697083, 0.9624999761581421, 0.9635869860649109, 0.9633695483207703, 0.9621739387512207, 0.9630434513092041, 0.9639130234718323, 0.9626086950302124, 0.9629347920417786, 0.9640217423439026, 0.9609782695770264, 0.9641304612159729, 0.9632608890533447, 0.9628260731697083, 0.9614130258560181, 0.9621739387512207, 0.9627174139022827, 0.9644564986228943, 0.9604347944259644, 0.9620652198791504, 0.9633695483207703], "val_loss": [0.424166202545166, 0.27270635962486267, 0.19588592648506165, 0.16360130906105042, 0.1506083905696869, 0.14391495287418365, 0.1498212367296219, 0.13762392103672028, 0.13723069429397583, 0.13890080153942108, 0.1471039056777954, 0.1355123221874237, 0.13318999111652374, 0.13369284570217133, 0.1378059685230255, 0.14284051954746246, 0.13916794955730438, 0.1611965447664261, 0.13256825506687164, 0.13726675510406494, 0.14016872644424438, 0.13206349313259125, 0.1333252638578415, 0.13183751702308655, 0.13298261165618896, 0.13084068894386292, 0.13346154987812042, 0.14894945919513702, 0.1380845457315445, 0.15032564103603363, 0.14194263517856598, 0.13711285591125488, 0.1324138194322586, 0.14603003859519958, 0.13255926966667175, 0.13405615091323853, 0.1316940039396286, 0.1324414759874344, 0.13401634991168976, 0.13361594080924988, 0.130754292011261, 0.13183413445949554, 0.13043677806854248, 0.1308312714099884, 0.14257465302944183, 0.13194699585437775, 0.13287696242332458, 0.13230931758880615, 0.13132622838020325, 0.13262785971164703, 0.1373560130596161, 0.13338598608970642, 0.13563860952854156, 0.1325499415397644, 0.15639200806617737, 0.1370677947998047, 0.13004040718078613, 0.13083215057849884, 0.13150528073310852, 0.13033577799797058, 0.12889717519283295, 0.1374908983707428, 0.13194847106933594, 0.1307700276374817, 0.13043485581874847, 0.14080595970153809, 0.12829533219337463, 0.1312955617904663, 0.13698817789554596, 0.13194826245307922, 0.13206718862056732, 0.1458868384361267, 0.12957647442817688, 0.14437547326087952, 0.13466638326644897, 0.13030752539634705, 0.1371881514787674, 0.12938307225704193, 0.13075359165668488, 0.13787487149238586, 0.1308056265115738, 0.12850400805473328, 0.1345035582780838, 0.1275048851966858, 0.12659011781215668, 0.12890619039535522, 0.13281381130218506, 0.12611277401447296, 0.13253718614578247, 0.1346302330493927, 0.12856794893741608, 0.12788742780685425, 0.13386932015419006, 0.1277807354927063, 0.12811431288719177, 0.12590640783309937, 0.13254113495349884, 0.12802782654762268, 0.12828686833381653, 0.12871508300304413],