{"loss": [0.4956408739089966, 0.4256775379180908, 0.3230516314506531, 0.23772704601287842, 0.18965958058834076, 0.16611897945404053, 0.15205025672912598, 0.14370009303092957, 0.13744844496250153, 0.13580161333084106, 0.1309659332036972, 0.12823981046676636, 0.1264297217130661, 0.12615224719047546, 0.12542608380317688, 0.12486107647418976, 0.12413088232278824, 0.12261080741882324, 0.12249124050140381, 0.1231158971786499, 0.1224370002746582, 0.12102413177490234, 0.12138893455266953, 0.12065012753009796, 0.12222962826490402, 0.12092848867177963, 0.12192755937576294, 0.12160217016935349, 0.12103427946567535, 0.11908160895109177, 0.1219579428434372, 0.11969874054193497, 0.11931607127189636, 0.12000327557325363, 0.12074729800224304, 0.11894622445106506, 0.11917822808027267, 0.11966826021671295, 0.12048390507698059, 0.11893265694379807, 0.11914025247097015, 0.12026514112949371, 0.11829588562250137, 0.11793079227209091, 0.11933711916208267, 0.11796027421951294, 0.11802138388156891, 0.11763763427734375, 0.1173708438873291, 0.11766937375068665, 0.11872619390487671, 0.11688239127397537, 0.11846721172332764, 0.11974083632230759, 0.11838503926992416, 0.11624400317668915, 0.1176086813211441, 0.11859042197465897, 0.11639463901519775, 0.11899539083242416, 0.11919017136096954, 0.11760949343442917, 0.11856665462255478, 0.11856060475111008, 0.11662421375513077, 0.11541352421045303, 0.11739269644021988, 0.11701013892889023, 0.11627141386270523, 0.11827576905488968, 0.11637336760759354, 0.11631601303815842, 0.11562604457139969, 0.11718986183404922, 0.11617180705070496, 0.11390183120965958, 0.11605750024318695, 0.11873557418584824, 0.11559692025184631, 0.11723208427429199, 0.11457155644893646, 0.11592863500118256, 0.11570620536804199, 0.1143907755613327, 0.11664839833974838, 0.11671682447195053, 0.11604480445384979, 0.11442577838897705, 0.11430276930332184, 0.11423305422067642, 0.11567677557468414, 0.1161591112613678, 0.11757674813270569, 0.11529561877250671, 0.11509045213460922, 0.1152072548866272, 0.11484143882989883, 0.1140211969614029, 0.11522523313760757, 0.11576180160045624], "accuracy": [0.79076087474823, 0.8001086711883545, 0.852717399597168, 0.9202173948287964, 0.9424999952316284, 0.9497826099395752, 0.9531521797180176, 0.9552174210548401, 0.9567391276359558, 0.955978274345398, 0.9590217471122742, 0.9585869312286377, 0.9590217471122742, 0.9584782719612122, 0.9595652222633362, 0.9596739411354065, 0.9595652222633362, 0.9606521725654602, 0.9611956477165222, 0.960326075553894, 0.9605434536933899, 0.9621739387512207, 0.9605434536933899, 0.9624999761581421, 0.9601086974143982, 0.9602174162864685, 0.9602174162864685, 0.9619565010070801, 0.9594565033912659, 0.960326075553894, 0.9609782695770264, 0.9621739387512207, 0.9618478417396545, 0.9593478441238403, 0.9615217447280884, 0.9626086950302124, 0.9618478417396545, 0.9617391228675842, 0.9596739411354065, 0.9629347920417786, 0.9623913168907166, 0.9609782695770264, 0.9622825980186462, 0.9609782695770264, 0.9622825980186462, 0.9613043665885925, 0.9626086950302124, 0.9614130258560181, 0.9623913168907166, 0.9616304636001587, 0.9631521701812744, 0.9626086950302124, 0.9613043665885925, 0.9605434536933899, 0.9617391228675842, 0.9629347920417786, 0.9629347920417786, 0.9626086950302124, 0.9616304636001587, 0.9618478417396545, 0.9610869288444519, 0.9621739387512207, 0.9622825980186462, 0.9620652198791504, 0.960869550704956, 0.9629347920417786, 0.9616304636001587, 0.9607608914375305, 0.9626086950302124, 0.9616304636001587, 0.9621739387512207, 0.9626086950302124, 0.9629347920417786, 0.9622825980186462, 0.9624999761581421, 0.9638043642044067, 0.9620652198791504, 0.9604347944259644, 0.9629347920417786, 0.9613043665885925, 0.9627174139022827, 0.9635869860649109, 0.9621739387512207, 0.9629347920417786, 0.9623913168907166, 0.9623913168907166, 0.9621739387512207, 0.9618478417396545, 0.9635869860649109, 0.9634782671928406, 0.9633695483207703, 0.9627174139022827, 0.9628260731697083, 0.9621739387512207, 0.9624999761581421, 0.9630434513092041, 0.9633695483207703, 0.9624999761581421, 0.9633695483207703, 0.9626086950302124], "val_loss": [0.46405863761901855, 0.37822720408439636, 0.2778836488723755, 0.2154301553964615, 0.18082013726234436, 0.1639857143163681, 0.15813657641410828, 0.1495908945798874, 0.14258840680122375, 0.140235036611557, 0.13754574954509735, 0.13589702546596527, 0.13460786640644073, 0.1378546953201294, 0.14548030495643616, 0.1378522366285324, 0.13281191885471344, 0.13275964558124542, 0.13206280767917633, 0.13534747064113617, 0.1319674253463745, 0.13246729969978333, 0.13313128054141998, 0.1330048143863678, 0.13277311623096466, 0.13691148161888123, 0.1347014307975769, 0.1316208839416504, 0.1318950206041336, 0.13235247135162354, 0.13133545219898224, 0.13144728541374207, 0.1370241940021515, 0.13548050820827484, 0.13200148940086365, 0.13159486651420593, 0.13502341508865356, 0.13294270634651184, 0.1335107982158661, 0.13164322078227997, 0.13238005340099335, 0.13214385509490967, 0.13435690104961395, 0.13257946074008942, 0.1320778876543045, 0.13344985246658325, 0.13284797966480255, 0.13791975378990173, 0.1323203295469284, 0.13808569312095642, 0.13347476720809937, 0.13156037032604218, 0.1328190267086029, 0.13179245591163635, 0.13210120797157288, 0.13680621981620789, 0.13237151503562927, 0.1324959695339203, 0.1329270601272583, 0.13141150772571564, 0.13598181307315826, 0.13752956688404083, 0.1313268542289734, 0.15270039439201355, 0.13762244582176208, 0.13179650902748108, 0.13238434493541718, 0.13295109570026398, 0.1313028186559677, 0.1308717131614685, 0.13749445974826813, 0.1316920965909958, 0.1443067342042923, 0.14177736639976501, 0.13135917484760284, 0.13324066996574402, 0.13287921249866486, 0.1319602131843567, 0.13197357952594757, 0.13353346288204193, 0.13115166127681732, 0.13156339526176453, 0.13396234810352325, 0.1541401594877243, 0.13162562251091003, 0.1331258863210678, 0.13160955905914307, 0.13236160576343536, 0.1395426094532013, 0.13420048356056213, 0.1320275068283081, 0.13068923354148865, 0.13115867972373962, 0.1297534853219986, 0.12985920906066895, 0.13261747360229492, 0.12983202934265137, 0.12961634993553162, 0.13269206881523132, 0.13542540371418],