{"loss": [0.49272269010543823, 0.39454397559165955, 0.26594051718711853, 0.19244258105754852, 0.16170907020568848, 0.1486118584871292, 0.14032596349716187, 0.13386452198028564, 0.131978377699852, 0.12880142033100128, 0.12895391881465912, 0.12534663081169128, 0.12703607976436615, 0.12576419115066528, 0.1258431226015091, 0.12365994602441788, 0.12418624013662338, 0.12395389378070831, 0.1230640858411789, 0.1231374442577362, 0.12154857069253922, 0.12413503974676132, 0.12139413505792618, 0.12134439498186111, 0.1207229495048523, 0.12224292010068893, 0.12214811891317368, 0.12377548962831497, 0.1219826340675354, 0.1224011778831482, 0.12289014458656311, 0.12064243853092194, 0.11966528743505478, 0.12041238695383072, 0.12302171438932419, 0.12097467482089996, 0.11829441040754318, 0.1191089004278183, 0.12140385806560516, 0.12109766155481339, 0.11925956606864929, 0.11975578218698502, 0.12328414618968964, 0.11880666762590408, 0.11688412725925446, 0.12159992009401321, 0.12248969078063965, 0.11993706971406937, 0.11992708593606949, 0.11917627602815628, 0.11822215467691422, 0.12010466307401657, 0.11804886162281036, 0.1196696013212204, 0.11848951131105423, 0.11892703175544739, 0.11816585063934326, 0.11970436573028564, 0.11868433654308319, 0.11766698211431503, 0.1181204617023468, 0.11921568214893341, 0.11680319160223007, 0.1167856901884079, 0.11948433518409729, 0.11714526265859604, 0.11636325716972351, 0.11792486906051636, 0.11716584861278534, 0.11720940470695496, 0.1192721277475357, 0.1171998679637909, 0.11851878464221954, 0.117932990193367, 0.11642815917730331, 0.11634014546871185, 0.11633487790822983, 0.11679717898368835, 0.11480651795864105, 0.11644238233566284, 0.1162734180688858, 0.11592221260070801, 0.11637052893638611, 0.1158466637134552, 0.11869776248931885, 0.11571411043405533, 0.11736705154180527, 0.11541543900966644, 0.11422870308160782, 0.1158440113067627, 0.11505644768476486, 0.114320769906044, 0.11435610800981522, 0.11537837982177734, 0.11471173167228699, 0.11533063650131226, 0.11734574288129807, 0.11598766595125198, 0.1166641116142273, 0.11482302099466324], "accuracy": [0.792934775352478, 0.8098912835121155, 0.9016304612159729, 0.9418478012084961, 0.9501087069511414, 0.9532608985900879, 0.9553260803222656, 0.9578260779380798, 0.9584782719612122, 0.9573913216590881, 0.9598913192749023, 0.959782600402832, 0.9601086974143982, 0.9599999785423279, 0.9585869312286377, 0.9605434536933899, 0.9602174162864685, 0.9607608914375305, 0.9615217447280884, 0.9598913192749023, 0.9617391228675842, 0.960869550704956, 0.9619565010070801, 0.9607608914375305, 0.9624999761581421, 0.9614130258560181, 0.9605434536933899, 0.9611956477165222, 0.9606521725654602, 0.9605434536933899, 0.9598913192749023, 0.9621739387512207, 0.9607608914375305, 0.9619565010070801, 0.9601086974143982, 0.9621739387512207, 0.9628260731697083, 0.9611956477165222, 0.9616304636001587, 0.9615217447280884, 0.9621739387512207, 0.9607608914375305, 0.9621739387512207, 0.9615217447280884, 0.9626086950302124, 0.9611956477165222, 0.9611956477165222, 0.9606521725654602, 0.9615217447280884, 0.9613043665885925, 0.9621739387512207, 0.9610869288444519, 0.9619565010070801, 0.9614130258560181, 0.9620652198791504, 0.9613043665885925, 0.9619565010070801, 0.9607608914375305, 0.960869550704956, 0.9624999761581421, 0.9632608890533447, 0.9610869288444519, 0.9622825980186462, 0.9614130258560181, 0.9631521701812744, 0.9630434513092041, 0.9626086950302124, 0.9619565010070801, 0.9607608914375305, 0.9624999761581421, 0.9621739387512207, 0.9632608890533447, 0.9616304636001587, 0.9614130258560181, 0.9633695483207703, 0.9627174139022827, 0.9630434513092041, 0.9610869288444519, 0.9631521701812744, 0.9627174139022827, 0.9630434513092041, 0.9614130258560181, 0.9623913168907166, 0.9630434513092041, 0.9623913168907166, 0.9623913168907166, 0.9617391228675842, 0.9627174139022827, 0.9634782671928406, 0.9624999761581421, 0.9631521701812744, 0.9634782671928406, 0.9630434513092041, 0.9624999761581421, 0.9630434513092041, 0.9633695483207703, 0.9620652198791504, 0.9626086950302124, 0.9628260731697083, 0.9654347896575928], "val_loss": [0.45477890968322754, 0.3258154094219208, 0.22566547989845276, 0.17927677929401398, 0.15948955714702606, 0.15040722489356995, 0.157080739736557, 0.1443440169095993, 0.13747993111610413, 0.13621656596660614, 0.14599114656448364, 0.14135073125362396, 0.1408260464668274, 0.1335679292678833, 0.13553351163864136, 0.13688214123249054, 0.1324939876794815, 0.14725156128406525, 0.1362239122390747, 0.13791991770267487, 0.13237378001213074, 0.13228994607925415, 0.13288897275924683, 0.13078108429908752, 0.13192106783390045, 0.1323218047618866, 0.13061296939849854, 0.13658607006072998, 0.1325039118528366, 0.13110513985157013, 0.13210853934288025, 0.13225224614143372, 0.16255636513233185, 0.13668006658554077, 0.13046780228614807, 0.1318359225988388, 0.13292039930820465, 0.1314726322889328, 0.13354414701461792, 0.13392236828804016, 0.13108043372631073, 0.13753533363342285, 0.13037049770355225, 0.13096393644809723, 0.14499443769454956, 0.13185691833496094, 0.1326770782470703, 0.14024248719215393, 0.13836203515529633, 0.13244187831878662, 0.13195626437664032, 0.13234356045722961, 0.13397561013698578, 0.1317494511604309, 0.13070940971374512, 0.1334412842988968, 0.13135477900505066, 0.12951910495758057, 0.15019579231739044, 0.12908495962619781, 0.13178420066833496, 0.12896417081356049, 0.13615292310714722, 0.13375592231750488, 0.1320311725139618, 0.1314467042684555, 0.1299603134393692, 0.13091325759887695, 0.14134307205677032, 0.15055613219738007, 0.13157004117965698, 0.13458429276943207, 0.12976767122745514, 0.13451704382896423, 0.14659801125526428, 0.13074959814548492, 0.13195624947547913, 0.1297982633113861, 0.13096611201763153, 0.13991095125675201, 0.13999950885772705, 0.17407609522342682, 0.1287480592727661, 0.13351407647132874, 0.12812396883964539, 0.13199719786643982, 0.1335057020187378, 0.13134774565696716, 0.12718966603279114, 0.13407331705093384, 0.1356997936964035, 0.12842205166816711, 0.12784230709075928, 0.12780353426933289, 0.13046380877494812, 0.12943905591964722, 0.13918450474739075, 0.12902520596981049, 0.1293170303106308, 0.12743858993053436],