{"loss": [0.4909071922302246, 0.42846864461898804, 0.32176434993743896, 0.2349463403224945, 0.18716385960578918, 0.16414816677570343, 0.14987331628799438, 0.14176157116889954, 0.13653352856636047, 0.13537761569023132, 0.13059686124324799, 0.12782344222068787, 0.12767241895198822, 0.12590262293815613, 0.12498382478952408, 0.12451092153787613, 0.12447953224182129, 0.12275920063257217, 0.12158447504043579, 0.12271901220083237, 0.12353887408971786, 0.12313725054264069, 0.12209726125001907, 0.1207079291343689, 0.12055893242359161, 0.12058424204587936, 0.12037459760904312, 0.12188797444105148, 0.12061557918787003, 0.11955949664115906, 0.11906516551971436, 0.12046749144792557, 0.11917342245578766, 0.11950378119945526, 0.11871859431266785, 0.11892778426408768, 0.11852201819419861, 0.11954409629106522, 0.11879735440015793, 0.11882197111845016, 0.11836489289999008, 0.11809014528989792, 0.11763223260641098, 0.1182650774717331, 0.11796214431524277, 0.11831918358802795, 0.11729303747415543, 0.11799298971891403, 0.11690846085548401, 0.11654896289110184, 0.11763094365596771, 0.1187594085931778, 0.1174820214509964, 0.11902467161417007, 0.11791414022445679, 0.11623678356409073, 0.1174023300409317, 0.11751998215913773, 0.11871165037155151, 0.11803769320249557, 0.117050901055336, 0.11716262251138687, 0.11649879813194275, 0.1164366602897644, 0.11747176200151443, 0.1155291497707367, 0.12167910486459732, 0.11713344603776932, 0.11778028309345245, 0.11743811517953873, 0.11759217828512192, 0.11672448366880417, 0.11527789384126663, 0.11720408499240875, 0.11671587079763412, 0.11772327125072479, 0.11538688093423843, 0.1166711151599884, 0.11770056933164597, 0.11611119657754898, 0.11508399993181229, 0.1167997270822525, 0.11678842455148697, 0.11599882692098618, 0.11593673378229141, 0.11484665423631668, 0.11579728871583939, 0.11540304124355316, 0.11441995203495026, 0.11410301923751831, 0.11498592048883438, 0.11414877325296402, 0.11825566738843918, 0.11507797986268997, 0.11435265839099884, 0.11492311209440231, 0.11586826294660568, 0.11533420532941818, 0.11324729770421982, 0.1147574782371521], "accuracy": [0.7997826337814331, 0.8002173900604248, 0.85326087474823, 0.9220651984214783, 0.9418478012084961, 0.9496738910675049, 0.9533695578575134, 0.9569565057754517, 0.9573913216590881, 0.9577174186706543, 0.9579347968101501, 0.9593478441238403, 0.9588043689727783, 0.9599999785423279, 0.9590217471122742, 0.9590217471122742, 0.9601086974143982, 0.9599999785423279, 0.9614130258560181, 0.9596739411354065, 0.960869550704956, 0.9598913192749023, 0.9595652222633362, 0.9617391228675842, 0.9613043665885925, 0.9602174162864685, 0.9620652198791504, 0.9605434536933899, 0.95923912525177, 0.9611956477165222, 0.9621739387512207, 0.9617391228675842, 0.960869550704956, 0.9607608914375305, 0.9613043665885925, 0.9624999761581421, 0.9616304636001587, 0.9619565010070801, 0.9615217447280884, 0.9614130258560181, 0.9621739387512207, 0.9627174139022827, 0.9621739387512207, 0.9618478417396545, 0.9610869288444519, 0.9624999761581421, 0.9618478417396545, 0.9616304636001587, 0.9631521701812744, 0.9619565010070801, 0.9628260731697083, 0.9617391228675842, 0.9619565010070801, 0.9619565010070801, 0.9620652198791504, 0.9621739387512207, 0.9628260731697083, 0.9623913168907166, 0.9617391228675842, 0.9615217447280884, 0.9617391228675842, 0.9628260731697083, 0.9624999761581421, 0.9628260731697083, 0.9626086950302124, 0.9622825980186462, 0.9582608938217163, 0.9631521701812744, 0.9617391228675842, 0.9623913168907166, 0.9610869288444519, 0.9627174139022827, 0.9632608890533447, 0.9624999761581421, 0.9630434513092041, 0.9626086950302124, 0.9624999761581421, 0.9628260731697083, 0.9618478417396545, 0.9623913168907166, 0.9627174139022827, 0.9616304636001587, 0.9623913168907166, 0.9613043665885925, 0.9629347920417786, 0.9627174139022827, 0.9628260731697083, 0.9621739387512207, 0.9616304636001587, 0.9616304636001587, 0.9627174139022827, 0.9631521701812744, 0.9638043642044067, 0.9630434513092041, 0.9642391204833984, 0.9632608890533447, 0.9620652198791504, 0.9626086950302124, 0.9642391204833984, 0.9617391228675842], "val_loss": [0.46848541498184204, 0.3786894977092743, 0.2749612331390381, 0.21310925483703613, 0.17927135527133942, 0.16318576037883759, 0.15230102837085724, 0.14594630897045135, 0.1414966583251953, 0.1436217874288559, 0.13975700736045837, 0.1355607807636261, 0.13544149696826935, 0.1338244080543518, 0.13718768954277039, 0.13820810616016388, 0.1455772966146469, 0.1319839060306549, 0.13171951472759247, 0.1331467628479004, 0.13278138637542725, 0.13963757455348969, 0.13117489218711853, 0.13258132338523865, 0.1308642029762268, 0.13224941492080688, 0.14192193746566772, 0.1350732147693634, 0.13581207394599915, 0.1323745995759964, 0.13041934370994568, 0.1307133436203003, 0.13609938323497772, 0.13562928140163422, 0.1315375417470932, 0.13028690218925476, 0.13049261271953583, 0.13024474680423737, 0.13231979310512543, 0.13899123668670654, 0.1316988617181778, 0.13066241145133972, 0.13600067794322968, 0.1301201730966568, 0.13647767901420593, 0.1303563416004181, 0.13097433745861053, 0.13462167978286743, 0.140263170003891, 0.13936543464660645, 0.1355440765619278, 0.13333529233932495, 0.13257697224617004, 0.13019467890262604, 0.1309717297554016, 0.13734358549118042, 0.131083682179451, 0.13042254745960236, 0.14212171733379364, 0.13084925711154938, 0.13308249413967133, 0.13094265758991241, 0.12974633276462555, 0.13045673072338104, 0.13791368901729584, 0.1371394395828247, 0.14057913422584534, 0.13075371086597443, 0.13425680994987488, 0.1289440244436264, 0.13403896987438202, 0.14077173173427582, 0.1315254420042038, 0.13157139718532562, 0.13130739331245422, 0.12931598722934723, 0.1329587996006012, 0.14661762118339539, 0.129081591963768, 0.1290833055973053, 0.13634055852890015, 0.12904039025306702, 0.1301729381084442, 0.1319924145936966, 0.13153457641601562, 0.15443240106105804, 0.13080543279647827, 0.12861593067646027, 0.139125794172287, 0.13037055730819702, 0.12969684600830078, 0.1355798840522766, 0.1296738088130951, 0.1338547319173813, 0.13062016665935516, 0.12887078523635864, 0.13332131505012512, 0.12925061583518982, 0.13695472478866577, 0.13038593530654907],